:020000040800F2
:1000000000CA0024992E0008B5DD0108852E0008DD
:10001000852E0008852E0008852E000800000000AF
:10002000000000000000000000000000592F000840
:10003000852E000800000000F92E00080D5F000862
:10004000D5300008D5300008D5300008D53000087C
:10005000D5300008D5300008D5300008D53000086C
:10006000D5300008D5300008D5300008D53000085C
:10007000D5300008D5300008D5300008D53000084C
:10008000D5300008D5300008D5300008D53000083C
:10009000D5300008D5300008D5300008D53000082C
:1000A000D5300008D5300008D5300008D53000081C
:1000B000D5300008D5300008D5300008D53000080C
:1000C000D5300008D5300008D5300008D5300008FC
:1000D000D5300008D5300008D5300008D5300008EC
:1000E000D5300008D5300008D5300008D5300008DC
:1000F000D5300008D5300008D5300008D5300008CC
:10010000D5300008D5300008D5300008D5300008BB
:10011000D5300008D5300008D5300008D5300008AB
:10012000D5300008D5300008D5300008D53000089B
:10013000D5300008D5300008D5300008D53000088B
:10014000D5300008D5300008D5300008D53000087B
:10015000D5300008D5300008D5300008D53000086B
:10016000D5300008D5300008D5300008D53000085B
:10017000D5300008D5300008D5300008D53000084B
:10018000D5300008D5300008D5300008D53000083B
:10019000D5300008D5300008D5300008D53000082B
:1001A000D5300008D5300008D5300008D53000081B
:1001B000D5300008D5300008D5300008D53000080B
:1001C000D5300008D5300008D5300008D5300008FB
:1001D000D5300008D5300008D5300008D5300008EB
:1001E000D5300008D5300008D5300008D5300008DB
:1001F000D5300008D5300008D5300008D5300008CB
:10020000D5300008D5300008D5300008D5300008BA
:10021000D5300008D5300008D5300008D5300008AA
:10022000D5300008D5300008D5300008D53000089A
:10023000D5300008D5300008D5300008D53000088A
:10024000D5300008D5300008D5300008D53000087A
:10025000D5300008D5300008D5300008D53000086A
:10026000D5300008D5300008D5300008D53000085A
:10027000D5300008D5300008D5300008D53000084A
:10028000D5300008D5300008D5300008D53000083A
:08029000D5300008D53000084C
:100298007BB972B90029BEBF00204FF0004106E0CB
:1002A80008BF00281CBF6FF000414FF0FF3000F07E
:1002B80057B8ADF1080C6DE904CE002909DB002B15
:1002C8001ADB00F07CF8DDF804E0DDE9022304B075
:1002D8007047404261EB4101002B1BDB00F06FF8D7
:1002E800DDF804E0DDE9022304B0404261EB41019E
:1002F800524263EB43037047524263EB430300F0FF
:100308005EF8DDF804E0DDE9022304B0404261EB69
:1003180041017047524263EB430300F050F8DDF8A7
:1003280004E0DDE9022304B0524263EB4303704763
:1003380053B94AB9002908BF00281CBF4FF0FF3144
:100348004FF0FF3000F00CB8ADF1080C6DE904CEA9
:1003580000F035F8DDF804E0DDE9022304B0704769
:10036800704700BF10F8012B11F8013B012A28BF84
:100378009A42F7D0D01A7047034611F8012B03F8B8
:10038800012B002AF9D17047034613F8012B002AE4
:10039800FBD1181A01387047430803F05533C01AC7
:1003A80000F03333800800F03330184400EB1010AD
:1003B8004FF0013300F00F305843000E70472DE91D
:1003C800F04786468C460846089E154674461946E8
:1003D800002B40F0C2808542B2FA82F245D94AB178
:1003E800C2F1200300FA02FC2EFA03F3954043EA17
:1003F8000C0C94404FEA154EA8B2BCFBFEF8230C37
:100408000EFB18CC08FB00F943EA0C43994528D9A0
:10041800EB1808F1FF3704D2994502D9A8F1020771
:100428002B44A3EB0903A4B2B3FBFEFC0EFB1C3365
:100438000CFB00F044EA0344A04214D92C190CF137
:10044800FF3304D2A04202D9ACF102032C44241A8F
:1004580043EA07401EB1D440002334607360BDE80E
:10046800F0874746DDE76346F1E792BB431B01216E
:100478004FEA154EAFB2B3FBFEFC200C0EFB1C334B
:100488000CFB07F840EA0343984562D9EB180CF1D6
:10049800FF3004D2984502D9ACF102002B44A3EBFB
:1004A8000803A4B2B3FBFEFC0EFB1C330CFB07F7DE
:1004B80044EA0344A7424ED92C190CF1FF3304D265
:1004C800A74202D9ACF102032C44E41B43EA0040E2
:1004D800C0E7C2F1200320FA03F1954090402EFABC
:1004E80003F303434FEA154EAFB2B1FBFEFC0EFB1C
:1004F8001C10190C0CFB07F841EA0041884504FA66
:1005080002F422D969180CF1FF3004D2884502D9C7
:10051800ACF102002944A1EB08019BB2B1FBFEFC3F
:100528000EFB1C110CFB07F743EA01439F420ED94F
:10053800EB180CF1FF3104D29F4202D9ACF1020151
:100548002B44DB1B41EA004192E76046E3E7614642
:10055800F7E76046A3E76346B7E7834206D916B9CB
:10056800002108467BE7C6E900E0F9E7B3FA83F71C
:100578008FB9834201D3724508D8BEEB020460EB01
:10058800030301209C461EB9002168E73846FAE7B4
:10059800C6E9004CF8E7C7F1200CBB4022FA0CF47E
:1005A8001C432EFA0CF120FA0CF3B84001434FEA31
:1005B80014490EFA07F5B3FBF9F81FFA84FE09FB94
:1005C80018300B0C08FB0EFA43EA00439A4502FA6E
:1005D80007F240D9E31808F1FF3004D29A4502D94E
:1005E800A8F102002344A3EB0A0389B2B3FBF9F88C
:1005F80009FB183308FB0EFE41EA03418E452CD94E
:10060800611808F1FF3304D28E4502D9A8F102031C
:10061800214443EA0040A0FB0298A1EB0E014145AA
:10062800CE46434602D306D14D4504D2B9EB020E5D
:1006380068EB04030138002EA6D0B5EB0E0261EB7F
:10064800030101FA0CFC22FA07F34CEA0303F94010
:10065800C6E9003198E74046C5E74346D9E70000B8
:100668007FB5334D00220321286822F04FFC314822
:100678002C682EF08FFCC0F307238DF80000C0F320
:10068800074000228DF801308DF8020020462A4CE0
:10069800009922F02CFC00220321206822F036FC6D
:1006A800244826682EF076FCC0F307238DF8040052
:1006B800C0F3074000228DF805308DF8060030465B
:1006C800019922F014FC1D4B1E68D6B9324606214A
:1006D800286822F01BFC1A482C682EF05BFCC0F33B
:1006E80007238DF80800C0F3074032468DF809301B
:1006F8008DF80A000299204604B0BDE8704022F047
:10070800F6BB00220621206822F000FC0C48246871
:100718002EF040FCC0F307238DF80C00C0F307400F
:1007280000228DF80D308DF80E000399E3E700BF25
:10073800F08E0024A64E0A00EC8E0024E88E0024D9
:1007480066D1FF0038B5064D0446012128681FF020
:100758009EFA21462868BDE8384032F07FBE00BFC7
:10076800F48E002400B5074B99B0074A60211B6836
:1007780068461CF0CDF86846FFF7E4FF19B05DF84D
:1007880004FB00BF04020024128E0308014601483E
:1007980035F0B4BA38050024002307B5CDF8013088
:1007A8008DF8053009238DF800309DF8043060F38A
:1007B80004038DF804300448694683681B68984729
:1007C80003B05DF804FB00BFC865030830B587B007
:1007D80005460C461422002101A835F0ACFC012383
:1007E800AB40CDE90234022304930A238DF8143078
:1007F800034801A983685B68984707B030BD00BF0C
:10080800C865030870B504464518074EAC4204D1C4
:100818001420BDE870401CF02CBB14F8011BB36811
:1008280001485B689847F1E7886503081C4B30B5B9
:100838001A7889B03AB100221A481A7009B0BDE88E
:100848003040FFF77FBF184B1A7832BB174A12782F
:1008580002F0FF040ABB012580211D70144B1868A3
:100868001FF051FA134B802118681FF04CFA124BF5
:10087800294618681FF00BFA002200230F49104878
:100888000494CDE9062305234FF40062CDE9024321
:10089800CDE900440B4B1BF07BFA09B030BD00BF1B
:1008A800F2930024518E0308F4930024F393002458
:1008B800F08E0024EC8E0024F48E0024409C00244A
:1008C80010060024890A00080D4B1B78B3B90D4B9C
:1008D8001B7803F0FF028BB90B4B197851B9012231
:1008E8001A700A4B1B689342B8BF1346084A136034
:1008F800FFF738BF07481A70FFF724BF704700BFDB
:10090800F4930024F3930024F293002400020024BB
:1009180004020024518E030837B5064CA5682B68DD
:100928002BB10DF10701204698470028F7D003B0F6
:1009380030BD00BF886503082DE9F04F85B08046BB
:10094800019135F09EFB0A2200234FF0FF34FFF798
:10095800EFFC10F5C87725464FF0000641F1000975
:10096800DFF880A035F08DFB0A220023FFF7E0FCBA
:10097800B84271EB090131DA019B9E422EDADAF8AE
:1009880008301B68A3B10DF10F015046984778B99C
:100998009DF80F3006F1010B08F8063035F071FBB1
:1009A8000A2200235E46FFF7C3FC04460D46D9E73A
:1009B80001201CF05EFAB5F1FF3F08BFB4F1FF3F1C
:1009C800D0D035F05EFB0A220023FFF7B1FC001BF4
:1009D80061EB05011E2871F10001C3DB304605B04B
:1009E800BDE8F08F8865030870B5214BADF5087D2B
:1009F80004466A4603F108061868083353F8041CCD
:100A08001546B34203C52A46F6D1998818689B79DA
:100A1800A980AB7104F13E0328608DF80E308DF883
:100A28000340FFF779FF05201CF023FA0F216846E1
:100A3800FFF7E8FE64201CF01CFA4FF4007108A8C8
:100A4800FFF77AFF0B280246214606DD09481CF00D
:100A58005BFD01200DF5087D70BD20B906481CF02E
:100A680053FD0020F6E705481CF04EFDF9E700BFEE
:100A7800006E0308618E0308878E03089A8E0308A8
:100A8800F0B59BB028490026012401A8274FFFF79D
:100A980073FC4FF0FF324FF0FF3301A88DF864600C
:100AA800FFF774FE602123463A4601A81BF030FF89
:100AB8004FF0FF324FF0FF3301A88DF86460FFF765
:100AC80065FEE0B2FFF790FF0546A8B1184B60211C
:100AD800184A01A81C6023461BF01AFF01234FF097
:100AE800FF3201A88DF864304FF0FF33FFF74EFE58
:100AF800114B1E701BB0F0BD0134FA201CF0B9F97F
:100B0800412CCFD10D4901A8FFF736FC01234FF046
:100B1800FF3201A88DF864304FF0FF33FFF736FE3F
:100B2800054B1D70E6E700BFBB8E0308C78E0308A0
:100B380000020024DB8E0308F4930024F48E0308DB
:100B4800584BF0B51C68E5B0574B002C1D6816DCF7
:100B580056490BA8FFF710FC002301244FF0FF3281
:100B68008DF88C300BA84FF0FF33FFF70FFE2046AF
:100B7800FFF73AFF0646002869D04D4B1C60234614
:100B88004C4A60210BA80095E6B21BF0C1FE002379
:100B98004FF0FF320BA88DF88C304FF0FF33FFF782
:100BA800F5FD454BEFB20DF10C0C03F1100E186872
:100BB800083353F8041C6246734503C29446F6D1C1
:100BC80007F162038DF80D608DF81A7033448DF8C3
:100BD8001B30FFF7A1FE05201CF04BF9102103A8DC
:100BE800FFF710FE64201CF044F94FF4807124A82C
:100BF800FFF7A2FE3A4603463146002840D12F4867
:100C08001CF082FC96201CF034F93846FFF7ECFE05
:100C180007463046FFF7E8FE002F39D0002833D1C9
:100C2800234B274A1D602B46009460210BA81BF01C
:100C38006FFE01234FF0FF320BA88DF88C304FF078
:100C4800FF33FFF7A3FD1F4B00221A7016E0013493
:100C5800FA201CF00EF9E4B2412C88D11A490BA8ED
:100C6800FFF78AFB01234FF0FF320BA88DF88C3079
:100C78004FF0FF33FFF78AFD124B1E7065B0F0BDD1
:100C880012481CF041FCBDE72B46114A0094CCE702
:100C980018B123460F4A0095C7E70F490BA8FFF77D
:100CA8006BFBC6E7FC010024F80100240F8F030842
:100CB80000020024468F03080F6E03085B8F0308A9
:100CC8009A8F0308F3930024278F0308798F03086A
:100CD800B68F0308D78F0308F68F03082DE9F04F66
:100CE800A7B0DFF83C93484634F0C2FF30B9CD488E
:100CF8001CF00AFC012027B0BDE8F08FCA4C204642
:100D080034F0B6FF08B9C948F2E74FF49642C84B29
:100D1800CDE90D23A368DB6823B10DA920469847C8
:100D2800064608B1C348E3E7C34834F0A1FF08B951
:100D3800C248DDE73046FFF72FFD0120FFF72CFD05
:100D480008F0A8FB05F078FDBD4A0746114620F0DB
:100D5800BAF932463146384622F09EF832463146D4
:100D6800384622F0A0F832463146384622F086F856
:100D780032463146384622F088F8012138462DF0AF
:100D880008F8022338461A4619462DF00EF832465E
:100D98001821384622F08EF8384616F00DF8044629
:100DA800A84932F05BFB2046A54920F05EF92046B1
:100DB8003246022122F0B8F83246A349204622F0F2
:100DC800ACF8A24C384613F041FD5022A0492060EF
:100DD80020F079F932461221206822F0ACF89D48BB
:100DE80025682EF0D7F8C0F307238DF82400C0F348
:100DF800074032468DF825308DF826002846099997
:100E080022F05FF8944825682EF0C4F8C0F3072351
:100E18008DF82800C0F3074032468DF829308DF848
:100E28002A0028460A9922F062F8324603212068EF
:100E380022F06CF833460A22884920681FF086FFA2
:100E4800206815F0B9FF0546854932F007FB3246A0
:100E58007D49284622F061F8284620F0D8FC814DCB
:100E6800384613F0F3FC50227949286020F02BF91A
:100E780032461221286822F05EF87B48D5F80080B7
:100E88002EF088F8C0F307238DF82C00C0F3074034
:100E980032468DF82D308DF82E0040460B9922F001
:100EA80010F86D48D5F800802EF074F8C0F30723C9
:100EB8008DF83000C0F3074032468DF831308DF898
:100EC800320040460C9922F012F832460321286875
:100ED80022F01CF833460A22644928681FF036FFBE
:100EE800286815F069FF8046614932F0B7FA324642
:100EF8005549404622F011F8404620F088FCDFF8BA
:100F08007481384615F058FF0121C8F800001FF019
:100F18000CF94B49D8F8000020F0A7F83246022116
:100F2800D8F8000022F000F832464749D8F8000007
:100F380021F0F3FF0321D8F8000016F0F1FAD9F8F0
:100F480008305B680BB1484698470027402610F0E8
:100F580003FAB946BA460DF122010020ADF822A0E5
:100F6800ADF834A0FFF732FC0DA90120FFF72EFCE5
:100F7800BDF8223005209944BDF834301F441BF0D9
:100F880078FF013EE7D1BF11DFF8ECA04FEAA911C5
:100F9800B1463A4639481CF0B7FAFFF761FB002220
:100FA80000230DA936481AF01FFC00286CD04FF01A
:100FB800000B08A95846ADF820B0ADF822B0FFF7ED
:100FC80005FC0DF122010120FFF700FCBDF82230DD
:100FD800DB1BB9F1000F7DD113F15A0F6CDB5A2BD3
:100FE80000F38780BDF8201040F2FE32914294BF92
:100FF8004FF0000B4FF0010B5E4509D0914240F2D3
:10100800E780204B1B78002B00F0A2804FF0010BEB
:1010180010F0A2F90A205E461BF02BFFBFE700BFC5
:101028006866030817900308886503082A90030870
:10103800010103003B900308C865030853900308A7
:1010480064000020639003088C7B0308F08E002462
:101058005A000020D0660F00A64E0A003508000886
:101068007B900308EC8E0024635E1500D10800080D
:1010780089900308F48E0024F393002498900308C1
:1010880038050024F49300240DA9D8F8000032F0A4
:10109800E5F90121D8F800001EF0F9FD9DF894301B
:1010A800002B3FF47CAF206880211EF036FE8021A3
:1010B80028681EF032FE72E7474B1B783BBB474A55
:1010C8001368013303F0010348BF5B421360FFF765
:1010D800C7FA2AE0B9F1FF3F03D03B2B35DCD946EC
:1010E80080E713F13B0FACBF00230123C3F10009D4
:1010F80078E7394B1B78DBB9384A1368013303F0BA
:10110800010348BF5B421360FFF7AAFA1DE03449A8
:101118000B683E335A4203F03F0302F03F0258BFC8
:10112800534201330B60FFF71DFB4FF0FF3959E7BE
:101138002B490B685A4203F03F0302F03F0258BFA5
:10114800534201330B60FFF70DFB4FF0010949E7EC
:101158009AF8003003F0FF06002B7FF457AF1E4AC1
:1011680013785BB31E4B4FF0010B206819681D4BB9
:10117800167019601C4B8AF800B019681B4B19606F
:1011880080211EF0C0FD286880211EF0BCFD594654
:10119800D8F800001EF07BFD0022002314490496B5
:1011A8001448CDE9062305234FF40062CDE9026314
:1011B800CDE90066104B1AF0EBFD27E7074A1068E7
:1011C80010B9FFF733FB21E71846FFF77DFB1DE752
:1011D8004FF0000B1CE700BFF2930024E88E0024B8
:1011E80004020024F801002400020024FC01002469
:1011F8000094002490050024490B00082DE9F04FC5
:1012080091B0840705460E46009302F00403DDF80A
:1012180068800293C2F3C203039203F101030593AA
:1012280040F0BA81041D30B1072909D86FF01B00BE
:1012380011B0BDE8F08F01F007063444C6F1080686
:10124800009B4FF000094FF0040A591E4FF0FF337E
:101258004F46CB4601935346CDF810900DB1009AF6
:1012680022600598002800F3E8809848009A824296
:1012780003D397488242C0F0E080039AA4EB050E9E
:1012880092074FEA9E0000F103810F2F00F2B18010
:10129800002D00F0058107F140020DEB020C019AC8
:1012A8000CF8200C0CF8102C049801300490E7E09E
:1012B8007A285DD84B280ED8472859D829282DD800
:1012C800252852D054D820287AD02338D0F1000BC2
:1012D8004BEB000B74E04C382E2849D8DFE800F0BF
:1012E8007048484848484848484848484B4848484B
:1012F800484848484859484B4B595959704B6D48CC
:101308007048184B184848827F4B48484B487F0024
:1013180000204FF0000B4FF0040A38E02A38012271
:10132800C0B202FA00F010EA0E0F49D110F0625C68
:101338002FD110EA020B43D06046013C5444B4FB61
:10134800FAF40AFB04F4002D61D0A3EB050CA444C5
:10135800B4453FF66BAF002868D1042B47D158F845
:10136800043B2360043404232AE0019A013A0192E1
:101378004FF0000B24E011F8010C6C2834D111F85F
:10138800023C00206C2B8346C5D14FF0080A534617
:10139800D3E708F10708073428F0070824F0070402
:1013A800F8E802AB35B106982044B0423FF63EAFAC
:1013B800C4E900AB08344FF0000B4FF0080A53465D
:1013C80011F8010F002878D0BBF1000F7FF470AF3F
:1013D8002528F5D1019B4FF0010B013301934FF004
:1013E800040AECE7584694E700208346A5E7082B53
:1013F80002D06FF015001BE708F1070828F007086E
:10140800F8E80223C4E9002308340823D8E768B9B8
:10141800042B02D108F10408A4E7082BE9D108F14C
:10142800070828F0070808F10808EDE7059A013AC7
:10143800059258F8042B009210E7039A900720D5DC
:10144800A4EB050E4FF0010C4FEA9E00BEF5007F9D
:10145800CFD20F2FCDD8F5B107F14002C0B20DEBB6
:10146800020E019A0EF8200C0EF8102CBCF1000F99
:101478003FF41AAF60F07F0009F101090EF8200C63
:101488000137C5F1080204344FF6DA7E069297E771
:101498004FF0000CDAE7BCF1000F01D00136EFE79E
:1014A800029802360028EBD10098CDE90631FEF704
:1014B8006BFF0644DDE90631E2E7631BB3F5806F95
:1014C80097D23DB9A6F10804E018B1E658620308BE
:1014D800D82404089B08029A28602B709DF81030C5
:1014E800C2B1EB7085F80290B9F1000F05D008A8D9
:1014F8000022C5F1010C97420ED1C5F101030DF18F
:1015080020084FF0000A0DF1300B0193574512D116
:10151800601B8DE66B70E5E710F8013B190608D5EE
:101528000CEB040E03F07F03B6453FF67FAE04F8DC
:10153800013B0132DFE7B9F1000F03D098F9002031
:10154800002A17DB029BD3B11AF80B2004F8012BF1
:101558000022019B18191044B0423FF667AE98F874
:101568000000009904F8010B2046039234F0BBFDFB
:10157800039A14440AF1010A08F10108C6E798F829
:10158800002055F822300093029B009845F822303D
:10159800FEF7FAFE421CDCE76FF00D0048E600BFDC
:1015A8002DE9F04F97B00446894600AF90F802A0A5
:1015B800D7F880B03B62CBF3C003FA62BB6141B994
:1015C800457800780AEB800020444D4517D8A0EBF9
:1015D8000409E378FB61BAF1000F02D01BF0010F98
:1015E80016D1FB6953BBFB6A1BB13A6A49462046D0
:1015F80098474D4628465C37BD46BDE8F08F461CE7
:1016080009F101093046FEF7BFFE01303044DCE73E
:101618002378626899007A62FA6A796104EB830137
:10162800002A40F000814D460E4601EB0A094FF0B2
:1016380000084E454CD101EB0A0610E01BF0020FE2
:10164800D1D023789A0004EB83017A6162687A62C8
:10165800FA6A002A77D14D4601EB0A0690461BF03C
:10166800050F0CBF02230123FB62FB6906EB430A4B
:101678000BF00203BB625645BCD016F8021B16F8E5
:10168800013C54F82390994B994502D3984B9945BE
:1016980036D3BB69002B40D0786A1BF00EFF0028B8
:1016A8003BD0E9468AB06A46924B53617B6AC2E9ED
:1016B80006314FF4007313848F4B42F8103F002318
:1016C8004FF412518D48023D00F074FCCD46D2E72C
:1016D80016F8013BF96254F82300FEF755FED7F8D7
:1016E80084300130F96A4BB1D7F8883098453EBF4D
:1016F800D7F8843023F8180008F10108054498E762
:10170800BB6923B1786A1BF0D8FE0028C9D11BF049
:10171800010F05D1FB6AED1AADE7BB6A002BAAD011
:101728004846FEF731FED7F8843053B1D7F88830F1
:1017380098453FBF431CD7F8842022F8183008F199
:101748000108054497E7BAF1000F72D01BF00406B0
:1017580072D0D046002607F1480052463B61B96274
:1017680034F0C1FCB96A3B6901EB0A02F969BA6253
:10177800FA695200FA60BA6A02EB41023A610BF068
:101788000202BA603A69B96A8A4257D11BF0020F5D
:1017980062780CBF4FEA580100217A621BF0010FF2
:1017A8003244D2B240F09F801BF0040F14BF404671
:1017B8000020BB616270A0702046E1703A6A7969C6
:1017C800FB6A9847051EFFF615AFBB6941463A6AA2
:1017D80007F1480023707B6A84F802A06370FB69F4
:1017E800E370FB6A9847B0F10008C0F2BB807B69E0
:1017F800A9EB0A013A6AC91AFB68C91AD7E90A03A8
:1018080098470028C0F2B080A8444FF0000B07F1B9
:10181800380A08EB0005B34572D300213A6AFB6A1F
:1018280008469847E6E656464FF0000807F13800A4
:1018380093E75646D04697E7B04695E7BA6A12F856
:10184800021B12F8015CBA6254F82500274A90423C
:1018580002D3274A90421ED3BA6932B1786A7B60B4
:101868001BF02BFE7B6800288CD1BA6802BB08F1FC
:10187800280207F1300C08F1010008F1020894442D
:1018880007F158025FFA88F852FA80F00CF8101C39
:1018980000F8105C76E7BA693AB1786A7B601BF0A9
:1018A8000CFE7B6800287FF46DAF1BF0010F09D098
:1018B80006F1280207F13000711C161806F8205CA2
:1018C800CEB25FE71BF0040F3FF45CAF08F12802CB
:1018D80007F1300008F1010102EB000808F8105C7C
:1018E8005FFA81F84EE7002063E700BF58620308FB
:1018F800D8240408B8900308040000010C6D0308FC
:101908001BF80A3054F8239087F83730D7F884301A
:101918002BB3D7F888309B4521D2D7F8843033F8D9
:101928001B803A6A012107F13700FB6A98470028B3
:101938001ADB0544B8F1000F06D14846FEF724FD2E
:1019480000F101081FFA88F83A6A41464846FB6ADE
:101958009847002808DB05440BF1010B5BE74FF0C3
:101968000008DEE7454645E6054643E6014B1860B4
:10197800704700BF0802002480B505460E4617468A
:1019880098461AF057FCDFF82090034634F056FCCE
:101998000446424649F8003039463046A84754F8CC
:1019A800090001F08FFA00BF08000000054B002075
:1019B8005A6822F002025A605A6822F001025A60FC
:1019C800704700BF0010005C164B82B0D3F8E020CF
:1019D80042F00072C3F8E020D3F8E02002F0007271
:1019E8000192019AD3F8F42042F00202C3F8F420DD
:1019F800D3F8F42002F002020092009A0A4AD2F8C0
:101A08000423D20706D503F50053D3F890300020FD
:101A180002B07047D3F8A02042F00802C3F8A02013
:101A2800F5E700BF004402580004005808B501F06B
:101A3800A5FB01F05DFB0C4B0C4A1A600C4AD368FD
:101A480023F03F0343F00403D3600A4B1A6841F2C2
:101A58000303B3EB124F06D1074AD2F8083143F01B
:101A68000103C2F8083108BDB80300240090D00370
:101A7800004802580010005C008000512DE9F04732
:101A8800044607464FF00109DFF8508014B938467C
:101A9800BDE8F08794FAA4F5B5FA85F509FA05F3D7
:101AA8002E0108EB05156FEA030A24EA03042B7BD1
:101AB800002BEBD058F806301B694BB9464404227A
:101AC800284607EA0A07736819681BF0E2FFDDE792
:101AD800284698470028D9D1F0E700BFBC6D030815
:101AE80030B5002289B00F490F4834F0CCFA0022F3
:101AF800002300240D4D0E4928460094CDE9062305
:101B08000E234FF44072CDE90334CDE90144094B6B
:101B18001AF03EF90849284634F080F9204609B001
:101B280030BD00BF451B0008180B00249006002498
:101B380080A40024611E0008AD910308014819F033
:101B4800B5BE00BF800500242DE9F0478046204837
:101B58000F461BF076FF0646002832D0002528469F
:101B6800BDE8F087237B83B12368DB680BB120468F
:101B78009847636883F8069023681B69CBB9636844
:101B88000422204619681BF084FF0136103454459E
:101B9800E8D3B8F1000FE2D0002DDFD02846FFF7D8
:101BA8006DFF0546002FF7D00021642034F0CCF9F2
:101BB800F2E7204698470028E1D009FA06F31D43CA
:101BC800E3E7044C0546DFF810A04FF00109DEE713
:101BD800088F0024BC6D0308CC6D0308014B53F833
:101BE80020007047786E030808B5034608462BB1F5
:101BF800044A136000F074FC002008BD6FF0150063
:101C0800FBE700BF0C02002410B5044C237813B97D
:101C1800034819F04BFE0123237010BDF5930024EF
:101C28008005002410B504460B481BF00AFF5CB180
:101C38000A4BBFF35B8F53E8001F013943E80012DA
:101C4800002AF8D1BFF35B8F054834F028FA05481D
:101C5800BDE8104019F02ABE008F0024048F00242C
:101C6800180B0024800500240020064BBFF35B8F6F
:101C7800014653E8000F43E80012002AF9D1BFF3E8
:101C88005B8F7047008F002470B5FFF7EDFF084C9D
:101C98000546084EB44200D370BD63685B792BB12A
:101CA80023685B6813B12946204698471034F1E74A
:101CB800BC6D0308CC6D030810B5044C04492046DC
:101CC8001BF032FD034B1C6010BD00BF70040024E4
:101CD800646E0308F88E002400230D4A4FF47A71CD
:101CE8000C4810B513700C4A13600C4A1360FFF7C8
:101CF8007BFFFFF7E1FF0A4B0A4918468B4200D3E6
:101D080010BD1A1A5C681033121101322271F5E7FE
:101D1800F693002465DA0108008F0024048F00245C
:101D2800BC6D0308CC6D030801460022002301485E
:101D38001BF01BBD7004002401481BF0B4BD00BF9C
:101D480070040024024B014618681BF000BE00BF57
:101D5800F88E002401481BF035BE00BF7004002433
:101D6800264B70B51878002846D0FFF7E5FF0546E2
:101D780000283ED1224B234C1B68002B12DD34F087
:101D880080F90A220023FEF7D3FAD4E90032C01AF8
:101D980040F2E93361EB0201984271F1000101D38D
:101DA800FFF772FFD4E9003213F57A7342F10002AB
:101DB800C4E90032BDE87040FFF7CCBF63685B79C7
:101DC80023B12368294620461B6898471034B4423B
:101DD800F4D32846FFF7B6FF0B4BBFF35B8F53E8EE
:101DE800001F013943E80012002AF8D1BFF35B8FC6
:101DF800C0E7064C064EEAE770BD00BFF593002425
:101E0800008F0024100B0024048F0024BC6D0308ED
:101E1800CC6D030870B50D4D297861B90C4C0120C3
:101E28000C4EFFF791FEB44206D3FFF799FF002846
:101E3800FBD101232B7070BD63685B791BB12368EC
:101E480020469B6898471034EDE700BFF6930024BE
:101E5800BC6D0308CC6D030800212DE9F047084646
:101E6800FFF772FE044658B34FF4FA784FF00009B2
:101E78001C4B34F0E3F91C4A1B58136033B11B4B5D
:101E88001B68092B02DD1A4819F010FD0025194FAF
:101E9800DFF85CA044B12046FFF7F0FD044618B90E
:101EA8004FF0FF384FF0FF39FFF75AFF064628B9C1
:101EB800B5B942464B46504619F02CFD3546E9E780
:101EC8004FF0FF384FF0FF39D2E72B689B691BB101
:101ED80000222846114698471035BD42F5D3E8E759
:101EE800054DFAE708000000FC8E0024048F00244A
:101EF80080050024CC6D0308BC6D030813B5184891
:101F08001BF09FFD174B1B7873B1EFF3118410235F
:101F180083F31288BFF36F8FFFF722FF84F31188D2
:101F2800BFF36F8F02B010BD0F4B1B68002BF9D0A9
:101F380050B9002200230D48CDE9002342F2107267
:101F480000231AF08FFCEDE70928EBD1074834F09D
:101F5800A6F8074802B0BDE8104019F0A7BC00BFBA
:101F6800048F0024F6930024FC8E0024180B002410
:101F780080050024064B10B504461B689847214687
:101F8800A06004481BF070FCBDE81040FFF7B6BF26
:101F98000C02002470040024044A054B9B1AB1EB80
:101FA800D30F34BF52F8310000207047046D030886
:101FB800BC6D03082DE9F04F8FB0C1F34A280D46D8
:101FC800914604AF0C0DB8607B60B8F1000F63D088
:101FD800002607F114034FF0040B4FF00A0AC7F864
:101FE8000C8032467E624846C7E90766019307F1CE
:101FF8001C03CDF808B0CDF800A0F968FFF7D0FAB7
:10200800B0F5006F03461CD36C468AB0D9F80410AB
:1020180004AB26481A46C3E9050140F2FF71D961AD
:102028004FF400711984224B42F8103F4FF41251BB
:1020380033462048FFF7BEFFA5462C37BD46BDE80E
:10204800F08FC0F30A0804F117003B60184468F3E6
:10205800532520F007008008FFF766FE044690B17C
:102068003B6800F11001144A4846F961C7E908368F
:1020780007F11403CDF808B0CDE900A307F11C035C
:10208800F968FFF78DFA68F353257B68B96820462D
:102098002A461BF01EFDD0E704F1170020F00700C8
:1020A8008008FFF741FE0446EDE700BFC291030830
:1020B80004000001646D0308ADDA01082DE9F04F52
:1020C80087B00446934698460391DDE91279DDE925
:1020D800105ABFB13B46524610210020CDF800905F
:1020E800CDF81490FFF78AF8B0F5006F06460AD3CA
:1020F80040F2FF73174A0221174807B0BDE8F04FB6
:102108001BF040BD3E4604F0070405F117000BF034
:10211800070BE400304444EA8B1420F0070044EA3B
:102128004624800844EA0554FFF7FEFD054640B101
:102138003FB13B46524631461030CDF80090FFF78C
:102148005DF8434622460399284607B0BDE8F04F9C
:102158001BF0BFBC01920308646D0308406820B1FE
:10216800034BC01A40F3CF0070474FF0FF30704761
:10217800046D03080EB403B503AB0146054853F8D4
:10218800042B019301F088F902B05DF804EB03B069
:10219800704700BFEFDB0108CA0605D48B064CBFA9
:1021A80002490349FFF7E6BF704700BF3A920308A8
:1021B800399203082DE9F04F89B09B4604460D4635
:1021C800149B90469DF84CA00693159B179E05936B
:1021D800169B0493BAF1000F00F09D8006F48073FB
:1021E80006F0020907931BF052FC024600283ED075
:1021F80091492046FFF7BEFF0746B9F1000F08D006
:1022080016F0440F35D12A468C492046FFF7B2FF15
:10221800074406F0010353B1894B2046894953F816
:102228002A20894B002A08BF1A46FFF7A3FF06F4A5
:102238008073002B49D006F00803002B63D1B8F156
:10224800000F66D0424681492046FFF793FF0546B6
:10225800069B3D44002B6DD1049B002B73D1F307E3
:1022680000F1E48031462046FFF796FFD8E00746A4
:10227800C3E7774B18680028CAD0764B4FF47A79B1
:102288004FF03C0C1B68B5FBF3F5B5FBF0F100FB18
:1022980011554FF4616309FB05F5B1FBF3F2B5FB8A
:1022A800F0FE03FB121100FB1E55B1FBFCF309FB0A
:1022B80005F50CFB1311B5FBF0F5009120466649B6
:1022C800CDE901E5FFF756FFA2E706F00803EBB1F9
:1022D800624B2046624953F82A20FFF74BFF054618
:1022E800B8F1000F05D0424658492046FFF742FF93
:1022F8000544BBF1000FABD05A465A492046FFF7B8
:1023080039FF0544A4E74FF0000BE1E706F00805A4
:10231800E6E745469CE7BBF1010F069B06D1002B7B
:1023280064D1049B002B7BD000250CE0002BF8D057
:102338004D485CE04D48069B22464D491BF08CF801
:10234800049B002B68D0DFF82C81DFF82C91049FC8
:102358004FF0000B31462046102F28BF1027FFF7FB
:102368001BFF5D4545DC059B4FF0010B49462046A8
:102378001A78FFF7FFFE1BF0070F03D141462046EE
:10238800FFF7F8FE5F453BD9059B4946204613F801
:102398000B20FFF7EFFE0BF1010BBBF1100FEAD199
:1023A8004FF0000B35492046FFF7E4FE5A46059BDF
:1023B80020469A5CA2F120015F29314928BF2E22CC
:1023C800FFF7D8FE0BF1010BBBF1100F1DD01BF06E
:1023D800070F03D141462046FFF7CCFE5F455A461A
:1023E800E5D841462046FFF7C5FEEBE71F485546AE
:1023F800A1E7414620460BF1010BFFF7BBFEB0E712
:1024080020492046FFF7B6FEC5E7059B3B440593E8
:10241800049BDB1B04939AD1BAF1000F7FF41FAF22
:10242800204609B0BDE8F04F1BF0D0BB064A204655
:102438000449FFF79FFE15E74192030845920308F8
:10244800886E0308CA1D04083C9203086A920308B0
:10245800108F00240C8F00244E9203089C6E0308F2
:102468006E9203087492030825DC0108EFDB01086B
:10247800A134000881920308799203088392030823
:10248800859203087F92030842F20F73114A8B4228
:1024980073B5044628BF0B460568052168461AF03F
:1024A80037FA636806460B2228465B680A491BF020
:1024B8007FFB63683246694628465B681BF078FBF9
:1024C80063681B2205495B6828461BF071FB02B054
:1024D80070BD00BFAAA40308A49203088892030849
:1024E80000210123064A904206D8064A01B9012371
:1024F8001360054B18607047400801215B00F2E744
:1025080040420F000C8F0024108F0024F8B50D46B0
:1025180004464618054FB44201D12846F8BD14F8C0
:10252800011BBB6801485B689847F4E7A865030886
:10253800014B036002207047E46E0308F8B5046994
:102548000B464668906A04F12401C50708D46FF069
:1025580085053B4A01213B481BF00BFB2846F8BD8B
:10256800636205234FF4007CA362936A98074FF0D7
:10257800000056BF83F004030223C3F380032363E0
:102588005368636340F6FF73C4E90E03D4E9275028
:1025980013696B43B3FBF0F3E364D3686B43B3FB9A
:1025A800F0F32365176953683B44D7683B44976841
:1025B8003B444FF400676B434FF40055B3FBF0F313
:1025C80063652046136AA365D369E3659369236647
:1025D80053696366936AC3F3C023DB03A3664FF4AE
:1025E8008053C4E91D534FF48063C4E91F734FF44B
:1025F8008073C4E921C303F06BFE054630B102467F
:10260800114910486D421BF0C8FBA7E720461CF093
:10261800A5FB054610B102460C49F2E7326B002AC9
:102628009CDB014620461CF0B1FC0446002895D0EE
:1026380002460749034865421BF0AFFB8EE700BF1F
:10264800099303081C6D03082C9303084E93030891
:102658006A9303087FB5144612780D460069152A57
:1026680032D017D8062A1BD00BD8032A0BD0052A3C
:102678002AD0244824491BF090FB6FF0850004B051
:1026880070BD132AF5D1A668E168012E0B782FD109
:1026980049781EE0292A30D0392A21D0232AF1E7A7
:1026A800656902952379CDE900232A4623691CF040
:1026B800EEFB02462069002AE1D0124813491BF0BC
:1026C8006CFB6FF00400DAE7A168237909B1E168CF
:1026D8000978009129461CF068FB0246A068EAE7E1
:1026E800E368019323790093A3681CF06FFBF4E778
:1026F8008CBFB1F801100021EBE7E3685D1C019580
:102708001B78F0E71C6D030893930308B193030843
:1027180073B545680646286833F0AAFA48B96FF0D9
:102728001204654A012165481BF023FA204602B0CD
:1027380070BD294651F80C0B83681B6843B1984754
:10274800041E08DA22465E495C481BF026FBEDE7CA
:102758006FF05704F6E7D5E901018368DB6803B138
:102768009847756836696A6A012A0AD0022A1BD016
:102778006FF08504534951481BF00FFB224652491C
:10278800E2E700232946F36006F1A00251F81C0B8A
:102798008368DB6853B19847044650B122464B49D9
:1027A80046481BF0FAFAE9E70123EBE76FF0570414
:1027B800F4E7D6F8A0304FF47A722946B3FBF2F367
:1027C800C6F8A03051F8140B8368DB6833B101AA4E
:1027D8009847044628B122463D49E1E76FF057047F
:1027E800F9E7D6F89420019B3A49B060B3FBF2F3BD
:1027F800D6F890205343D6F8982023F00043D340CE
:102808004FF4FA52B3FBF2F28B42C6F89C201FD960
:10281800022344F620600133092B05D12E4A0221F8
:1028280026481BF0A6F905E0B2FBF3F484421946EA
:10283800F1D8B16006F19001304603F043FC04463C
:1028480040B1024625491D4864421BF0A6FA95E7A7
:102858000221EEE7F16939B1304603F06BFE044618
:1028680010B102461E49EEE7316A39B130461CF014
:1028780032FA044610B102461A49E4E70421304608
:102888001CF015FA044610B102461749DBE7E96A5D
:1028980039B130461CF097FB044610B10246134983
:1028A800D1E7A96A30461CF092F9044600283FF4A3
:1028B8003DAF02460E49C6E7C79303081C6D0308DF
:1028C800E69303080F940308549503083794030804
:1028D800549403087F0E13136F9403088D94030810
:1028E800A3940308C6940308E79403080B95030808
:1028F8002F9503082DE9F047064600AF0C4600293E
:1029080036D0E9468AB0A3686D46D1E9001221485D
:102918004FF0050AA846C5E90501C5E9072348F8A7
:1029280010AF002342464FF421511B48FFF742FBEA
:10293800CD466369AD46D4E903121848C5F810A01E
:10294800C5E90501C5E90723002342464FF4215193
:102958001148FFF72FFBCD46E369114A01210E48C4
:102968001BF010F9A3690F4A01210B481BF00AF963
:10297800012E07D1EFF305830B4A103B3146064879
:102988001BF000F92146304618F030FDBD46BDE881
:10299800F08700BF8B9503089C6D0308BA95030860
:1029A800E9950308F89503082696030830BFFFF752
:1029B800FDBF00BF2DE9F0410B4E0546DFF82C8026
:1029C800324606EB0807CC1B0949204633F08BFB3F
:1029D800A019083C4246002133F0ADFB07F108007E
:1029E8002C67BDE8F08100BF000000000400000073
:1029F800D86D0308054B5A699B689A4204D0044A6B
:102A0800536843F080535360704700BFB893002465
:102A180000ED00E070B5294C06460D4628482949C6
:102A28001BF0CBF9A36AD9043CD5254826491BF0ED
:102A3800C4F91720A36A1A0504D5214823491BF0B5
:102A4800BCF918201D4CA36A9B0512D51C482049C7
:102A58001BF0B3F9A36BA26A100409D51D4A012122
:102A680017481BF08FF81EB1A36A23F40043A36232
:102A78001920124CA36A590504D5114816491BF0B0
:102A88009CF91A20A36ADA050ED50D4813491BF0E4
:102A980094F91B20094A936A43F47F439362002305
:102AA8002B7070BD1620C5E7A36A9B04F2D50448B5
:102AB8000B491BF082F91C20ECE700BF00ED00E099
:102AC8009C6D0308399603084F960308609603081F
:102AD800739603088C960308A1960308BC9603080E
:102AE800D496030810B5204C204921481BF065F9FD
:102AF800A36A990136D51E481E491BF05EF91E20AF
:102B0800A36ADA0104D51A481B491BF056F91F209D
:102B1800154CA36A1B0304D5154818491BF04DF939
:102B28002120A36A590304D5114815491BF045F91A
:102B380022200D4CA36A9A0304D50D4811491BF0B5
:102B48003CF92320A36ADB0304D509480E491BF08E
:102B580034F92420044A936A6FEA03436FEA134363
:102B6800936210BD1D20CBE700ED00E0039703083A
:102B78009C6D03081B9703082E97030848970308C2
:102B8800669703088B970308A59703082DE9F84370
:102B9800364D804689463648364917461BF00DF9AA
:102BA800AB6ADE0627D51124334931481BF005F9F5
:102BB800AB6A1D0704D5122430492D481BF0FDF8D7
:102BC8002A4DAB6A980718D52D4929481BF0F5F806
:102BD8006E6BAB6A190646D52A4A3346012124484A
:102BE8001AF0D0FFB9F1000F03D0AB6A23F08003CD
:102BF800AB62132403E01024DAE76FF015061B4DCF
:102C0800AB6ADA0704D514241F4919481BF0D5F814
:102C1800AB6A9B0604D515241C4915481BF0CDF852
:102C2800124B9A6AD50602D49A6A90070AD55B684D
:102C3800190507D54146304600F002FA10B180F375
:102C480009880224094B9A6A920603D55A6A22F423
:102C580000525A629A6A204642F0FF029A620023A2
:102C68003B70BDE8F8836FF01506C2E700ED00E0A1
:102C78009C6D0308D0970308E6970308609603083D
:102C8800199803083198030847980308D49603084D
:102C98002DE9F041664B8AB004460026D3F804803B
:102CA80000AFC8F3080586F31188BFF36F8F02F0F1
:102CB8007F43B3F17F4F07D102F00C03082B12D1E9
:102CC8005C495D481BF079F8002634460023FB7107
:102CD800EB1E092B00F28B80DFE803F00A81847D6C
:102CE80089898989898710074CBF0C460126EDE739
:102CF800524951481BF061F84D4D0023FB71EB6AB6
:102D08009A0705D54E494C481BF057F8002332E086
:102D1800EB6A002B01DA4B49F5E7EB6A5B00F5D566
:102D2800494945481BF049F86B69A26943F4807327
:102D38006B61BFF34F8FBFF36F8F6B6932F8022C53
:102D480023F480736B61BFF34F8FBFF36F8F4DF622
:102D580002739A4208D0AB6ADBB27BB3FA1D012139
:102D68002046FFF713FF38E02368384A012132482C
:102D78001AF008FF2368FA79E2B907F1080504F1A7
:102D8800200C2068083454F8041C2A46644503C201
:102D98001546F6D17A6A002E45D0C2F3080121B94A
:102DA8006FEA52226FEA42227A6207F10801184656
:102DB800FFF7A0FD2837BD46BDE8F081AB6A13F4E4
:102DC8007F4F04D0F91D0120FFF724FE05E0AB6A10
:102DD800B3F5803F9AD3FFF785FE0346CBE7FA1D8C
:102DE8000021BDE7F91D0020EEE719498BE718F42B
:102DF800F87F184AE8468AB0174B18BF13466A4648
:102E08001649103DC2E905134FF40073D5611384C8
:102E1800134B42F8103F00234FF411510648FFF7B7
:102E2800C9F8C54672E722F4FF7222F00102BBE737
:102E380000ED00E0949803089C6D0308BF98030810
:102E4800D6980308F79803080599030824990308F6
:102E5800409903087B980308669803086499030857
:102E680004000001044B5A6942F010025A615A6981
:102E780022F008025A61704700ED00E0EFF3088085
:102E8800EFF3098101B57246FFF702FF01BD00BFEC
:102E98000A4880F30888102080F3118808484FF406
:102EA8000461401880F30988EFF314800221084375
:102EB80080F31488BFF36F8F00F08EF800CA0024E7
:102EC80040B00024084B9B6883420BD1EFF3058385
:102ED80043B1064B5A6842F080525A605A6A22F44B
:102EE80000425A6219F0ACB9B893002400ED00E032
:102EF80014498A684FF030001044EFF3098C80E8D9
:102F0800F01F102080F31288BFF36F8F0E4F4FF021
:102F180000664A698A603E60106F0C4C2060506FF2
:102F28000023536780F3118804B5104600F04CF96C
:102F3800BDE8044002F1300090E8F01F8CF30988E6
:102F480070470000B893002404ED00E0388F002497
:102F58001EF0040F0CBFEFF30880EFF309808169BE
:102F680011F8021C0229FFD001B572461AF01AFFA7
:102F780001BD00BF00B2002807DB0123410900F0B2
:102F88001F00024A834042F82130704700E100E008
:102F980000B2013100284FEA0111C9B206DB00F185
:102FA800604000F5614080F80013704700F00F00A2
:102FB800014B1954704700BF14ED00E0044B054A5B
:102FC80023F07F039360BFF34F8FBFF36F8F70477A
:102FD8000000000800ED00E008B5FFF7EFFF0C4A1D
:102FE800D2F8883023F47003C2F88830EFF31483E2
:102FF80023F0040383F31488BFF36F8F18F0E2FA09
:1030080019F056FA00F056F81AF0F6FE18F01EFB02
:1030180000ED00E042F8203C203A009B074953604D
:10302800019B21F001019360029B9161D3604FF0F5
:103038008073D361002302654367704781190008D4
:10304800094A0346906870B113F1160F006E05D057
:10305800A0F140029A4205D8834203D2814228BF98
:103068000020704700207047B893002415460C4A8A
:103078000E4608B50B4B9060026F1A6000F0A4F87A
:103088002C4686F309880020034B984720460021E8
:1030980000220023014C2047D9DD010881190008CE
:1030A800B8930024388F0024014B10221A6170470E
:1030B80000ED00E0002304481021C2180133962BCC
:1030C80082F80013F9D1704700E100E008B5EFF38A
:1030D8000583064A103B02EBC30152F833004968E6
:1030E8008847BDE80840FFF785BC00BF08670308AC
:1030F800154A70B5536913F4803323D1C2F884306C
:10310800BFF34F8FD2F8803043F6E074C3F3C900A1
:10311800C3F34E335B0103EA0406014646EA8175B0
:103128000139C2F86052F9D2203B13F1200FF2D1D5
:10313800BFF34F8F536943F480335361BFF34F8F0D
:10314800BFF36F8F70BD00BF00ED00E0002910DDF8
:1031580000F01F030B44BFF34F8F07490344C1F826
:10316800680220301A1A002AF9DCBFF34F8FBFF328
:103178006F8F0020704700BF00ED00E00B4B5A69CD
:1031880012F4003211D1BFF34F8FBFF36F8FC3F822
:103198005022BFF34F8FBFF36F8F5A6942F400324A
:1031A8005A61BFF34F8FBFF36F8F704700ED00E098
:1031B800024B0121024A034800F08AB800000824A3
:1031C80000000024386F0308026E4021044B403A87
:1031D80018461A60034AC3E90112012100F082B8B7
:1031E8003C8F002400000B1508B503461048D0F8A2
:1031F8009020C2F30722013A934207D90D480121D2
:103208000D4A1AF0BFFC6FF0150008BDC0F89830E1
:103218000A6822F01F021A4342F01002C0F89C20EC
:103228008A6842F00102C0F8A0201846EDE700BF06
:1032380000ED00E08C6D03087B990308F0B50E469D
:1032480085B01F4604460025B5420DDA606810B304
:1032580097B1431E18420AD0104A2B460121104844
:103268001AF090FC6FF01502104605B0F0BD1F284B
:10327800F2D921680B42EFD1236801A901931AF012
:10328800BCFDA3680343D0B20393FFF7ADFF10F171
:10329800160FE7D0421C01350C34D5E7A199030875
:1032A8008C6D0308044B0522C3F89420BFF34F8F9D
:1032B800BFF36F8F704700BF00ED00E0BFF35F8F73
:1032C800024B0022C3F89420704700BF00ED00E0D5
:1032D80010B5034C01232278FFF7B0FF207010BD12
:1032E800F89300240B4A08B500231278FFF7A6FFCD
:1032F80010F1160F07D0084A0021D2F89030C3F316
:103308000723984200DB08BDC2F898000130C2F8D4
:10331800A010F2E7F893002400ED00E0584859495E
:103328002DE9F043D0F8903085B00D68C3F307233A
:103338009D4200F2A180FFF7C1FF49680022954233
:1033480001F10C011AD1504C6846504F2570FFF717
:10335800EFF800250646DFF83881DFF83891AE42ED
:103368001FD1237800204649D1F89020C2F30722C4
:1033780093427BDB0020FFF795FF4CE0C0F89820D4
:1033880051F80C3C23F01F031343013243F01003A0
:10339800C0F89C3051F8043C43F00103C0F8A03059
:1033A800CDE700984FEA051C00EB0511CB683B40C0
:1033B800B3F5000F44D00AD8B3F5001F2ED0B3F5EB
:1033C800800F34D0B3F5801F10D00135C7E7B3F1B3
:1033D800807F3ED0B3F1007FF7D150F80C30886879
:1033E8001AF00BFD4A6840F4802009E050F80C30D0
:1033F80088681AF002FD40F088504A6840F430208E
:10340800039001A92078CDE90123FFF7EDFE0028FC
:1034180028DA6FF0150005B0BDE8F08350F80C30DD
:1034280088681AF0EAFC4A6840EA0800E8E750F8B9
:103438000C3088681AF0E1FC4A6840EA0900DFE7C6
:1034480050F80C3088681AF0D8FC4A6840F082704E
:10345800D6E750F80C3088681AF0CFFC4A6840F07C
:103468008870CDE7237801332370AEE7C1F8983030
:103478000133C1F8A00077E74FF0FF30CBE700BF7A
:1034880000ED00E0206E0308F89300240000F0FF30
:103498000000081100000206F0B587B007460E4686
:1034A80014460021102268461D4632F044FE0223CD
:1034B8002A4621468DF802306846044BCDE9047649
:1034C800019319F04FFA07B0F0BD00BF23DE0108E1
:1034D80008B5024B1B689847002008BD488F002498
:1034E800034B044A1860937843F0020393707047C3
:1034F800488F0024BC0200240649074821F0070130
:10350800C1F1105208B502F5002219F04DFF002054
:1035180008BD00BF6FD801244C8F0024F0B5114DB1
:1035280085B0114E114F4FF0FF334FF0FF3201A914
:10353800284618F059F9034690B101213A460C483B
:103548001AF020FBEFE7236813B1019A934203D1E5
:1035580001A8D4E9013198470C34B442F3D3E2E727
:10356800044CFAE7E8040024D86D0308C49903085A
:103578005C6D0308CC6D0308F0B585B017461E4690
:1035880001909DF828008DF809108DF80800ADF815
:103598000A700396DDE90C5423462C432A460AD0C8
:1035A8000D4932F04BFED1F880400C4909588C4245
:1035B80004BF002213460A4801A932F09FFB041EEB
:1035C80007DA084A022108481AF0D3FA204605B05B
:1035D800F0BD0024FAE700BFA88D00240800000011
:1035E800E8040024D99903085C6D0308044B03EB35
:1035F80040000023013320F8022B9942FADC70477F
:10360800180400242DE9F84306464FF00009114F2D
:103618004FF00108347854FA89F5284600F036F955
:1036280070B1284600F062F957F8353043B14C4480
:1036380007EBC50504F01F04696808FA04F0984709
:1036480009F1010972785FFA89F39A42E2D2BDE87A
:10365800F88300BF588F00244FF48013094A0A49A1
:1036680010B5D2F8A40088420BD0581CF9D0013B01
:10367800F7D183F31188BFF36F8F0424204602DF4C
:10368800EFE710BD0064025800030080034680B1D4
:10369800B0FA80F2C2F11F02D2B2074931F9120022
:1036A8004FF0B042D2F880100B43C2F88030FFF7D9
:1036B80061BCFF22F1E700BF1804002438B50D46AD
:1036C8000446FFF7C9FF032D0DD8DFE805F0021106
:1036D80016204FF0B0431A6822EA04021A605A68AA
:1036E80022EA04025A600E4B4FF440725A6238BD07
:1036F8004FF0B0431A682243F0E74FF0B0435A68DE
:1037080022435A601A6822EA04021A60EBE74FF073
:10371800B0431A6822431A605A6814435C60E2E7AF
:103728000064025830B5B0B1B0FA80F3C3F11F039A
:10373800DBB20B4850F833408C4204D100EBC30590
:103748006D68954205D044B940F8331000EBC300CA
:103758004260002030BDFF23EBE76FF00F00F9E770
:10376800588F002460B1B0FA80F3C3F11F03DBB2B5
:10377800044A002142F8331002EBC302516070473B
:10378800FF23F5E7588F002438B500F003030F2511
:103798000C4604339B009D4045EA9005FFF75CFF0B
:1037A80005F003032A0C92FAA2F29B00B2FA82F205
:1037B80003F1B04302F01F02D3F8081494404FF409
:1037C800407221EA15410C43C3F80844014B5A6280
:1037D80038BD00BF0064025800F003020F23043212
:1037E80092009340094A43EA900000F00303023331
:1037F80052F82320030C93FAA3F3B3FA83F302EAF3
:10380800104003F01F03D840704700BF0004005861
:103818004FF48013094A0A4910B5D2F8A400884227
:103828000BD0581CF9D0013BF7D183F31188BFF3B3
:103838006F8F0424204602DFEFE710BD00640258B2
:103848000003008013B50E4C204632F011FA40B93F
:103858000C4801210C4A1AF08CF96FF0120002B0E2
:1038680010BD0223F422CDE90023A3681B681BB115
:10387800694620469847F2E76FF05700EFE700BF28
:1038880088630308246D03081F9A03085F2838B566
:10389800054607D9124A0346012112481AF072F95F
:1038A800002038BD00F01F0301249C40FFF7B0FF43
:1038B8001F2D4FF0B0430AD8D3F888309C434FF4FB
:1038C8004072094B0CBF012000205A62E9E73F2DE6
:1038D80002D8D3F89830F1E7D3F8A830EEE700BF64
:1038E8003E9A0308246D03080064025838B5012184
:1038F80000F01F055F28044601FA05F507D90F4AAD
:1039080003460F481AF03EF96FF0150038BDFFF76F
:103918007FFF1F2C4FF0B04307D8C3F88850094BDE
:103928004FF4407200205A62F0E73F2C02D8C3F8E7
:103938009850F4E7C3F8A850F1E700BF3E9A03088F
:10394800246D030800640258026800290CBF4FF078
:1039580080410021054B906803400B4343F000432E
:1039680093609368002BFCDB704700BFC0FFFE3FED
:1039780070B54368054604691E683368DA0605D5DC
:1039880010233249324833601AF0BFFA33685B07B4
:1039980043D5D4F89430326C991CC4F894101A802A
:1039A80094F8A53094F8A4200133DBB29A4284F845
:1039B800A53032D1002384F8A530636EA3B3E36F3A
:1039C800B4F888203BB104F16401284698470128DF
:1039D80011D0022822D0B4F88830B4F884209A4252
:1039E8001CD90133A4F88830A36F4BB92046BDE831
:1039F80070401AF08EBAD4F89830C4F89430F3E7CF
:103A0800BFF35B8F54E8003F5A1E44E800210029A9
:103A1800F8D1012BBFF35B8FE8DC70BDA36F1BB13E
:103A280004F1080032F03BFBD4F890305B681A6868
:103A38004FF6FF73A4F8A630D36943F00103D361AE
:103A480004F15000BDE8704017F030BF7E9A0308BB
:103A5800046D0308044808B5FFF78AFF0348BDE86A
:103A68000840FFF785BF00BF08660308E86503083C
:103A78000148FFF77DBF00BFC8650308F8B50A799C
:103A88000D46436807469106186808D51B7E33B96A
:103A9800484949481AF039FA6FF01500F8BD02F0A4
:103AA8001F0312F0200F4FF00104444A40F2FF7642
:103AB80004FA03F418BF1646092B03EB430244EA41
:103AC8008364D0F8C03089BF1E3A44EA025444EAFD
:103AD800025444F000742340C3F31303B34211D0DB
:103AE8001AF05AFAD0F8C030C4F3130206F01806D8
:103AF80023EA0203324AF24022401343C0F8C0309E
:103B08001AF02DFA2B78092B01D02E49C1E76B78D2
:103B1800042B01D02C49BCE72C7968887D6804F017
:103B28001F042968B0B143F6FF7398421CD005F111
:103B380018060022254F36F8023F3B439BB29842B5
:103B480009D00132082AF6D121491B481AF0DDF9BB
:103B580020499EE7024695F92A303BB1013BDBB28A
:103B6800012B25D91C49F0E70722F4E7012304EBD0
:103B78004400092C4FF0070503FA04F388BF1E38E8
:103B880043EA846301F114048ABF43EA005343EA19
:103B9800005343F00073D80DC3F3045300F004003E
:103BA8009D4002FA03F3215821EA05010B432350F3
:103BB800002073E7F79A0308046D03080000FF4725
:103BC800FFFF0F00379B03084C9B030800C0FFFF53
:103BD800669B0308BF9B0308899B030873B5466867
:103BE8000546346820461AF0D7F901216868FFF7BE
:103BF800ABFE337E1BB100216868FFF7A5FE6B683A
:103C0800224899688368DB68002B37D1204921480E
:103C18001AF07BF9019B1BB91F491E481AF075F968
:103C280020461AF09CF9002826DB1C4B9C422AD01F
:103C38001B4A94420CBF082210221A4B00214FF451
:103C4800800503EB8203D4F8C82005FA01F01E684A
:103C580002F040423243C4F8C820A26822F48032FD
:103C68000243A260104AA668304201D1013AFAD153
:103C7800013104330629E6D102B070BD01AA984784
:103C88000028C7DAC2E70022D7E700BF8863030825
:103C9800D59B0308046D0308EF9B0308002002402E
:103CA8000021024000ECF11F710008002DE9F74FD8
:103CB800D0F8048006460769D8F80050DFF83CB20F
:103CC800584631F0D5FF48B96FF012048C498D4839
:103CD8001AF01BF9204603B0BDE8F08F4FF6FF73CA
:103CE800DBF808A0C7F89060A7F8A630D6F80490CB
:103CF800DAF80030D9F80040D9F808104BB3584624
:103D0800984730BB804B9C423ED003F1C0537F495B
:103D18007F4A03F586438C4208BF13469A68D9F850
:103D2800101022F47C120A439A60D9F81030D9F89E
:103D3800081023F40032B2F5803F03D0B3F5003FFA
:103D480018BF0831DAF80C3003BB72496D481AF015
:103D5800DCF801AA0021D8F814001AF014FE041E99
:103D680008DB019B00221979186801F0ABFD041EDD
:103D780080F29F80A21C00F09C80674A23460121A4
:103D8800604819F0FFFEA5E7614BC7E701AA5B4849
:103D980098470028D9D1D9F81030B3F5A01F33D0EF
:103DA8001AD8B3F5802F53D00DD8B3F5003F4FD0B4
:103DB80004D833F4803304D1012326E0B3F5403F1F
:103DC8004CD05649C2E7B3F5402F43D0B3F5801F16
:103DD80042D0B3F5002FF3E7B3F5101F40D00AD84F
:103DE800B3F5E01F3ED0B3F5001F3DD0B3F5C01FBB
:103DF800E7D10C2309E0B3F5201F37D0B3F5301F06
:103E0800DFD14FF4807300E00A23454A116841F27C
:103E18000302B2EB114F2CBF012202225343019A35
:103E2800B2FBF3F33F4A0193934221D93E4A9342AE
:103E380033D93E4A934233D93D4A934233D93D4A16
:103E4800934233D93C4A02212E4819F09BFE80E761
:103E58000223DAE70623D8E70823D6E70423D4E7C2
:103E68004023D2E71023D0E72023CEE78023CCE7F6
:103E780000232B4A126802F04052B2F1805FA26818
:103E880015BF03F4407322F4807222F4407242EAB0
:103E9800930318BF1343A3605BE74FF48073E8E70D
:103EA8004FF40073E5E74FF4C063E2E74FF4E063D3
:103EB800DFE7AB6823F0204323F03F03AB60AB6838
:103EC80023F0104323F03F0343F08053AB602B688B
:103ED800DB04FCD5D8F8043003B198473046FFF727
:103EE8007DFEEB6823F47E63EB60BB6C1BB907F1C6
:103EF800400017F0DBFC0024ECE600BF88630308F1
:103F0800C7930308046D0308002002400021024003
:103F180000230240039C0308639C0308259C0308B4
:103F28000010005C105E5F0020BCBE00002D310157
:103F380040787D0180F0FA02439C03082DE9F04F98
:103F4800076987B006460D4607F1400303934FF013
:103F5800FF324FF0FF33039817F0DCFC73683469C5
:103F6800D3F80080AB68C4F894306F683846C4F85A
:103F7800A070FCF711FA002384F8A40084F8A53097
:103F880027B9A849A84819F0C0FF07E010280EDD96
:103F98001023A64A0121A44819F0F4FD6FF0150476
:103FA800039817F083FC204607B0BDE8F08F7268CD
:103FB80010682C3292F901C0634502DB13D19C4989
:103FC800E0E752F8041F95F810E0BEEBD14F29D175
:103FD8005FFA81F9C1F30427C1F3423BC1F3024AF6
:103FE800B9F1FF0F20D173684FF0000932690493CB
:103FF8001B68D2F8A00003F1300B68BB94F8A4202A
:104008002B68520013B19B8903FB0222EB68934291
:104018007AD20121009284486FF00B04854A19F086
:10402800BBFDBDE70133C7E750F80930FB400BEA99
:1040380003039A45D7D019F0AFFF73680BFA07FB53
:104048000AFA07FA196851F8093023EA0B0343EA18
:104058000A0341F80930C6E790FAA0F10122B1FA43
:1040680081F1092901EB410C02FA01F288BFACF198
:104078001E0C059242EA8162049988BF42EA0C52FA
:1040880091F92B1094BF42EA0C5242F000720129B8
:104098002AD1C2F3130CC2F3846EBCF1000F29D1EC
:1040A80001FA0EF2D9695FFA89FA1F271143624AA9
:1040B800D96152F82A104FEA911C01F01F010CF047
:1040C8000C0C8F400EFA01FE5C495BF80C2051F88D
:1040D8002A1022EA070242EA0E024BF80C201A6B59
:1040E80022F00F020A431A63059A09F1010920EA2E
:1040F800020082E792FAA2F2B2FA82F2012102F0F9
:104108001F0201FA02F2CDE771686A7C0868002A8A
:1041180054D1036923F4806323F003030361AB7C68
:1041280013B13046FFF75AFD404604F1640619F012
:1041380016FF1023AC46C8F80030D8F8043043F016
:104148000403C8F80430BCE80F000FC6DCF80030E0
:104158003360002626662B68002B5FD004F17805B3
:104168000FCB85E80F006566A4F88860002855D055
:10417800BFF35B8F54E8003F44E80062002AF9D19E
:10418800BFF35B8FA06F64220023633046F1000108
:10419800FCF7CEF800220023CDE9000104F1080065
:1041A80018F060FB4FF0FF324FF0FF3304F150007E
:1041B80017F0B0FB00B12066246EF1E60A2A2BD86E
:1041C800036923F4806323F0030343F001030361CD
:1041D80091F92C30022BA2D1194B4FF0010953F859
:1041E80022A009FA02F9174B0269134003F580333C
:1041F800B9EB134F04D1036903F4F0739A458ED0D9
:1042080019F0CAFE0269104B09F1FF39134043EA5D
:104218000A0343EA094381E70C49B3E6204619F04B
:1042280078FEBFE7819C0308046D0308969C030889
:10423800BF9C0308D29C0308AC7003086C70030889
:10424800407003080000FF031FFE00FCF79C0308F2
:10425800064B1B6903F03803102B05D0182B0448B4
:1042680018BF0020400870470248FBE70044025886
:104278000084D71740787D01374B10B518680B8834
:10428800C3F30B03132B37D813B96FF0850032E053
:10429800013B122BF9D801A454F823F02D43000850
:1042A800F1420008934200084F43000833430008D6
:1042B8009342000893420008374300083B43000834
:1042C800374300083F4300084343000833430008CE
:1042D80047430008474300084B430008934200083F
:1042E8002543000825430008002010600B68B3F53B
:1042F800805F2AD2002010BDD42B0FD003F628737C
:10430800C3F30B031C2BC0D8012404FA03F3134C8A
:10431800234205D140F211142342B6D04008E4E705
:104328008008E2E7FFF794FFDFE70D48DDE70D4877
:10433800DBE70D48D9E70D48D7E70D48D5E70D4825
:10434800D3E70D48D1E70D48CFE7C3F31333013363
:10435800B0FBF3F01060CDE7B80300240010111192
:10436800006CDC020084D71700C2EB0B001C4E0E59
:10437800000E27078066AB13E09DA30140787D01FE
:104388004FF48013094A0A4910B5D2F88C008842C4
:104398000BD0581CF9D0013BF7D183F31188BFF338
:1043A8006F8F0424204602DFEFE710BD0064025837
:1043B8000003008010B50B880C4603F62C73C3F37A
:1043C8000B03202B13D8FFF7DBFF2388616800203D
:1043D800C3F30B0303F1B04303F511331A6822EA60
:1043E80001021A604FF44072024BDA6010BD6FF0A0
:1043F8008500FBE70064025813B50B880C4603F6EA
:104408002C73C3F30B03202B1DD8FFF7B9FF2388A8
:1044180061680020C3F30B0303F1B04303F51133C4
:104428001A680A431A604FF440722388C3F30B03D7
:1044380003F1B04303F511331B680193019B034B50
:10444800DA6002B010BD6FF08500FAE70064025828
:1044580073B5A94CD4F8E03043F00073C4F8E030E9
:10446800D4F8E03003F000730193019BFFF788FF55
:10447800236823F480232360236843F48033236074
:1044880023689803FCD523689B4A43F48053236030
:1044980013689904FCD5994B9A6942F440429A6191
:1044A8009A699204FCD5944B1A6902F03802182ACA
:1044B80016D11A68560706D41A6842F001021A6023
:1044C8001A685507FCD58C4B1A6922F007021A6145
:1044D8001A6912F0380FFBD19A6922F00F029A611B
:1044E800854B1A6822F080721A601A6822F080627E
:1044F8001A601A6822F080521A609A6A22F003023F
:1045080042F002029A629A6A22F47C7242F05002E5
:104518009A62DA6A22F00C0242F00802DA62DA6A77
:1045280022F00202DA621A6B22F4FF7222F0010210
:1045380042F09F021A63DA6A22F00102DA621A6B09
:1045480022F47E4242F400721A63DA6A42F480323C
:10455800DA621A6B22F4FE0242F440321A63DA6A13
:1045680042F40032DA621A6B22F0FE4242F08072A4
:104578001A63DA6A42F48022DA621A6842F08072B8
:104588001A601A689401FCD59A6A22F47C3242F4C3
:10459800A0429A62DA6A22F0C00242F08002DA622D
:1045A800DA6A22F02002DA629A6B22F4FF7222F0B1
:1045B800010242F05F029A63DA6A22F01002DA62BC
:1045C8009A6B22F47E4242F400729A63DA6A42F4E9
:1045D8000022DA629A6B22F4FE0242F440329A63B5
:1045E800DA6A42F48012DA629A6B22F0FE4242F0F2
:1045F80010629A63DA6A42F40012DA621A6842F0C8
:1046080080621A603C4B1A681001FCD59A6A3A4CD1
:1046180022F07C7242F4A0029A62DA6A22F44062C2
:1046280042F40062DA62DA6A22F40072DA621A6C20
:1046380022F4FF7222F0010242F083021A64DA6A5D
:1046480022F48072DA621A6C22F47E4242F400721A
:104658001A64DA6A42F48002DA621A6C22F4FE0200
:1046680042F480321A64DA6A42F40002DA621A6C9E
:1046780022F0FE4242F0B8521A64DA6A42F08072BE
:10468800DA621A6842F080521A6023689900FCD5F1
:104698001B4EFFF7DDFD0546B04202D8194802F06F
:1046A8001DF8A369144A23F47063A361A36923F076
:1046B8000F0343F00803A361E36923F0700343F099
:1046C8004003E361E36923F4E06343F48063E36157
:1046D800A36923F0700343F04003A361236A23F026
:1046E800700343F040032362236923F0070343F078
:1046F8000303236108E000BF004402580048025841
:10470800FFC1EB0B00C2EB0B136903F03803182B46
:10471800FAD1B54202D90E4801F0E0FF0D4B9A6973
:1047280042F440429A619A699204FCD50A4B4FF4CC
:1047380040720020DA60094A136923F400431361C8
:1047480002F14042064BA2F52B121A6002B070BD6E
:1047580000C2EB0B0048025800640258004402589B
:10476800B8030024132808D8054BC34013F0010FE1
:1047780014BF00206FF0850070476FF08500704708
:1047880032FF0D0010B508880C46C0F30B00FFF788
:10479800E9FF002826DB4B68FF2B22D0FFF7F0FD4E
:1047A800626893B2C2F38450C2F3054203F1B04386
:1047B80000FA02F203F51133196821EA02021A60BD
:1047C80061688BB2CA0EC1F3054103F1B0438A4058
:1047D80003F51133186802431A604FF44072024B14
:1047E800DA60002010BD00BF0064025808B5074811
:1047F80031F03EFA38B10648FEF772FE0448FDF77C
:10480800B5F8002008BD6FF01200FBE7A8650308A3
:104818001D4800080A2838B50446074D04D1AB687E
:104828000D2128465B689847AB68E1B202485B688F
:104838009847204638BD00BFA865030898B540686A
:1048480000AF046B0369DCB133BB204631F010FACA
:10485800034640BB21686C4688B06A461548C2E9E1
:1048680005014FF400719183134942F8101F134852
:104878004FF4E251FDF79EFB6FF01200A54602E0EF
:104888001BB96FF05700BD4698BD0121103019F0D3
:10489800C9FB00EAE070F6E70121103019F0C2FB0D
:1048A8000028D2DAEFE7A3685B68002BE9D020463E
:1048B8009847E8E74A9D030803000001146D0308C0
:1048C8000A4370B5049E4568046910D19A8829681E
:1048D8008A420CD1D8886968884208D11B899342DA
:1048E80005D1D4F8B8309E4209D1002006E012481C
:1048F8000121124A19F03DF96FF0850070BD04F1ED
:10490800BC05284617F02CF823680122C4F8B460C7
:10491800DA632268536B43F0010353634FF0FF32AD
:104928004FF0FF33284616F0F5FF2268536B23F04B
:1049380001035363D9E700BF146D0308669D03089C
:10494800F8B5456807460669AB6873B14FF4D011EE
:1049580005F1080019F04BFB041E06DA2E4A012166
:104968002E4819F006F92046F8BD2B694BB14FF4D3
:10497800B01105F1100019F03AFB041E01DA284ABB
:10498800EDE7284C204631F073F938B9264A012161
:1049980022486FF0120419F0ECF8E4E7A368A9695B
:1049A8001B682BB120469847041E04DA1F4AD6E735
:1049B8006FF05704FAE7D5E908018368DB6803B1AB
:1049C80098474FF48163A6F8A8300122002106F128
:1049D800BC0031F09AF9EB6A38469847144A3046D9
:1049E800136823F00D0313601AF0A1FB0446002896
:1049F800B9D1024606F1380130461AF0F6FB0446F2
:104A08000028B0D13268D2F8043123F00103C2F88B
:104A18000431084B1864A6E7939D0308146D030836
:104A2800C79D030888630308C7930308FE9D03080E
:104A3800004000520010005098B5406800AF046B69
:104A48000369DCB133BB204631F012F9034640BBA1
:104A580021686C4688B06A461548C2E905014FF4DA
:104A680000719183134942F8101F13484FF4E25123
:104A7800FDF7A0FA6FF01200A54602E01BB96FF02F
:104A88005700BD4698BD2146103019F0CBFA00EA10
:104A9800E070F6E70021103019F0C4FA0028D2DAE5
:104AA800EFE7A3681B68002BE9D020469847E8E7A2
:104AB8004A9D030803000001146D030808B5044A61
:104AC8000121044819F055F86FF0850008BD00BFB2
:104AD800549E0308946D030837B50D46009313469A
:104AE8000A46817E006819F033F9041E09DA064A7D
:104AF8002B4601210548009419F04EF8204603B0D2
:104B080030BD0024FAE700BF6F9E0308946D0308C8
:104B180070B505464068C3682BB100210C3019F008
:104B280053FB044638B90023686828211A46BDE8B3
:104B38007040FFF7D1BF0346034A0121034819F02B
:104B48006BFB204670BD00BF959E0308946D03085B
:104B580070B505464068C3682BB101210C3019F0C7
:104B680033FB044638B90023686829211A46BDE892
:104B78007040FFF7B1BF0346034A0121034819F00B
:104B88004BFB204670BD00BFB49E0308946D03081C
:104B98002DE9F0414668054607698EB0706860B334
:104BA80006F1040831F064F850B96FF01204734A42
:104BB8000121734818F0DDFF20460EB0BDE8F081F2
:104BC8004FF4B011404619F0E4FA041E06DA234601
:104BD8006C4A01216A4819F01FFBEDE7142019F00F
:104BE8001DFB0121404619F0EFFA041E02DA2346A4
:104BF800654AEEE7C82019F011FBB38B002B29D1C9
:104C0800F28A7A80328BBA807B70337D03AA8DF862
:104C18000C3040F603030D933B78102B14BF002390
:104C280003230C937B8804932223CDE905330223C5
:104C38000793BB8808939623CDE9093378230B9310
:104C48003068B17E83681B689847041E1BDA2346C8
:104C58004E4ABEE75A2B05D1338B7B80F38ABB8043
:104C68000123D1E7B42B05D1F38A7B80338BBB803A
:104C78000223C9E7B3F5877FC7D1338B7B80F38ADB
:104C8800BB800323C0E7686800230124DB228DF87A
:104C98000B300DF10B03817E0094006819F03EF88B
:104CA800A0420AD021466FF004040346384A34482B
:104CB80019F0B2FA2346374A8BE79DF80B30802B60
:104CC80009D0802201462E486FF015040092324A1E
:104CD80018F062FFEEE74FF4D01106F10C0019F05E
:104CE80058FA041E02DA23462C4A72E718222C4985
:104CF80028462E6919F0A1FA041E2EDBC82019F0E7
:104D08008DFA737803225BBB2649284619F095FA79
:104D18000028044621DB0023112168681A46FFF7A2
:104D2800DBFE041E19DB142019F078FA33780DF134
:104D38000B023A21102B686814BF772355238DF88E
:104D48000B300123FFF7C8FE041E06DB06221649B6
:104D5800284619F072FA044620B12346134A38E768
:104D68001349D2E72846FFF7F3FE0446034608B185
:104D7800104A2EE7104A03212CE700BFD29E0308F1
:104D8800946D0308F29E03080D9F0308299F0308EA
:104D9800469F0308769F03085D9F0308929F0308B8
:104DA80068A0030853A0030814A00308AF9F0308D2
:104DB8003EA00308CE9F0308F09F03082DE9F8439F
:104DC800D0F804801746D0F810900D46D8F808009F
:104DD8001E4619F076F8B7F5001F044616D1D8F824
:104DE80008402846FEF7F8FC84420CD1294619F001
:104DF80068F8044619F06AF82046FEF7B3FC00216B
:104E08002046FEF75BFC0020BDE8F883B7F5800F6D
:104E180020D0B6F1806F19D0B6F1C06F18D0B6F1B6
:104E2800007F1AD102264A460F492046FEF77AFC2F
:104E3800B0B9D8F808102846FEF7A6FC2046314637
:104E4800FEF73CFC2046FEF721FCDCE70126EAE7FA
:104E58000326E8E76FF08500D6E76FF01500D3E783
:104E68006FF00F00D0E700BFD1E301084FF48013C3
:104E7800094A0A4910B5D2F8A00088420BD0581C3C
:104E8800F9D0013BF7D183F31188BFF36F8F042466
:104E9800204602DFEFE710BD0064025800030080DF
:104EA80038B543680C465D68FFF7E0FF4FF4407281
:104EB80000206B6963406B61014B1A6238BD00BF0B
:104EC8000064025870B543680D4614465E68FFF7E3
:104ED800CDFF4FF44072002073695C402C405C4069
:104EE800014B74611A6270BD006402582DE9F843E1
:104EF800164645680124884602F0300799468C40DA
:104F0800FFF7B4FF6A68C6F38013C6F3C111C6F38E
:104F1800412622EA040203FA08F3202F43EA020397
:104F280004FA08F26B6002EB4200D5F808C002FBF5
:104F380001F102FB06F66FEA00032CEA000C41EAD5
:104F48000C01A960E96821EA000146EA0106EE6061
:104F58000FD1B8F1070F18D802FA08F1286A01FA38
:104F680008F1C1EB011401FB09F120EA0400014337
:104F7800296229683F090B4057434FF440721F4389
:104F8800094B2F601A62BDE8F883240A696A6443F2
:104F98006443C4EB041004FB09F921EA000141EA67
:104FA80009016962E5E700BF0064025838B5036982
:104FB800044658600A4D284630F05AFE60B1AB6886
:104FC80061681B680C3123B12846984700EAE070F5
:104FD80038BD6FF05700F9E76FF01200F8E700BF2F
:104FE8008863030808B5044A0121044818F0C1FD84
:104FF8006FF0040008BD00BFAEA10308446D0308AC
:1050080098B5426800AF0369D26883F84E1029B991
:10501800136823F440131360BD4698BD6C468AB0EC
:1050280003686A460848D161C2E905034FF4007372
:105038001384064B42F8103F00234FF411510448E3
:10504800FCF7B8FFA546E7E7CCA103080400000178
:10505800446D0308F7B50446436806690F461C48C3
:105068000022DD68596883680192DB684BB96FF0EC
:105078000404184A0121184818F07BFD204603B0A3
:10508800F0BD01AA98470028F1DB376206F1100746
:105098004FF0FF324FF0FF33384616F03BFC2B68D9
:1050A800204623F001032B6096F84E10FFF7A8FF67
:1050B8002046019900F004F996F84D3004461BB1DA
:1050C8002B6843F001032B60384616F0EFFBD5E759
:1050D80088630308E0A10308446D030870B504461B
:1050E800466805694FF0FF320021284630F00DFE72
:1050F800336820469847002385F84C3085F84E30B1
:10510800012205F11000114630F0FFFD224830F071
:10511800AFFD40B96FF01204204A0121204818F071
:1051280028FD204670BD204600F048F833691D4A26
:10513800934224D018D81C4A934222D01B4A934247
:1051480021D001211A4A164818F013FD00212046E3
:1051580041F01001FFF77EFF041E18DA154A0121FD
:105168000F4818F006FDDCE7134A93420DD002F50C
:10517800C31202F520629342E3D10A21E7E7062130
:10518800E5E70221E3E70421E1E70821DFE701235E
:10519800002485F84C30C4E788630308C7930308E4
:1051A800446D030840420F00A0860100801A0600E3
:1051B8000EA2030829A2030840E1330037B5456869
:1051C80001AA0021686919F0DEFB041E07DB019BB8
:1051D80000221979186800F075FB041E08DA0D4AD8
:1051E800234601210C4818F0CDFC204603B030BD01
:1051F8000A48696883681B683BB9094A012106485F
:105208006FF0040418F0B5FCEFE79847044600284F
:10521800EBD0F2E75DA203084C6D0308886303082E
:105228007BA2030830B504694068C0684568ED0191
:1052380007D543684A6823F47F0343EA024343607F
:1052480030BD246A1D4D14F0010F44682AD044F47F
:105258000064446044682C40234343600B7A9C07F5
:1052680028D43AB313785B0724D4436843F0807397
:1052780043604368039A23F000734360436823F450
:1052880080631343436043684A6823F47F0343EA17
:1052980002434360036843F001030360436843F437
:1052A8000053CCE724F40064446044682C4044EA8A
:1052B8004303D2E7436823F08073D9E700FCFFFF7C
:1052C8002DE9F84F47680C46D0F810900025D7F81C
:1052D8000C80474A474BF969A9420FD8D9F82030C2
:1052E800C3F34203012B45D0022B72D0424A4348F4
:1052F800012118F03EFC6FF0150028E00C26D7F8C5
:1053080018B03F486E430BEB060ADAF804108142E6
:1053180026D01ED83B48814224D03B48814223D026
:105328000121364818F025FC0021314A314BD9F8C3
:105338002000C0F34200B0EB510F19D15BF8061002
:10534800A14215D1DAF808300020C8F81030BDE8BD
:10535800F88F2E48814209D09942E1D10A21E6E727
:105368000621E4E70221E2E70421E0E70821DEE77D
:105378000135B0E741F25C2C4FF47A6740F2E2461F
:105388004FF4FA750221224B4A1EB4FBF2F2B3FB2A
:10539800F2F2B7FBF2F00138FF2823D8BCFBF2FE8B
:1053A8000EF1FF3EBEF1FF0F1CD8B5FBF2F9B9F1C3
:1053B8000F0F17D8B6FBF2F2013A0F2A12D80239AA
:1053C8004EEA094343EA017343EA025343EA0023DE
:1053D800BAE740F2145C4FF416774FF4FA7640F2CD
:1053E8007715CFE701311129CED10A4A7FE700BFEF
:1053F8000EA20308404B4C00ABA20308546D0308EF
:1054080040420F00A0860100801A060040E13300E8
:1054180000CA9A3B26A303082DE9F04350F8045C20
:1054280087B001240227D5F804800DF111032E69F5
:105438000DF11202D8F80C00B8F8101000948DF88D
:10544800127019F0D2F900284DDB9DF8113003F0E5
:105458000F038DF811305BB30323D8F80C00B8F8AC
:1054680010100DF113028DF813300423009305ABCF
:1054780019F0BBF9002836DB9DF814109DF81620AA
:1054880009029DF81530100202F00F0201F4706154
:1054980000F470600F2A43EA01039DF8171041EAEF
:1054A80000010AD1194A00913946194818F074FBCD
:1054B80096F82030D3B9002413E04FF0FF384FF0AE
:1054C800FF391A462846CDE9008919F0C9F923465B
:1054D8004FF4A572214628460094CDE90289FEF7CB
:1054E8004BF886F8204007B0BDE8F0834FF0FF3254
:1054F8004FF0FF3301212846CDE902230091002314
:105508004FF4A572FEF738F8D5E700BF59A3030892
:105518002C6D0308F8B5456804460669E86830F05C
:10552800A7FB40B93A4A6FF012040121394818F034
:1055380020FB2046F8BD3046374940F8044B30F090
:105548002FFC6B6903B34FF4D01105F1140019F067
:1055580028F9041E05DA314A01212E4818F009FB02
:10556800E7E70021322030F0EFFC2B7E686901214B
:10557800994003691B68194283680CBF1B69DB6883
:10558800984700280446D4DB05F11C04E86930F08C
:105598006FFB08B9224AC6E720464FF4803119F05C
:1055A80000F9041E01DA1F4AD6E7E86995F82010C9
:1055B80082680369946984B101271B6807FA01F2BC
:1055C8001A424FF0A07214BF4FF000734FF080637F
:1055D800A047041E04DA144ABEE76FF05704FAE73E
:1055E80095F8203006F11401104A07FA03F3C6E9CA
:1055F8000623E8698368DB692BB13A469847041E9D
:1056080004DA0B4AA8E76FF05704FAE7002490E79A
:1056180078A303082C6D03082154000898A30308F5
:10562800B4A30308DFA3030806A40308EBE70108F3
:1056380034A403080346F0B553F8186D85B0054641
:105648007268D16892685C1A154BE4105C430C23AD
:105658006343D718D058397919F0E3F8031E08DAEC
:10566800104A0121009323460F4818F095FA05B017
:10567800F0BD15F9082C9A42F9D04FF0FF304FF0E1
:10568800FF3105F8083C003B3A8918BF0123CDE9F2
:105698000201012130460091FDF76EFFE7E700BFE8
:1056A800398EE33861A40308346D03082DE9F04FFF
:1056B80085B04FF00009466802AFF5687860183584
:1056C8003D6073684B4505DC337D002B40F09F80BF
:1056D800002423E00C23D6F808A003FB09F80AEB02
:1056E80008045AF8080030F0C3FA0346D8B95AF843
:1056F80008206C4688B0116802AA4948C2E9050129
:105708004FF400719183474942F8101F4FF4E2515A
:105718004548FCF74FFCA5466FF0120420460C37AD
:10572800BD46BDE8F08FE3885AF80800217943F4B4
:1057380080324FF0010C046913F0010FD0F808E033
:1057480023680CFA01FC14BF4CEA030323EA0C0398
:105758002360DEF800309847044638B1334A4B4698
:1057680000900121304818F017FAD7E77B682846DF
:1057780045F8183C316930F03FFB337D002B42D1AE
:10578800D6F808A00123A5F114010AEB080B9BF831
:10579800042003FA02F2264B45E904325AF80800BD
:1057A8008268D46964B10122A047041E0BDA214A39
:1057B80001211D4818F0DDF91F4A4B460094D0E737
:1057C8006FF05704F3E79BF804105AF8080019F033
:1057D80028F805F8080C5AF808009BF804108368A4
:1057E8009C696CB14FF0C0634FF0A072A047041ED3
:1057F80009DA124A234601210B4818F0C3F9DBE7FE
:105808006FF05704F5E709F10109483559E732689F
:105818000A233868A2FB032316F066FA58E700BF8C
:105828007DA4030803000001346D03088DA4030858
:1058380053E8010834A40308ADA40308B4A403087A
:1058480037B5456801AA0021E86819F09CF8041EDC
:1058580007DB019B00221979186800F033F8041E51
:1058680006DA134A23460121124818F08BF90BE097
:10587800114C204630F0FCF948B96FF012040F4A79
:1058880001210C4818F075F9204603B030BDA36813
:1058980069681B6833B120469847041E05DA084A30
:1058A8002346E0E76FF05704F9E70024ECE700BF70
:1058B800E1A403087C6D030888630308C793030801
:1058C800FFA403082DE9F047044600EBC1060025B4
:1058D8001C4FB44201D1002014E02068C30600F038
:1058E8001F0911D4656845F02005C0F3481AC0F3B4
:1058F8004420192823D857F82080B8F1000F0DD17B
:105908006FF01200BDE8F087B9F1100F04D0B9F1BB
:10591800110FEAD16568E8E73025E6E7404630F040
:10592800A7F90028ECD04B462A460AF00F0140465A
:1059380018F060FD002804F10804CADAE2E76FF005
:105948001500DFE7007503082DE9F04182B08046B5
:105958000D46436800AF02691E68002936D01068FA
:10596800D9688368DB686BB13A1D9847041E0CDA66
:105978001A4A01211A4818F0FCF820460837BD4693
:10598800BDE8F0816FF05704F2E7336823F4004371
:1059980033607B6803EB5503B3FBF5F30F2B18D883
:1059A8006C468AB0D8F800306A460E49D561C2E91B
:1059B80005134FF4007313840B4B42F8103F002378
:1059C8004FF411510648FCF7F5FAA5466FF0150497
:1059D800D3E79BB20024F360CFE700BFE0A1030840
:1059E800B46D03086BA5030804000001F8B50C4664
:1059F800036941685D682379012B15D09F1E7E429B
:105A08007E41B6026279022A96BF464F4FF400578C
:105A180037F81270A279022A09D0042A30D0003B44
:105A280018BF01231B0306E04FF4C066EAE7B3FA88
:105A380083F35B091B07E2790968012A14BF4FF059
:105A4800000C4FF4407CA5421DD10A6822F0805218
:105A580022F4B05232431A430A604B6823F440538D
:105A68003B434B6043681A68936823F4407343EAE6
:105A78000C0393602968FFF767FF00EAE070F8BD40
:105A88004FF48053D7E7D1F800E00EF4C06E7645A6
:105A980006D0D1F800E02EF4C06E4EEA06060E607D
:105AA80041680E68716801F440518F4204D07168F2
:105AB80021F440513943716041680E68316801F042
:105AC80010218B4204D0316821F010210B43336040
:105AD800436819688B6803F440739C4505D08B684C
:105AE80023F4407343EA0C038B6043681B6899688E
:105AF800490405D5032A09D09A6822F4804204E0B3
:105B0800032A03D19A6842F480429A6021682B687C
:105B1800994205D0FFF718FF0028B0DB23682B60F7
:105B28000020ACE7348B03082DE9F04182B006462B
:105B38004568046900AF6E48206030F099F838B9BC
:105B48006C4A01216C486FF0120418F012F80BE04F
:105B58002068E96883681B685BB96FF05704674A77
:105B68000121654818F005F820460837BD46BDE80C
:105B7800F08198470446E8B93A1D0021286A18F0D0
:105B880002FF041EF0DB7B68002219791868FFF712
:105B980099FE041EE8DB756833692C68D3F8048025
:105BA800236823F001032360686830F061F848B97E
:105BB800534AC6E7514A01214F4817F0DAFF002C33
:105BC800D2DBD9E7D5E901018368DB6803B19847DF
:105BD80054E8003F43F00C0344E80032002AF7D1B0
:105BE80041463046FFF702FF002802DA6FF015043D
:105BF800BAE72B7D1BB1A36843F00803A3606B7D54
:105C08001BB1636843F400436360AB7D1BB16368F9
:105C180043F480336360EB7D1BB1636843F4003366
:105C280063602B7E002B50D0364B9C4233D0A3F5BB
:105C38004C439C422FD003F580639C422BD003F544
:105C480080639C4227D003F580639C4223D003F5F0
:105C580044439C421FD0A3F51C439C421BD003F530
:105C680080639C4217D0284B9C4214D06C4688B065
:105C780033686A462549C2E905134FF400739383D4
:105C8800234B42F8103F00234FF4E2511A48FCF727
:105C980091F9A546AAE773681A68936843F48043A4
:105CA800936023686A7E23F0787343EA4253236043
:105CB8002368AA7E23F4F81343EA02432360EB7EA9
:105CC8001BB1A36843F40043A3602B7F1BB1236877
:105CD80043F000532360236843F001032360E36922
:105CE8009A02FCD5E3695B02FCD500243CE700BFBF
:105CF80088630308C7930308B46D030882A50308E3
:105D0800A2A5030800100140000C0058BDA5030817
:105D180003000001F8B5436802460E4691F805E015
:105D28001C68036908795D6801288B7913D1BEF175
:105D3800020F6CD9022B1F464FF4C0614FF4005C70
:105D48007DD0042B76D000287ED0C31E012B73D8BB
:105D58006FF08500F8BD02280AD1BEF1020F62D9A2
:105D6800022B1F464FF480610BD04FF4005CE8E72C
:105D7800BEF1020F5AD9022B1F4659D100286ED006
:105D88000021C31E012BE3D90020022703237345FA
:105D9800DED118F044FEB842DAD1F3791BB3012BF7
:105DA80065D1344B9C421ED0A3F54C439C421AD07B
:105DB80003F580639C4216D003F580639C4212D0A1
:105DC80003F580639C420ED003F544439C420AD0FD
:105DD800A3F51C439C4206D003F580639C4202D085
:105DE800254B9C42B4D123683146104623F0010369
:105DF8002360FFF7FBFD0028AADB236843F00103BB
:105E0800236096E8030085E803000020A2E74FF42A
:105E1800C0611A4F022B37F81EC01F4691D170B9C6
:105E28004FF0805010E04FF48061F2E70021F0E776
:105E380000219AE700288BD14FF4805004E0C31E5C
:105E4800012B85D902270020BCF5805F0BD0BCF55B
:105E5800405F0AD0BCF1000F98D1012397E70146B3
:105E68004FF0805092E7002391E702238FE7032B3E
:105E780097D06DE700100140000C0058348B0308E0
:105E88004FF0E0230F4910B59C691A6908689B69AF
:105E980002F480320C4934B993B903464AB90A6806
:105EA8001044C01A10BD002B08BF03460AB9A3420C
:105EB800F5D90A6802440A604FF0E0221269EEE759
:105EC8000446F3E72C910024289100240A4B102261
:105ED800002083F8232049F64042084B1A6049F60F
:105EE8003F42074B18604FF0E0235A6198611A69E6
:105EF80042F007021A61704700ED00E02C9100247F
:105F080028910024684620F007018D4619B5FFF74F
:105F1800B7FF1149114B0868D3E90042001942F153
:105F28000002C3E900020E4A00230B6049F6404311
:105F3800D2E90041001BB0FBF3F043431B1941F1C8
:105F48000001C2E9003116F08DFBFCF753FDBDE8F6
:105F580019408546704700BF28910024200C002472
:105F6800180C00242DE9F041DFF8E08099B1421CBB
:105F78000BD14FF0E022136923F0010313614FF0B6
:105F88007F43C8F80030BDE8F081D8F800600128E8
:105F980007DC00270BE0431CD8F80060F7D14FF46A
:105FA800D17040F2A3139842A8BF1846471EEFF3DA
:105FB8001185102383F31288BFF36F8FFFF760FFFB
:105FC800234C4FF0E0239969D4E9002380184FF05F
:105FD800000243F10003C4E900031E4B1A601E4B84
:105FE8001A68831A2ED449F6404C0CFB073303F584
:105FF8001C433F33B3FBFCF7131A40F6C4120CFBE7
:106008000733934238BF1346144A934228BF1346B6
:10601800C8F800304FF0E022013B9069536100233B
:1060280081429361A1EB0003D4E9001238BF9B19A8
:106038005B1842F10002C4E9003285F31188BFF30E
:106048006F8FA0E740F6C413E2E700BF2C9100244D
:10605800200C002428910024180C00248020FF0024
:1060680038B5EFF31185102383F31288BFF36F8FD0
:10607800084B1C68084B1B68E41AFFF701FF85F3FF
:106088001188BFF36F8F49F640432044B0FBF3F00B
:1060980038BD00BF200C0024180C002438B5EFF3DD
:1060A8001185102383F31288BFF36F8F044B1C688C
:1060B800FFF7E6FE85F31188BFF36F8F204438BDE4
:1060C800200C00247FB50D460446002800F0FB8014
:1060D800437C0BB918F0EAFD03232268637400239C
:1060E8000093D2F8303443F08073C2F83034236818
:1060F800D3F8303403F080730093009B17F07CFCD6
:1061080006462268D2F80C34D90477D5D2F8303450
:1061180023F45E3323F4FE73C2F830342268D5E9E1
:106128000003D2F83014DB0243EA8003A86843EA8C
:10613800004301200B43C2F8303400232268019346
:10614800D2F8303443F00103C2F830342368D3F86E
:10615800303403F001030193019B17F055FC17F04D
:106168004BFC06462368D3F80C24D2054FD50022F1
:1061780002925A6842F001025A6023685A6802F093
:1061880001020292029A9A6822F0FF029A6022683B
:10619800A16893680B4393602268D2F8A03043F05B
:1061A8000203C2F8A0302268D2F8A03043F00403FA
:1061B800C2F8A0302268D2F8A43023F00303C2F852
:1061C800A4302268E168D2F8A4300B43C2F8A430A6
:1061D80017F012FC23680646D3F8A4309B0726D094
:1061E8002368D3F8B03003F09403942B26D017F02B
:1061F80003FC801BB0F57A7FF2D915E017F0FCFBA1
:10620800801BB0F57A7F7FF67CAF032059E017F04A
:10621800F3FB801BB0F57A7FA4D9F6E717F0ECFB07
:10622800801BB0F57A7F02D900232374EDE7236839
:10623800D3F8B03003F01403142BEFD16B6846F297
:10624800A811224A0020012B38BF01235343AA6812
:1062580002F0030293402A684A432168B3FBF2F331
:10626800D1F8182422F03F02C1F818242168D1F887
:1062780018241343C1F818342368C3F8C4002368EA
:10628800C3F8C80022680390A061536823F0010393
:10629800536023685A6802F001020392039AD3F804
:1062A800942022F00302C3F8942022686168D2F88F
:1062B80094300B4343F00103C2F89430012360612A
:1062C800637404B070BD0120FBE700BF00093D0006
:1062D80030B5027C0346012A00F0248101220274B1
:1062E8000068426B22F0010242631868D0F800246B
:1062F80022F00102C0F800241868826B22F0030221
:1063080082631868CC68826B224382631868C26B08
:1063180022F47F5222F03F02C26318680C69C26BF4
:106328002243814CC2631868026C224002641868D8
:106338004D69026C2A4302641868426C2240426428
:106348001868426C8C69224342641868C26822F05B
:106358000302C26018680C68C2682243C2601868E9
:10636800426922F0070242611868D1E9085244697B
:106378002A43CD692A43224342611868026922F000
:106388000F02026118684C680269224302611868AA
:10639800D0F8002422F00E02C0F8002418684C68D7
:1063A800D0F8002442EA4402C0F800244A68032ACC
:1063B80009D11868026922F48072026118688C6831
:1063C8000269224302611868584C826C2240826438
:1063D80018688D6A826C2A4382641868C26C2240ED
:1063E800C2641868CC6AC26C2243C2641868026D21
:1063F80022F4FF4222F07F02026518680C6B026DDE
:10640800224302651C684A48626D024062651C6846
:106418004D6B626D2A4362651C68A26D0240A265DD
:106428001C68A26D8D6B2A43A2651C68E26D024050
:10643800E2651868CC6BC26D2243C2651868026EAB
:1064480022F47F5222F03F02026618680C6C026E3A
:10645800224302661868826B22F40042826318683D
:106468004C6C826B224382631868826922F47F0233
:10647800826118688C6C826942EA044282611868F9
:10648800826922F0FF0282611868CC6C826922431B
:1064980082611868826B22F40052826318680C6D5E
:1064A800826B224382631868826B22F48052826373
:1064B80018684C6D826B224382631868826B22F4E1
:1064C8000062826318688C6D826B2243826318684D
:1064D800826B22F4806282631868826BCC6D2243DF
:1064E80082631868826B22F40072826318680C6EEB
:1064F800826B224382631868826B22F48072826303
:1065080018684C6E826B224382631868826B22F48F
:10651800804282631868896E826B0A438263002016
:10652800187430BD0220FCE700E0FFFF00F0FFFF19
:1065380000FCFFFF30B5027C0346012A6ED0012221
:1065480002740068826822F47F42826018680C68CE
:10655800826842EA042282601868826F92B2826777
:1065680018684C68826F42EA044282671C682C4AA9
:10657800A06F1040A0671C688D68A06F2843A067B3
:106588001C68E06F1040E0671C68CD68E06F284326
:10659800E0671C68D4F880001040C4F880001C68CC
:1065A8000D69D4F880002843C4F880001C68D4F82A
:1065B80084001040C4F884001C684D69D4F8840035
:1065C8002843C4F884001C68D4F8840020F0807044
:1065D800C4F884001C688D69D4F884002843C4F882
:1065E80084001C68D4F888001040C4F888001C682F
:1065F800CD69D4F888002843C4F888001C68D4F80A
:106608008C000240C4F88C201868096AD0F88C20E5
:106618000A43C0F88C200020187430BD0220FCE723
:106628000000FFFF38B50D460446F0B190F82C3055
:1066380003F0FF021BB980F82D2018F024FE022376
:10664800211D206884F82C3000F014F8626829466F
:10665800206818F050FE064A0020136843F00043F3
:106668001360012384F82C3038BD0120FCE700BFFB
:106678000040005230B50A684D6AD1E90734234317
:10668800154C92B902682B43224013434A681343BE
:106698008A681343CA6813430A6913434A69134350
:1066A8008A6913430360002030BD02682B4322F43B
:1066B800F8421343036043684A68234013438A68D7
:1066C8001343CA6813430A6913434A6913438A691F
:1066D80013434360E7E700BF0080FFFF002854D062
:1066E8002B4A936903F44043B3F5404F1FD1294B1C
:1066F800294A0344934242D9284B294A03449342E6
:106708003FD9284B984240D80020274A136823F0E5
:106718000F0303431360136803F00F03984232D04A
:10672800136803F00F03C01A18BF0120704793695C
:1067380003F44043B3F5004F0ED11C4A1C4B0244EE
:106748009A421AD91B4A02449A4218D91A4A024450
:106758009A4216D90133D5E7184A194B02449A428E
:1067680009D9184A02449A4207D9174A02449A4258
:1067780005D9164AEBE70420C7E70320C5E702203E
:10678800C3E70120C1E70346CDE70120704700BFFA
:1067980000480258FFC4A7F7FFE0F5057FE2D3FBE6
:1067A8007F1D2C04801D2C0400200052BF4C2AF6AB
:1067B800BF3B47037F8871F93FC4B8FCFF6A45F5C2
:1067C8003FA5AE023F10F4F77FB5A2FABF5A51FDBC
:1067D8002021014828F0FABF64910024014B186C6D
:1067E800704700BF3091002410B50446064A074997
:1067F80018F0FBFD63692BB120B920460121BDE8E3
:106808001040184710BD00BF31F9020825F90208E9
:1068180010B504460649074A18F0E7FD63690146C2
:1068280023B118B92046BDE81040184710BD00BF75
:106838002BF9020839F902080146054810B500F09D
:1068480009F8044608B119F00AFD204610BD00BF3A
:106858000476030870B52C4A06460D4620B1036A33
:106868001A4212D0C3F30F100AF046FE044648B18C
:10687800C0E900657DBB02F0FBFC064638B920463E
:106888000AF04CFE0024204670BD0068E6E7D0F808
:10689800BC0208B9C6F8D852D6F8D8120131890016
:1068A8000AF046FE0028EAD0D6F8D8320025C6F805
:1068B800BC025A1CC6F8D82240F823402846C4E92E
:1068C800055502F0E5FC0138E061284602F0F0FCCD
:1068D80001382062D7E7AB6813B9284619F06FFC76
:1068E800AA68138E01331386AE68318E306889002A
:1068F8000AF01EFE3060AA68138E126803F1804306
:10690800013B42F82340BEE7F0FF0F0030B589B0E5
:10691800002864D000230391CDE904329DF81C308F
:1069280023F00703CDE9010001A88DF81C300AF017
:1069380021FA06F0BFFC30B19DF81C3013F00204B8
:1069480046D1D80745D4019B9D6805B10835012279
:1069580001A9284628F0F1FC0128044639D19DF800
:106968001C0010F0020033D101A91AF0D9F901284E
:1069780004462ED19DF81C2012F0020228D101A94C
:10698800284628F0DAFC0128044622D19DF81C305C
:1069980099071DD401981CF01DFB0446C0B19DF851
:1069A8001C305A0714D4039B2B3B012B0ED94FF4F0
:1069B8008041019819F0BFF950B1039B163B1E2B7B
:1069C80004D8084A22FA03F3DB0701D40194B0E79C
:1069D800012401A80AF0D6F9204609B030BD0124E7
:1069E800FAE700BFF19F78588268531E032B05D938
:1069F800192A05D8034BD340DB0701D528F039BD48
:106A08000020704700DF3B0337B50B49054619F0F6
:106A180098F9044610B1002003B030BD28461CF098
:106A2800D9FA0028F7D0162221461BF045FD80B27E
:106A3800003818BF0120EFE70100060007B5064B34
:106A480000223421CDE900236A46FFF75FFF009852
:106A580003B05DF804FB00BF010000E007B50023A8
:106A6800054A3421CDE900236A46FFF74FFF019814
:106A780003B05DF804FB00BF010000E02DE9F04F12
:106A880087B08146FFF7C0FF0546002840F01A810D
:106A980048461CF09FFA08222946824648461BF0C1
:106AA8000BFD0922059004468346294648461BF0FB
:106AB80003FD064605900090BAF1000F07D1024683
:106AC8002146484607B0BDE8F04F1AF05BBD504676
:106AD8001AF07CFB804650461AF088FB04F0C0434D
:106AE8000746B3F1005F1FD124F0C0446FF0604344
:106AF8009C4219D00122294650461BF0DDFC6FF05C
:106B080040430590984200F09680B4F1805F4FF0C2
:106B1800640BA2BFC4F17F6404F57F2404F6FF74FC
:106B280004FB08F494FBFBFB06F0C043B3F1005FE1
:106B38001DD126F0C0446FF060439C4217D002225A
:106B4800002150461BF0B8FC6FF040430590984276
:106B580073D0B4F1805F05DBC4F17F6404F57F2452
:106B680004F6FF747C43642394FBF3F3009309F168
:106B780014046C22002148461BF09EFC6D22002163
:106B880005900390064648461BF096FC0590CDE913
:106B98000100204628F00AF90546204628F00BF99E
:106BA800039B044603F0C040B0F1005FDDE9011229
:106BB80013D123F0C0436FF0604083420DD0B3F18E
:106BC800805F4FF06406A2BFC3F17F6303F57F23A4
:106BD80003F6FF736B4393FBF6F602F0C043B3F181
:106BE800005F13D122F0C0426FF060439A420DD08B
:106BF800B2F1805F4FF06403A2BFC2F17F6202F579
:106C08007F2202F6FF72624392FBF3F15E44DDF8E5
:106C180000B00A2248468B4400211BF04DFC059029
:106C280010F0FF000BD150461AF0DCF8012825D1EE
:106C3800A8EB050521E0AB4676E7002492E7023889
:106C480007281BD801A353F820F000BF756C000873
:106C5800396C00089B6C00088B6C0008A16C00085C
:106C6800AD6C0008A76C0008BD6C000805EBD57575
:106C780008EBD8786D10C5EB68052E445A463146A6
:106C88001FE705EBD57508EBD8786D10C5EB6805DF
:106C98002E443C1BA344F1E7A8EB0505F8E7A8EB55
:106CA80005052E4404EBD47407EBD7776410C4EBC6
:106CB8006704EFE705EBD57508EBD8786D10C5EBE1
:106CC8006805EEE707B0BDE8F08F00BF2DE9F04F8B
:106CD80090F82B3091B0044603F00C030C2B03D131
:106CE800002011B0BDE8F08F1CF074F906460028AA
:106CF800F6D094F82B1004F1140311F00801019355
:106D080065D0184628F052F894F82B10074611F071
:106D1800040100F0B381019828F04DF80546019868
:106D280028F044F8874200F0908220461AF013FCBD
:106D380063690CA930460893A3690993E3690A9328
:106D4800236A0B931AF062FA00220CA908A827F00C
:106D58008BFD804610B930461BF02AFAA3692046FD
:106D68001D44013D25621AF03DF8012808AA4FF09C
:106D7800310108BFE369204615BF6369DB1BFF18B3
:106D8800013316BF07F1FF376361E761FFF7BEFD07
:106D980022462A213046FFF7B9FD20461AF0DBFBD0
:106DA80094F82A3000220CA943F00203019884F8D1
:106DB8002A3027F059FDB8F1000F00D110B1304644
:106DC8001BF0F6F9204619F083FF012089E701221C
:106DD80020461BF071FB00F0C04380460546B3F126
:106DE800005F0C90304605D128F0C0476FF0604333
:106DF8009F4234D11AF0EAF96FF040430290984567
:106E080040F0A48020461AF0DFFDA36803900BB180
:106E180000221A6220464FF0000B1AF0D3F8804681
:106E28002046DFF8509219F0E6FF82462046FFF729
:106E380005FE0AEB000520461CF002F904902046E6
:106E4800454419F0CFFF012875D0049AA3685A4524
:106E580040F0A080874A914574D0C8448EE06FF016
:106E680040481AF0B3F902904545CBD096F82B105C
:106E780011F0080140F0DD80012230461BF01CFBB8
:106E880040450C9040F0D580204619F0B4FF0546E7
:106E980020461AF097F8054458E01B68764953F8DD
:106EA8002B70384618F04DFF002842D13846FFF7BE
:106EB800ABFD014660B90A2238461BF0FDFA0C907A
:106EC800C0B2082809D840F24913C340DA0704D5EC
:106ED800E3697A699B1A013317E0082200213846D2
:106EE8001BF0EAFA0C90002844D1069007F1140030
:106EF80027F05CFF08EB00031A2206993846059331
:106F08001BF0DAFA059B0C9003441A22002138463C
:106F180005931BF0D1FA059B0C901844484508DBF3
:106F28001A22002138461BF0C7FA059B0C9003EB88
:106F380000090BF1010B049AA3685A45ADD14D4ADB
:106F4800914519D113B1039A52421A6204220021C1
:106F580020461BF0B1FA07460C9005220021204676
:106F68001BF0AAFA029B02460C90394628461AF0F2
:106F7800E1FBC9E63F4BC8E70AEB0908A26812B172
:106F8800039B5B4213623B4B9845DFD04545B8BF36
:106F98004546DBE71B68384953F82B70384618F02C
:106FA800D0FE002840D13846FFF72EFD014658B9DB
:106FB8000A2238461BF080FA0C90C0B2072808D87D
:106FC8009323C340DB0704D5FB6962699B1A01332D
:106FD80016E00822002138461BF06EFA0C9030BBF0
:106FE800069007F1140027F0E1FE0AEB00031B22CC
:106FF8000699384605931BF05FFA059B0C900344ED
:107008001B220021384605931BF056FA059B0C906D
:107018001844484508DB1B22002138461BF04CFA6F
:10702800059B0C9003EB00090BF1010B0DE7114BCD
:10703800E6E7B7F1805F029B4FF01A024FF00001BC
:10704800A8BFC7F17F672046A4BF07F57F2707F6CB
:10705800FF775F43642397FBF3F71BF02DFA054690
:107068000C901B22002120461BF026FA0C90284485
:107078003D1A6BE7010000E00100040002222046EF
:107088001BF01AFA00F0C04381460546B3F1005FD1
:107098000C90304605D129F0C0486FF06043984500
:1070A80049D11AF0A3F86FF04043824699452ED192
:1070B80020461AF08EFCA36804900BB100225A6295
:1070C80020464FF0000B19F063FF02902046DFF8CE
:1070D800889119F043FF03902046FFF7BFFC029BFD
:1070E8001D18039B20461D441BF0AAFF0590059A16
:1070F800A3685A453BD113B1049A52425A62564B7F
:10710800994504D0039B4B449D42B8BF1D460622B7
:10711800002120461BF0D0F980460C900722002160
:1071280020461BF0C9F9534602460C9041462846B2
:107138001AF000FBF2E56FF040491AF057F8824662
:107148004D45B5D096F82B1011F004015CD1022200
:1071580030461BF0B1F948450C9055D1204619F03E
:1071680017FF0546204619F0F9FE0544CFE71B68CE
:107178003A4953F82B80404618F0E3FD00283ED1E9
:107188004046FFF741FC014648B906900A224046AE
:107198001BF092F90C90C0B20699032805D8D8F8CC
:1071A8002030A2699B1A013315E0092240461BF0E2
:1071B80083F90C9030BB079008F1140027F0FBFD11
:1071C800029B182207990344404606931BF074F962
:1071D800069B0C90034419220021404606931BF09D
:1071E8006BF9069B0C901844484508DB19220021CE
:1071F80040461BF061F9069B0C9003EB00090BF16C
:10720800010B74E7144BE6E7B8F1805F4FF06402B6
:107218004FF000012046A2BFC8F17F6808F57F281B
:1072280008F6FF780AFB08F393FBF2F818221BF024
:1072380043F905460C901922002120461BF03CF921
:107248000C902844A8EB000561E7019827F0B3FDEE
:1072580085427FF46AAD43E5010000E001000400C7
:1072680038B50D4D95F8603063B9012385F8603065
:107278001BF0A8FE044694F82A3013F0040202D149
:1072880085F8602038BD6FF38203204684F82A30E1
:107298001AF08CFAEFE700BF309100242DE9F04F87
:1072A8000E4685B0074693469846DDF83890FFF7B6
:1072B800D7FF1EB938461BF08DFE064638461BF030
:1072C80089FE824619F097FD0190504619F060FE3C
:1072D8000290304619F08FFD0546304619F058FEE9
:1072E8000446BBF1000F10D1304619F07BFD012890
:1072F80074D1304619F06AFF834607F1140027F06D
:1073080055FDABEB000B5D4468E00BF1FF3BBBF1B7
:10731800140F2DD801A353F82BF000BFE573000814
:10732800C5730008FB720008BB740008D37400081A
:107338000D75000835750008557500087F7300083D
:107348007D75000889750008B5750008CD750008B9
:10735800D9750008057600081D7600082B76000808
:107368005776000877760008837600089D7600082F
:107378000024002532E007F1140B304619F026FFEF
:107388000390584627F012FD039B00EBD07003EBE7
:10739800D3734010C0EB63000544304619F026FF54
:1073A8000390584627F007FD039B00EBD07003EBD2
:1073B800D3734010C0EB630004440FE0304619F06B
:1073C80005FF834607F1140027F0F0FC00EBD070AE
:1073D8000BEBDB7B4010C0EB6B00054408F0C043AF
:1073E800B3F1005F18D128F0C04B6FF060439B45A4
:1073F80012D006F114004FF0640827F0D7FCBBF157
:10740800805FA2BFCBF17F6B0BF57F2B0BF6FF7B69
:1074180000FB0BFB9BFBF8F809F0C043B3F1005FDE
:1074280018D129F0C04B6FF060439B4512D006F18C
:1074380014004FF0640927F0BEFCBBF1805FA2BFC7
:10744800CBF17F6B0BF57F2B0BF6FF7B00FB0BFB68
:107458009BFBF9F9504619F0C5FC01287369DAF865
:10746800142040F0248143445046A3EB020800F066
:10747800C9F9019B80445046A8EB0308B3699944B5
:10748800DAF818304544A9EB03091AF0A7FA029B69
:107498000022814401213846A9EB03091BF0E7FCCF
:1074A800294638464C44224605B0BDE8F04F19F04D
:1074B800D1BD304619F09AFE834607F1140027F033
:1074C8007AFCABEB000B5C4488E707F1140B304601
:1074D80019F07CFE0390584627F068FC039B00EBEC
:1074E800D07003EBD3734010C0EB63000544304603
:1074F80019F07CFE0390584627F05DFC039B1B1A8D
:107508001C446BE7304619F061FE07F1140383460B
:107518001846039327F04AFCABEB000B304619F0F2
:1075280065FE039B5D4483461846C8E7304619F05C
:107538005DFE834607F1140027F03DFC00EBD07098
:107548000BEBDB7B4010C0EB6B0035E7304619F0E6
:107558003DFE07F1140383461846039327F026FCE3
:10756800ABEB000B304619F041FE039B5D448346AC
:107578001846E1E707F1140027F01DFC4442F8E63D
:1075880006F1140007F1140427F010FC0546204604
:1075980027F00CFC05EBD57300EBD0756D10C5EB2F
:1075A8006305204627F007FC444217E706F114005C
:1075B80007F1140427F0FAFB0546204627F0F6FBEE
:1075C8002D1AEEE706F1140027F0F5FB0446D0E685
:1075D80006F11404204627F0E9FB054607F11400DC
:1075E80027F0E4FB05EBD57300EBD0756D10C5EB08
:1075F8006305204627F0DFFB0446EFE606F1140496
:10760800204627F0D3FB054607F1140027F0CEFBF0
:107618002D1AEEE707F1140027F0C8FB45420024B5
:10762800DCE607F1140B584627F0C0FB454206F18B
:10763800140027F0C0FB0446584627F0BCFB04EBB7
:10764800D47300EBD0746410C4EB6304C6E607F18E
:10765800140B584627F0AAFB454206F1140027F000
:10766800AAFB0446584627F0A6FB241AB6E606F1FC
:10767800140027F09BFB0546D1E706F114042046C9
:1076880027F094FB0546204627F095FB044607F1B2
:107698001400D2E706F11404204627F087FB0546BC
:1076A800204627F088FB044607F11400DBE79844DE
:1076B8005046A8EB020800F04DF8DAE62DE9F3474A
:1076C800044600251BF0BCFC204E0746DFF88080EE
:1076D800BD4223D120461AF0E5F8804620461AF02C
:1076E800C7F81A4B07469E421CBF236A1B1A20463E
:1076F80018BFF61AFFF7B2F90546204619F063FDE0
:10770800A0EB0800C01B2D1A20461AF062F9281AAF
:10771800B042B8BF304602B0BDE8F087A368414622
:107728001B6853F825A0504618F00BFB014650B9CA
:10773800DAF82090192250461AF0BEFE81440190D2
:107748004E45B8BF4E460135C2E700BF010000E014
:10775800010004002DE9F74F002105461AF05CF8F6
:10776800012806D0A86808B1006A404203B0BDE805
:10777800F08F28466FF060441AF0AEF8804628462D
:1077880000261AF05BF8074628461BF059FC81468C
:10779800B1451AD16FF0604328469C4217BF6E6905
:1077A800164EF619361BFFF749F90446284619F014
:1077B80007FDA0EB0800C01B241A28461AF004F99C
:1077C8002044B042B8BF3046D0E7AB680C491B68CC
:1077D80053F826A0504618F0B4FA014658B9DAF81A
:1077E80014B01A2250461AF067FEABEB000B01905A
:1077F8005C45A8BF5C460136CAE700BF010000E04F
:10780800010004002DE9F347002105461AF004F8A9
:10781800012805D1A86800B1006A02B0BDE8F08768
:10782800284600241BF00CFC1E4E0746DFF8788023
:10783800A74220D128461AF04FF80746284619F0E3
:10784800FDFF184B804628469E421EBFEB69DB1B96
:10785800F61AFFF7F3F80446284619F0B1FCC01BE6
:10786800A0EB0800241A28461AF0AEF8201AB042F5
:10787800B8BF3046D1E7AB6841461B6853F824A02F
:10788800504618F05EFA014650B9DAF81C901B22EF
:1078980050461AF011FE814401904E45B8BF4E463D
:1078A8000134C5E7010000E00100040038B50D46C9
:1078B8000C49044609F088F858B1C06A404228606B
:1078C8002046094909F080F838B1C06A404268602A
:1078D80038BD20461AF078F8F1E720461AF079F812
:1078E800F5E700BF451A02082F1A0208F0B51F462F
:1078F80051EA020399B004460D4616465FD0002FA0
:107908005FD000F067FC0746684609F01FF821467B
:10791800684626F036FE3949684626F047FE35B3F4
:10792800384601F0B5FC4FF4C872C821401026F063
:10793800E4FD0146684626F028FE20461AF044F881
:107948002A1A4142684626F025FE2D49684626F047
:107958001AFE2C49684626F023FE6A460C2120466A
:10796800FEF7D4FF01282AD1684609F03BF936B35F
:10797800384601F09DFC4FF4C872C821401026F02B
:10798800BCFD0146684626F000FE20461AF021F8A4
:10799800321A4142684626F0FDFD1B49684626F02A
:1079A800F2FD1849684626F0FBFD6A460C21204680
:1079B800FEF7ACFF012802D1684609F013F919B0A7
:1079C800F0BD114908F0DCFF0D49204608F0D8FF4A
:1079D8003A460C212046FEF799FF0128EFD132469E
:1079E8002946204619F0FCFF0128E8D13A460E2125
:1079F800204619B0BDE8F040FEF788BF31180208EC
:107A0800451A020845E502082F1A020870B504460F
:107A180016460D46064908F0B3FF204619F0D4FF74
:107A28003346411B00222046BDE870401AF011B8C9
:107A3800451A020870B5044616460D46064908F070
:107A48009FFF204619F0C5FF3346421B0021204600
:107A5800BDE8704019F0FDBF2F1A02082DE9F04F5C
:107A680089B0804608469146029103931BF0B2FA0A
:107A78001021064618F05FF9002800F0078130460B
:107A880019F08CFF0190304619F097FF82460028C4
:107A980000F09F80029B03F11407304619F002FFA3
:107AA8000446304619F0E4FEB5697B6883462544F0
:107AB800F968D9F80420ED1A336A1B1AAD1A304652
:107AC8005B1AD11ACDE90623059119F07CFB002D2C
:107AD800079B0490DDE90512C0F2868000297ADB55
:107AE8000025BAF1020F00F08A80BAF1030F00F006
:107AF8008B80BAF1010F03D1B5697B682544ED1A73
:107B0800304619F053FF824610B1029B03F1140866
:107B1800304619F093FE0746304619F0DDFE7469C9
:107B2800D8F8003083463C44D9F80020D8F808102B
:107B3800E41AF3691B1AA41AA3EB0103A2EB0301CD
:107B48007ED4002974DB0024304619F039FBBAF1E1
:107B5800020F7FD0BAF1030F00F08280BAF1010F53
:107B680004D17469D8F800303C44E41A49493046D5
:107B780008F006FF4849304608F002FF019BD80785
:107B8800019B58BF24EAE4749907019B58BF04EA93
:107B9800E4745A07019BD9F8042058BF25EAE57513
:107BA8001B07039B58BF05EAE575002B6CD0D9F875
:107BB80000302344C9F800302B46134421462A4696
:107BC8003046C9F80430039B09B0BDE8F04FFFF711
:107BD8008DBE474661E7002D82D0304619F0F9FE88
:107BE800A842BFF67EAF7BE700297FF779AF9D1AE1
:107BF8003046FFF763FDC5427FF573AF70E7356A1E
:107C0800FB68A5EB0B057AE7049B3846B2691B1B9A
:107C18001444A3EB0B0303EBD37304EB630427F0C7
:107C2800CAF87D6800EBD07005EB6005651B67E757
:107C3800002C88D03046FFF78DFDA04284DA82E719
:107C4800002980DD9C1A3046FFF7DCFDC4427FF531
:107C58007BAF78E7F469D8F80830A4EB0B0484E725
:107C6800C01B7369A0EB0B001F4400EBD07007EB3F
:107C78006007404627F09AF8D8F8004000EBD0702B
:107C880004EB60043C1B71E7039B96E709B0BDE871
:107C9800F08F00BF2F1A0208451A020810B50446D3
:107CA800044908F06DFE04492046BDE8104008F07C
:107CB80067BE00BF2F1A0208451A0208F8B5044625
:107CC80015461E4601F47F071AF0FDFA012828D050
:107CD800892D10D8154B5B5DDA0716D477B96B1E62
:107CE800012B0BD822684AB1012D0CBF9369D369C7
:107CF800CBB1336015E00E4B1B6B0BB90020F8BD00
:107D08002B4413F88A3CDB07F8D507B96468002CC4
:107D1800F4D033462A46218D20461AF0D4FA012899
:107D2800F4D10120EBE71268DDE700BFB91C0408B5
:107D3800309100242DE9F84F074625480D46904616
:107D48009946DFF88CB027F0ECFD04460CB9BDE885
:107D5800F88F4C45FBD02146584627F0E9FD2368AB
:107D68008246BB421CD1A368AB4202D0B5F5702F46
:107D780016D12379434502D0B8F1FF0F10D1002660
:107D88007B8DC3F305139E420CD30021204608F0D7
:107D9800F7FD0F48214627F081FD204609F0BEFB7C
:107DA8005446D3E7FA68F00002EBC603D97989078D
:107DB8000BD5B5F5702F04D05B68C3F317039D424C
:107DC80003D12179105828F0DDF80136D8E700BF33
:107DD800489100241421014827F0F8BC4891002458
:107DE800014B83F824007047309100245F4B2DE944
:107DF800F34793F8243004460E461546002B00F04E
:107E0800838019F0A8FB284609F022F900F0040A3B
:107E1800284606F47F0609F01BF900F002082846F8
:107E280009F016F900F00109284609F011F900F0E7
:107E38001007BAF1000F53D0B6F5702F3FD056B3E4
:107E48006FF040470222002120461AF035FBB84265
:107E5800019007D00122002120461AF02DFBB842DC
:107E6800019007D1002232212046FEF74FFD20461F
:107E780019F034F9FF2D3ED1204618F029FF20468D
:107E880019F069FBB6F5803F3ED0204602B0BDE848
:107E9800F0471AF086BA324632212046FEF736FD00
:107EA800204619F01BF9FF2D3BD120461BF092F814
:107EB80098B9002FE0D020461AF071FCDCE70022C8
:107EC80032212046FEF722FD204619F007F9FF2D42
:107ED800204627D11BF07EF8E8B119F0FFF825E01D
:107EE800B6F5702F13D0002EC4D1FF2DDDD00FB3FF
:107EF80020461AF054FCB8F1000F28D1204619F09A
:107F08002AFBB9F1000F2CD102B0BDE8F087FF2D94
:107F18000FD12046DEE7002FAED020461AF03FFCF6
:107F2800A8E720461BF056F80028D6D1002FA1D08C
:107F3800F3E747B9B8F1000F09D1204602B0BDE810
:107F4800F04719F008BB20461AF029FCF2E7204652
:107F580018F0BEFE204619F0FEFAB9F1000FD3D092
:107F680090E7BAF1000F8DD1CEE700BF3091002421
:107F7800014A00211AF078BCFFFF0F002DE9F041FB
:107F8800046827482568277927F0C8FC244E01464D
:107F980019B96A8DC2F305123DE0A1420BD00A68F7
:107FA80023689A4207D18A68A3689A4203D10A795A
:107FB80023799A4231D0304627F0B6FC0146E7E7EC
:107FC800EB68CE0003EBC103D879800722D55B6844
:107FD800A068C3F3170383421CD12146104827F039
:107FE8005DFC204609F09AFAEC683946A05904EB82
:107FF800060827F0C7FFEB68985928F064F860B1C5
:10800800D8F804202846A15922F07F42BDE8F04163
:108018001AF02ABC01318A42D2D8BDE8F08100BFEB
:10802800489100240D4B70B593F82430064623B1CF
:10803800002001F023F9044670B970BDD4F8BC32B1
:10804800304653F8251001351AF0EDFCD4F8D83233
:10805800AB42F3D82046ECE70025F7E7309100243F
:108068002DE9F04399469BB090F82A300446229DAA
:108078000F4643F008030285164680F82A302A7A0C
:108088001AF01AFAA4F82890009039462A7A20465D
:108098001AF012FA94F82A30804601906FF3C3035D
:1080A80084F82A30009B834278D0394626852046BA
:1080B8002A7A1AF001FA394600902046A4F8289046
:1080C8001AF08CF9009A297A006827F096FF2A7A24
:1080D80069682046FFF78AFE2B7A0C2B20D1DDF841
:1080E800009047F6FF73994501D0984518D120466E
:1080F80019F066F800EBD0704610204619F063F8C6
:1081080047F6FF7200EBD07391454FEA630353D1F2
:108118009E424BDA731CC845009301D1731C01932E
:10812800284827F05BFB064600283CD0009B0460EB
:10813800C360019B03612B7A8760037102A808F072
:1081480005FC314602A826F01CFA02A81E4926F0B2
:108158001AFA02A81D4926F025FA02A81C4926F099
:1081680023FAFF2202A8002126F014FA298802A87F
:1081780026F00BFA698802A826F009FAE96802A82D
:1081880026F00EFA02A8002126F01AFA02A8296998
:1081980026F01DFA02A808F025FD04E0014626F0A5
:1081A800E6FE002881D01BB0BDE8F0835A1CC84504
:1081B8000092B5D10133B2E79045B1D19E42ADDB13
:1081C800F8E700BF48910024192C0208CF2B0208B9
:1081D800857F000810B54368044613B11AF0F2FE13
:1081E80004460B4827F09AFB88B1D0F8D822002320
:1081F80006E0D0F8BC1251F82310A14207D0013391
:108208009A42F6D10146024827F08EFBECE710BDF2
:1082180034910024F8B590F82B30044613F010027E
:108228000DD143F01003292180F82B30FEF76EFBA7
:1082380030B994F82B3060F3041384F82B30F8BD70
:10824800A06810B1083027F0F2F8002120461AF093
:10825800C4FE064698BB204617F081FD0746304607
:1082680005F01EF8054670BB414D2146284608F02A
:108278001FFD0128F9D0204617F0CEFF656820467B
:10828800002D58D1FFF7A6FF2B460646D0F8D82276
:10829800D0F8BC12934240D1D6F8D812D6F8BC0216
:1082A80001398B423FD3C6F8D812890009F040F94A
:1082B800C6F8BC022046BDE8F84009F02FB93046A0
:1082C800FFF7A8FFC1E7284625F0EFF900F0FD0306
:1082D800012B14D1AB6E9C4205D0EB6E9C4202D0B0
:1082E8002B6F9C4203D1214628461AF05CFE6B6F27
:1082F8009C42AB6F08BF6E679C4208BFAE67D5F85B
:10830800B8309F4207D104F0DBFF844203D12146F5
:1083180028461AF048FE2846A2E751F8230084426E
:10832800BAD00133B6E7013350F8232000EB8300BD
:1083380040F8042CB0E71AF09BFE636880B29A6894
:10834800138E013B984209DB138663689D68298E6A
:108358002868890009F0ECF82860ABE71368013059
:1083680053F8202003EB800343F8042CE5E700BF13
:10837800073102087FB50446D0F8B062736C002B51
:1083880047D120461BF006FA18B12A4B18691AF093
:1083980063FF01236363E26BD1073FD5E26B92076A
:1083A8003CD5A363E36AA56B13B333682046216900
:1083B8001E69D4F8103362690B440093D4F814335F
:1083C80013440193D4F818330B443D210293D4F895
:1083D8001C3313446A4603931BF0E5F93246694699
:1083E8002046E36A98476A463E2120461BF0DBF99F
:1083F80020461BF0CFF950B194F83D30012B00D145
:108408002DB1A16AD4E90723914209D1A36204B02E
:1084180070BD01F0EDFC01F085FCAFE70023C0E77B
:10842800994204D1636A002B08BF1346EEE7A262A3
:10843800EDE700BF309100242DE9F04F0C46B3B0B2
:1084480005460121204617F076FC0746002840D152
:108458000146632220461AF02FF817905FFA80F839
:10846800B8F1020F35D995F83C30622239462046DA
:108478000293AB6B95F8386003931AF01DF81790C8
:10848800C0B2D5F839200021FC289EBF70430012E5
:1084980085F8380020461AF05BFCC0F3072385F8FE
:1084A800390085F83A30C0F30743C0F3076085F810
:1084B8003B3085F83C00204618F02BFC814658B923
:1084C800214628461AF03EFF039BAB63029B85F8C2
:1084D8003C3033B0BDE8F08F0BAF204618F0F4FB0A
:1084E80006463946204618F029FE324631463846B7
:1084F80026F0E4F8B9F1020F40F02E8113AE0DF129
:108508003C0A97E80F0086E80F0000223146204613
:1085180018F02CFF324605F11801504626F0E8F80D
:108528000028D6D017AE9AE80F0086E80F004A4612
:108538003146204618F01AFF3A463146304626F0B2
:10854800D7F80028C5D007AF96E80F0087E80F00D6
:1085580005223846114626F0B1F8384626F02BFC9D
:108568008346384626F027FC0190079B1393099B06
:108578001593089B149316930A9A169B9A42A3DDA7
:10858800149B0021204613AE013B5B449342D4BFA9
:1085980016931692752219F08FFF814617900028BE
:1085A80040F0078104F11401304626F048F900280C
:1085B80000F0FF8017AA1A2120468DF85C901896C3
:1085C800FEF7A4F99DF85C30002B40F0F2801221F0
:1085D800324628461BF0A2FB214682461AF0B2FE1C
:1085E80071220021204619F067FF7222002117909E
:1085F80004900746204619F05FFF049B0246064692
:1086080003F0C0411790B1F1005F1BD123F0C043C4
:108618006FF060418B4215D0B3F1805FA2BFC3F108
:108628007F6303F57F2303F6FF73CDE9043004F17C
:10863800140026F0BBFB049B059A03FB00F7642398
:1086480097FBF3F702F0C043B3F1005F19D122F0B2
:10865800C0436FF06042934213D0B3F1805F04F1DE
:108668001400A2BFC3F17F6303F57F2303F6FF73F2
:10867800049326F0A0FB049B03FB00F6642396FBFF
:10868800F3F617A801F076FC6369702200211F44F5
:10869800DAF804302046FF1AA36928971E44DAF84E
:1086A80008308DF8AC80F61A299619F005FF0022DB
:1086B80003460F90B3F5616F00F38680002A08BF68
:1086C800034600222393002BC0F2828002B1239339
:1086D8006E22002120462DAE19F0EEFE6F220021F9
:1086E8000F902490204619F0E7FE732200210F9086
:1086F8002590204619F0E0FE742200210F90269064
:10870800204619F0D9FE692200210F9027902046B3
:1087180019F0D2FE9DF8AD300F9060F303038DF889
:10872800AD302D4B1B6993F83E209DF8AD30CDF848
:10873800C49062F304138DF8AD300BAB0FCB86E811
:108748000F0013AA17A92846CDF878A001F0A0FCBD
:10875800169B013314930FE7B9F1010F7FF4B9AEFB
:108768000DF15C093A4605F11801484625F0C0FFAD
:1087780000283FF4AEAE07AE99E80F0086E80F0078
:10878800304626F018FB304626F015FB304626F01A
:108798000DFB114B06461B6993F8400026F0D9FBE8
:1087A8004FF4C04393FBF6F393FBF0FB9B08019354
:1087B800DBE6149B1021019A013B13440A9A9A4262
:1087C800D4BF1692169303E7A3F56163012271E7FC
:1087D80003F56163012276E7309100242DE9F8431F
:1087E80005460E4629B9294B186900F0BFFD064613
:1087F800D0B130461AF0EEFB044680B100211AF0E1
:10880800DBFAC0F3072385F8390085F83A30C0F35E
:108818000743C0F3076085F83B3085F83C003146D4
:108828002846FFF709FE0CB9BDE8F8830027204663
:108838001AF006FC8046B946474514D12A461F213E
:1088480020462646FEF762F82A4620212046FEF7F3
:108858005DF82A4621212046FEF758F820461AF0EE
:10886800B9FB0446DFE7A3681B6853F82710B9F182
:10887800000F06D1731AD3F1000949EB0309013738
:10888800DAE72846FFF7D8FDF9E700BF3091002462
:108898002DE9FF41474E05461BF0E9F930691AF00A
:1088A80079FF10B930691AF0D7FC336905F1180857
:1088B80093F8400008F034FA78B16C4698E80F0055
:1088C80084E80F00D5E9011220464942524225F0BA
:1088D80002FF214628681BF09CF8306900F046FD2D
:1088E800014640461AF0EAFC33690746D3F8D042FD
:1088F800A4B9002835D1306900F060FD014628464A
:10890800FFF76CFF336993F8DC22D0072FD4D3F834
:10891800D042A4B93369D3F8C87226E0214640464C
:108928001AF0CCFC3369044687B90028E3D093F8E1
:10893800DC22D1071CD4D3F8D032002BEAD0214650
:108948002846FFF74BFF002FE4D00EE093F8DC2217
:10895800D2070FD4D3F8D0323BB1002808BF1C4649
:10896800EDE793F8DC32DB0704D439460DE0002448
:10897800D3F8C87239462846FFF730FF3369D3F871
:10898800D01229B1002C18BF21462846FFF726FF30
:10899800306900F0FFFC01462846FFF71FFF3069E9
:1089A80000F002FD0146284604B0BDE8F041FFF79B
:1089B80015BF00BF309100242DE9F04FDFF8CC81BE
:1089C8000F4604468BB0D8F81030D3F8B0529B6AE3
:1089D8002E4646F8183B0FC886E80F0005F1280612
:1089E80094E80F0086E80F00D8F810302F6493F849
:1089F8003D7037B92E1D94E80F0086E80F0000215E
:108A08001EE0013F012F1ED80023C5E90133D8F825
:108A1800100000F0F7FC18B3D8F8100000F058FC6C
:108A28000138E860D8F8100000F05AFC01382861D5
:108A3800D8F8103093F83F309B07E0D42B68198999
:108A480028461AF023FC204626F0B5F92B7D073B73
:108A5800032B10D82846FFF71BFF4C4B1D6944E039
:108A6800D8F8100000F014FC0138E860D8F81000BD
:108A780000F01EFCDAE7D8F8103020462A68DB8FB1
:108A8800D768C3F34703B7FBF3F725F00DFE7E1E47
:108A98008146287D26F05DFA09FB0066204626F00F
:108AA8008AF98146B6FBF7F6012ED3D058237343D3
:108AB8001846049308F018FD0746A0B14FF0000AC5
:108AC8008046B9FBF6F3D34603938146731E05939C
:108AD8005E4513D1049D2D4E3D4445453DD1384654
:108AE80008F01CFDB9E7D8F8105005F5447594E86E
:108AF8000F0085E80F000BB0BDE8F08F626806A88C
:108B08000399531E52440B4453440093A3682168AD
:108B180025F0BAFD059B48462A7D5B454FF00001CC
:108B28000BF1010B04BFE368099306AB1BF0C4F813
:108B38002B1D09F1040C0FCB8CE80F002B6848465D
:108B480009F1580949F8583CFFF7A2FE039B9A44DB
:108B5800BEE701F04DF901F0E5F8D8F84430002BF4
:108B6800F7D13069D0F8B0322BB1DA6C42450AD16E
:108B7800D8F84C20DA64D0F8B8320BB1414698479F
:108B880008F15808A9E71346EEE700BF3091002422
:108B9800014B1869704700BF309100242DE9F04F50
:108BA800B64C99B0002843D0C368236127F04AFE29
:108BB8002069002800F06D82836A002B00F069822A
:108BC8001A69002A00F06582DB68002B00F06182D8
:108BD800002239211AF0E7FD2369D3F8C802FEF70D
:108BE8003FFB2369D3F8D00208B1FEF739FB2369AC
:108BF800D3F8CC02FEF734FB2369D3F8C402FEF79E
:108C08002FFB2369D3F8C002FEF72AFB2369D3F8A8
:108C1800C822002A40F0FE80C3F8642203F0E2F97B
:108C280000223A21206919B0BDE8F04F1AF0BBBD07
:108C380000F01EFB2061BBE7304490F84452002D41
:108C480000F0A58001362069D0F864329E42F3D343
:108C580090F83D30012B46D11AF09CFD002842D0F7
:108C6800206900F51B7026F099FE00283BD1206989
:108C78001AF0F2FA2069D0F828A0C769056ABA453F
:108C880040F0CC802F46456A002D08BF3D4600F0D5
:108C9800FFFA4FF0000B0090206900F009FB40221A
:108CA8000190002108A82DF046FA23691FFA8BF8D5
:108CB800D3F8642203F51B70424500F2B980002303
:108CC800CDE90433009B013B0693019B013B0793CD
:108CD80026F024FE0646002840F0EC80206900F5C6
:108CE8001B7026F067FE2069D0F864629EB3013ECF
:108CF80000F51173002E80F2F880002600223B2137
:108D08001AF051FD23694FF000080DF1100993F88E
:108D18003C206FF3000283F83C2093F83C206FF36B
:108D2800410283F83C2093F83F2042F0040283F884
:108D38003F202569D5F864329845C0F2DC800022CE
:108D48003C2128461AF02FFD236993F83F206FF342
:108D5800820283F83F202069D0F86432002B3FF468
:108D68005DAF1AF017FD002840F0748120694FF4B8
:108D780000720021443027F0A0FD20692022002144
:108D880000F5117027F099FD2369002244E74FEAA6
:108D9800061A0AF144092069D0F864329D42BFF4EA
:108DA80051AF431993F84432002B31D1AE422FD042
:108DB8004FEA051B0BF1440B00EB0B01484425F06F
:108DC8003EFD28B3216908A801EB0B02494425F0B0
:108DD800B1FC08A825F068FC00902069484425F0FB
:108DE80063FC07462069584425F05EFC009B074455
:108DF800BB420DD22369089903EB0A022B44516444
:108E0800099991640A99D1640B99116583F8448290
:108E18000135C0E700264FF0010814E7AA457FF4A2
:108E280036AF436A3D46002B3FF431AF1F462EE76D
:108E3800434493F8443213B10BF1010B35E74FEA81
:108E4800081826F06BFD064608F1440303932069D1
:108E580000F51B70002EEFD0314626F065FD226923
:108E6800039B3146029008A81A4425F039FDB0F159
:108E7800FF3F80461CD04FF000090CE030910024E1
:108E880026F0C7FC08AB844603EB091309F1010976
:108E98000FCB8CE80F004FFA89F3206931469845CB
:108EA80000F51B70ECDC26F0F9FC304608F036FBC8
:108EB800029ECCE704AA3146304625F019FC68B179
:108EC80033462A46314650461AF0F8FDBD4205D0D1
:108ED80033462A46314638461AF0F0FD20693146B5
:108EE80000F51B7026F020FDF4E69A5D002A3FF499
:108EF80005AF013EFEE605EB080393F8443213B1D3
:108F080008F1010815E7B04505D195F83C3043F064
:108F1800010385F83C3095F83C306FF3410385F840
:108F28003C3005EB081344330FCB89E80F0095F864
:108F38003D70002F7DD1484625F038FF83464846CE
:108F480025F039FF23698246584693F8405000932C
:108F5800294600F093FC072D009B2CD0083DEDB26C
:108F6800022D02D84C4A32F8157030BB0027049BFA
:108F7800002508932946069B0A93059B07EB030BDC
:108F8800079A0BF1FF3A92453ADD8A42B8D0216937
:108F980008A809930B9291F83C3043F0020381F83A
:108FA8003C302946FFF708FD08A825F004FF206992
:108FB800FFF7E0F9A4E70827D7E79B6ADD680023F5
:108FC800ED1B0893B5FBF0F55545A8BF55462F4650
:108FD800CDE90933BA46013F08AA352120690B9724
:108FE8001AF0E1FB08A825F0E6FE854202DA002F18
:108FF800F0DCBBE7BAF1000FB8DD0B9F0137B6E72D
:109008000993CDF82CA006D1226992F83C3043F0A0
:10901800020382F83C30294608A8FFF7CDFC08A8CF
:1090280025F0C9FE05442069FFF7A4F951465B46BF
:10903800A4E7013F012F3FF663AF95F83C3005EBFD
:109048000810002143F00203443085F83C30FFF754
:10905800B3FCACE7236993F83D30012B7FF486AE6F
:10906800002510E0431993F844325BB900F51B70F2
:1090780026F0F8FB2369064603EB051344330FCBB0
:1090880086E80F0001352069D0F86432AB42E9D890
:109098006CE619B0BDE8F08F3A8B0308F0B50646C8
:1090A80085B06E480D4626F099FB0446002857D037
:1090B8004FF44972002127F000FC4FF0FF3358208D
:1090C800C4E902330023C4E904338023A361E38F96
:1090D80023F4FF7323F0010343F00303E387122310
:1090E800C4E9006584F8403008F0FEF9C4F8B0021D
:1090F800B0B31AF0D6FDD4F8B4321BB1D4F8B0121C
:1091080020469847D4F8B0220023013E013D536021
:10911800D4F8B0229360D4F8B032DE60D4F8B0321C
:109128004F4E1D6194F84020D4F8B0321A750123CF
:10913800C4F868320AF04CFD1021C4F80C0304F599
:109148001B7026F043FB224621214648756974614D
:1091580008F0CCF8C4F8080330B9204608F0DEF966
:109168000024204605B0F0BD09F0ECF807460028B9
:1091780070D1052007F092FEC0F30723C0F3074221
:109188008DF8080038468DF809308DF80A2007F068
:1091980085FEC0F30723C0F307428DF80C00204674
:1091A8008DF80D30304B8DF80E2000933B46DDE9ED
:1091B800021209F0D1F8C4F804030020FDF73CFBC3
:1091C800C4F8CC020020002D08BF2546FDF734FB6B
:1091D800C4F8C8020020FDF72FFBC4F8C402002021
:1091E800FDF72AFBC4F8C002D4F8CC02FEF7C0FE93
:1091F800D4F8C402FEF7BCFED4F8C002FEF7B8FEED
:10920800D4F8C402022116F042FDD4F8C0020221AB
:1092180016F03DFDD4F8CC02002118F077FBD4F805
:10922800C402002118F072FB0021D4F8C00218F023
:109238006DFBD4F8C80218F08EF9002338220B49C8
:1092480004F53A70756126F0D7F8D4F8080327F0CA
:1092580004FB86E70AF0B2FCADE700BF34910024B6
:1092680030910024A58B000828760308BD36020833
:10927800014B5869704700BF3091002401460348EC
:1092880009B926F04BBB26F04FBB00BF3491002430
:1092980010B9064B586940B190F8003303F0050344
:1092A800012B01D140687047006870473091002455
:1092B80010B9064B586940B190F8003303F0050324
:1092C800012B01D100687047406870473091002435
:1092D80010B9024B586900B10068704730910024FA
:1092E80010B9024B586900B14068704730910024AA
:1092F80010B9034B586908B18069704780207047DE
:109308003091002410B9064B586940B190F83F30AD
:1093180081626FF34103C0E9071280F83F3070475C
:109328003091002410B9034B586908B180F83D10FA
:10933800704700BF3091002410B9024B586900B142
:10934800C16270473091002410B9024B586900B1CE
:10935800016370473091002410B9034B586908B174
:1093680090F84000704700BF3091002410B9034BBB
:10937800586908B1D0F8C802704700BF309100247E
:1093880010B9034B586908B1D0F8D002704700BF34
:109398003091002410B9034B586908B1D0F8C402C1
:1093A800704700BF3091002410B9034B586908B1C9
:1093B800D0F8C002704700BF3091002410B9034BA9
:1093C800586908B1D0F8CC02704700BF309100242A
:1093D80010B90B4B586988B1D0F8B03280F84010FA
:1093E8001975C36903B15970036A03B15970436AA7
:1093F80003B15970002237211AF0D5B9704700BF60
:109408003091002410B9044B586918B190F8000342
:10941800C0F3C000704700BF3091002408B9024B68
:109428005869D0F8040370473091002410B9074BED
:10943800586948B10029D0F868320CBF4FF0FF32A4
:1094480001221344C0F86832704700BF30910024ED
:1094580010B9054B586928B1D0F868020028D4BF64
:1094680000200120704700BF3091002410B9034B41
:10947800586908B1C0F8E412704700BF3091002461
:1094880010B9034B586908B1D0F8E402704700BF1F
:1094980030910024014B5869FFF768BF30910024D0
:1094A8002DE9F04F984685B01646814608F5B47206
:1094B8008A469DF84070119DDDE90E43A2420AD10B
:1094C800A9EB06032B60AAEB06036B6006EB090306
:1094D8005644AB6069E1B8F5B47FA6EB030BC8BF8F
:1094E800A8F5B478B4F5B47FC8BFA4F5B4741FB1B7
:1094F80003EBD3735B105F1C5A2398FBF3F294FBC6
:10950800F3F3D2B2DBB2042A29D1042B5FD1A045F0
:10951800D6DC08F15A0000B207F07EFC0BFB00F025
:1095280009EBE030C01B28600FFA88F007F074FCE4
:1095380070430AEBE030C01B686004F15A0000B2C7
:1095480007F06AFC704309EBE0303844A86020B2A9
:1095580007F062FC0BFB00F00AEBE03034E0042B70
:1095680067D1032AD3D0022AAAD108F15A000FFAE8
:1095780088F800B207F050FC7043AAEB060309EB29
:10958800E030DB1BC01B6B60286004F15A0024B27A
:1095980000B207F041FC704309EBE0303844A860A2
:1095A800204607F039FC0BFB00F6404607F034FC78
:1095B8000BFB00F08642CCBF2046404607F02CFC4F
:1095C8000BFB00F0C01350443844E8606BE0032BF9
:1095D8009DD0002B7FF474AF04F15A0212B21046EA
:1095E800039207F019FC08F15A0302901BB21846BF
:1095F800019307F011FC0299019B8142B6BF039ABF
:109608001846104607F008FC0BFB00F009EBE030A9
:10961800B144C01B28600FFA88F007F0FDFB7043C7
:1096280009EB07030AEBE030AB60C01B686020B2AF
:10963800EBE09A4240F08680A04500F38380032A3D
:1096480031D801A353F822F061960008B5960008B6
:10965800FD9600081B9500080FFA88F007F0DCFB60
:109668000BFB00F00AEBE030C01B686008F15A0001
:1096780000B207F0D1FB704309EBE0303844A86032
:1096880020B207F0C9FB70430AEBE0303844E860C9
:1096980004F15A0000B207F0BFFB0BFB00F009EB26
:1096A800E030C01B286005B0BDE8F08F0FFA88F0E5
:1096B80007F0B2FB70430AEBE0303844E86008F189
:1096C8005A0000B207F0A8FB0BFB00F009EBE030F2
:1096D8003844A86020B207F09FFB0BFB00F00AEBB0
:1096E800E030C01B686004F15A0000B207F094FB38
:1096F8007043D4E708F15A0000B207F08DFB7043BD
:1097080009EBE030C01B28600FFA88F007F084FBF3
:109718000BFB00F00AEBE0303844E86020B207F0B9
:109728007BFB70430AEBE030C01B686004F15A0011
:1097380000B207F071FB0BFB00F009EBE030384496
:10974800A860B0E79ABB012B7FF4BAAE04F15A00C7
:1097580024B200B207F060FB704309EBE030C01B95
:109768002860204607F058FB02900FFA88F3184645
:10977800019307F051FB029A019B8242B4BF204635
:10978800184607F049FB0BFB00F00AEBE030C01B62
:10979800686008F15A0000B207F03EFB7043564477
:1097A80009EBE0303E443844A860EE607BE7012ACC
:1097B8002FD1022B7FF484AEA9EB060320B25A34D2
:1097C800DB1B24B22B6007F027FB704308F15A0318
:1097D8000AEBE0301BB2C01B02936860184607F022
:1097E8001BFB0190204607F017FB019A8242CABF73
:1097F800029B2046184607F00FFB0BFB00F009EB15
:10980800E0303844A8600FFA88F007F005FB704391
:10981800A2E6022A01D1032BA6E6032A7FF450AE62
:10982800D7E600BF10B518220021044627F045F8F6
:10983800054B2360054B6360054BA3600023C4E917
:109848000333044B636110BDAD380208A938020820
:109858008D3802089738020810B5074C2046FFF7E4
:10986800E1FF04F11800FFF7DDFF04F13000BDE867
:109878001040FFF7D7BF00BFF89100240A46014601
:1098880001481AF012B800BFF891002438B50D4607
:1098980014461BB91146FFF7F1FF0346142C05FBCC
:1098A80003F003D15B0805FB030038BD073CE4B2B5
:1098B800032CFAD816BF034B4FF480631B5D184482
:1098C800F3E700BF14A603080A460146014819F049
:1098D800F4BF00BFF89100242DE9F047DDF8288097
:1098E8008A4691461E460446DDE9085710B900200D
:1098F800BDE8F0871C22002126F0DFFF25B931469C
:109908005046FFF7BBFF054609FB05F34345EED874
:109918006670314623683846A4F804A003F47F43F0
:10992800A4F80690258143F01903C4F80C8023603D
:10993800034BC4E90477A361FFF7C6FF0120D7E70B
:10994800F891002407B5009313460A4601460348D8
:1099580019F0D2FF03B05DF804FB00BFF8910024B2
:1099680070B50D460446A8B101694078072813D0A0
:10997800A0F10803DBB2022B10D8094E36F81330D9
:10998800248902FB0433CC1825B107F0BFF96843DA
:1099980004EBD004204670BD0823F1E70023EFE76D
:1099A800408B03082DE9F047036904460D4613B9B7
:1099B8000020BDE8F087438886889B06B0F80680BB
:1099C800F6D521B941783046FFF758FF0546238977
:1099D800AB422DD0607807F099F970430730B5EBAA
:1099E800D00F4FEAD009E3D32B4662784146304680
:1099F800FFF74CFFE3688342DAD36378072B19D06B
:109A0800083BDBB2022B17D8194A32F813302789E2
:109A18002669AF421DD208F1FF324FF0000A02FB5F
:109A2800073705FB023337441E44C24506D3258158
:109A38000120BEE70823EAE70023E8E73946304675
:109A48004A46761B26F03BFF23890AF1010AFF1AD2
:109A5800EBE71E440027B2464745E8D23146504658
:109A68004A46AA4426F02BFF238901371E44F3E710
:109A7800408B03082DE9F74F0446002875D040882D
:109A880010F0010571D110F0200014D06378DA1FAE
:109A9800D2B2032A17D814BF354B4FF48073256907
:109AA80018BF9B5605EB8306AE4207D16388012099
:109AB80043F00103638003B0BDE8F08F2846043506
:109AC80025F0A2FAF0E7102B14D1B4F80680B4F808
:109AD8000490B4F808A027694545E7D2002602E0BB
:109AE800013625F091FA4E4507EB8600F8D3574426
:109AF8000135F1E7142B1DD1B4F80890B4F806A08D
:109B080027694FEA5903B4F804B009FB0A785545A8
:109B1800CCD2002606E018F806100136019325F08D
:109B28008AFA019B5E4507EB4600F4D34F449844FC
:109B38000135ECE7132BB9D1B4F80690B4F804A0BA
:109B4800B4F808B027694D45B0D23E464FF000083A
:109B580006E0B178304608F10108033625F06BFAC3
:109B6800D045F6D35F440135EDE70020A3E700BFF9
:109B780011A6030808B507F0BFFC0649D1F824214F
:109B88000260D1F82821C1F824010132C1F8282146
:109B9800826008BD30910024F8B5531E174606466A
:109BA8000D46DBB20A2B96BF154A0020D05C603008
:109BB80007F0A2FC044600F1080C95E80F008CE8B9
:109BC8000F0004F1180C95E80F008CE80F0006F15F
:109BD8001803A66404F138050FCB85E80F0004F1DB
:109BE80060032771636501232365736C13B974647B
:109BF8002046F8BD1A461B68002BFBD11460F7E716
:109C080017A603082DE9F843002307460C464D6CB8
:109C18009846F5B9A26C002A6FD094F85010002924
:109C28006BD0636C002B6CD1536C73B11A79072A13
:109C380061D11A6D002A5ED15A6DD269A2425AD1F9
:109C480001221A65364BC3F8302100263046BDE89C
:109C5800F8832A6DD5F80090032A4AD12B79072B6F
:109C680029D16B6DDE6933689BB1301D25F0A3F8EF
:109C780033682B4A1B894343D2F82C01834294BF93
:109C8800C01A0020C2F82C01306819F0B1FE002378
:109C9800336087B1D7F8B03223B1DA6C964223D15A
:109CA800F26CDA64D7F8B83213B1314638469847BF
:109CB800304607F033FC28461AF06BF9064640B1E7
:109CC80090F85C30DB0704D5C06907F027FC002357
:109CD800F361284607F022FCB8F1000F06D0C8F857
:109CE800009001234D4694E71346D5E7C4F8449005
:109CF800F7E7A846F6E71B6897E713B9636C002BEC
:109D0800A3D0074B0026D3F82451002D9ED0EB6832
:109D180028462146984701302D6818BF0126F4E7E8
:109D2800309100242DE9F04100200026FFF7A6FA23
:109D38000D4F04464FF001080CB9BDE8F081D4F886
:109D4800B0523DB90EB9C7F830812046FFF796FAF0
:109D58000446F1E729462046FFF754FFED6C00283A
:109D680018BF0646EDE700BF30910024F8B51F4D37
:109D78000C464E6D306195F8387147BB306870B14C
:109D88004FF4002115F0D7FF48B1012322462221C4
:109D980085F838313068FCF7B9FD85F838714FF42B
:109DA800C843A4F85830D5F824512DB994F8583040
:109DB8004BB903232365F8BD2B6913B12146284607
:109DC80098472D68F1E7BDE8F840FFF7ABBF4FF4BF
:109DD800C843A1F85830D5F82451002DEBD02B6991
:109DE80013B12146284698472D68F6E7309100249C
:109DF800044BD3F83021002AFBD00022C3F83021CD
:109E0800704700BF30910024024B0122C3F8302173
:109E1800704700BF3091002410B4084CD4F8284192
:109E2800012C07D1406C18B1036D012B18BF00201D
:109E380010BC704710BC19F0D1BE00BF309100248F
:109E48002DE9F0410568044615B12869BDE8F0819F
:109E5800071D384624F0AAFF0646384624F0ABFF13
:109E68000746217D3046FFF709FD2B4607FB00F822
:109E7800227D39463046FFF765FD20600028E5D091
:109E8800084AD2F82C314344C2F82C31207D06F020
:109E980047FF18B12946206819F0BBFD23681869E7
:109EA800D4E700BF309100242DE9F04F1C4699B04B
:109EB800CB6C154682468846ADF814301B0CDDF88D
:109EC80088908DF81630136B526B0693BDF81C30D2
:109ED80062F30803ADF81C30EB6A83B11CB1226849
:109EE800234B9A420BD1239B2A4641465046249C39
:109EF800CDE9009305ABA04719B0BDE8F08F239BCF
:109F080008AF0FCB87E80F00D9E900123846524254
:109F1800494224F0E0FB04B90CAC154B10AE0DF12E
:109F2800500BC4E90033C4E90233224639462846B7
:109F38001AF065FB039094E80F0086E80F00D9E952
:109F48000012304624F0C7FB039B012BD4D13246C4
:109F58002399584624F0CCFB0028E6D005AB2A46C6
:109F680041465046DDF890C0CDE9006BE047DCE79C
:109F7800010000E010B56C220021044626F09DFC8B
:109F880025F03EF8C0F3072384F84C00C0F30740DF
:109F980084F84D304FF4807384F84E00C4E90D33D3
:109FA800B4F8503043F4875343F01F03A4F85030FB
:109FB800024B23666C23636110BD00BF010000E003
:109FC8002DE9F04FA9B00E461546069005939BB3B0
:109FD8000022C96915A800F097FE01282CD106F1C6
:109FE800580AB78CB6F8269009AC50460DF13408DB
:109FF80024F0DCFE00280DF1440BACBF9AE80F00FA
:10A0080095E80F0084E80F003946204624F042FB0B
:10A018004946204624F043FB1C4BDDF824A00FCB17
:10A0280088E80F0007EB0A030793EB680A9A9A423D
:10A038001BDD15A81AF0F1FA29B0BDE8F08F2A4601
:10A048002146584624F054FB48B1059B15AA3146D1
:10A0580006980094CDE901B34346FFF725FF099B15
:10A068003B4409930B9B3B440B93AB68099A9A4278
:10A07800E5DD0A9BCDF824A04B440A930C9B4B4486
:10A088000C93079B013B0B93CFE700BFD86D0308E8
:10A098002DE9FF474B6B80460D461446002B3EDDED
:10A0A8008B6B002B3BDD21460722FFF775FD466DC4
:10A0B800074629466C22304626F0FDFB0023204641
:10A0C80007F1180A3B6524F071FE8146204624F00A
:10A0D80072FE05F1440302464946029350462B8F0F
:10A0E8000193AB8E00932B6B19F041FE5046D4E9D7
:10A0F800001224F0F0FA326E0A4B9A4202BF94E83A
:10A108000F00583686E80F000122EB6939464046B1
:10A1180083F8502004B0BDE8F047FFF727BE04B02D
:10A12800BDE8F087010000E02DE9F04FCB69C3B02E
:10A1380007460D461446002B4AD091F85030022BA2
:10A1480046D94B6B002B43DD8B6B002B40DD6C221B
:10A1580027A826F0B0FB2FA92E981AF038FA012864
:10A1680036D1624B3F9A9A4202BF94E80F003DAE47
:10A1780086E80F00BDF8BE305B062CD406222146C7
:10A188003846FFF709FD6C2227A90646406D26F0E0
:10A1980092FB204624F00AFE8046204606F1180964
:10A1A80024F009FE05F1440302464146029348465D
:10A1B8002B8F0193AB8E00932B6B19F0D8FD48467B
:10A1C800D4E9001224F087FA31463846FFF7CEFD6D
:10A1D80043B0BDE8F08F00222E9914A800F094FD3A
:10A1E8000128F5D1149B002BF2D01B69002BEFD06E
:10A1F8003B1D0DF1100C08AE0DF13009D7F808A081
:10A208000FCB80468CE80F0094E80F0086E80F001B
:10A218002B6814330FCB89E80F00BB6CE3B14A46B7
:10A228003146304624F064FA0028D1D0CAF1000241
:10A23800C8F10001304607F1180424F04CFA96E8FA
:10A248000F0084E80F000096149B324614A9384684
:10A258001C6927ABA047BBE79CE80F000DF140083D
:10A2680088E80F0032464146404624F041FA00286B
:10A27800AED005F1440B204624F098FD82462046D6
:10A2880024F099FDCDF808B02B8F02465146304690
:10A298000193AB8E00932B6B19F069FD3046D4E91E
:10A2A800001224F018FA204624F080FD8246204649
:10A2B80024F081FDCDF808B02B8F02465146404668
:10A2C8000193AB8E00932B6B19F051FD4046D4E9F6
:10A2D800001224F000FA4A464146404624F008FAA3
:10A2E80000283FF475AFCDF80080ADE7010000E02D
:10A2F80010B56C220021044626F0DFFAFF2384F80B
:10A30800583024F07DFEC0F3072384F82C00C0F3F6
:10A31800074084F82D304FF0FF3384F82E00636532
:10A32800124BA3624FF6FF73C4E9113324F068FEA1
:10A33800C0F3072384F84C00C0F3074084F84D307D
:10A3480084F84E00052006F0A9FDC0F3072384F821
:10A358004F00C0F3074084F85030002384F85100C0
:10A3680084F85A306C23636110BD00BF2876030857
:10A378002DE9F0478EB00C460646914616999A4646
:10A38800084619F0CAFD8046002841D106AD0346AB
:10A398000A465046294623F0D5F8BDF82070002F0C
:10A3A80036D0BDF81E309BB3D9F80010BDF9222075
:10A3B8000A4413440292013B0493DAE90313C91ACD
:10A3C800D9F8043006F138091944BDF92430C91BFD
:10A3D800C91A0F440391013FD4E90912059702AF46
:10A3E80052424942384624F076F9424649463846B0
:10A3F80024F0FCFA18B9069B6BB9237140E0E068B9
:10A408000028F8D04246494624F0F0FA0028F2D055
:10A418000EB0BDE8F0879DF828300021013B172BCE
:10A428001FD80091BDF82030BDF81E20E06A19F051
:10A43800BCFA0146A8B9E06A08B119F0D9FABDF822
:10A4480020200023BDF81E101F32009312480E234F
:10A458005211520119F050FABDF820300146C3805C
:10A46800E0629DF828301A2B237109D1E369284648
:10A478000B9323F037F8206008B19DF8280020716D
:10A48800002321463046A76025611A46179CA0473D
:10A49800284623F04EF8BBE7109200242DE9F04F30
:10A4A8009046C1B00C46456D8F6A00F138020490A1
:10A4B80041461CA80C9324F01BF9002800F00381E6
:10A4C80094F859300A9394F85B301A0700F1FE802B
:10A4D800404624F06BFC0990384623F0B4F8236B0F
:10A4E8008146C3181AA8D8E900120B9324F072FC0D
:10A4F800A36BE16B15931B9B226E0B441B93002AE5
:10A5080040F0FF800025636D4FF0000AE0693A468D
:10A51800059394F85B302844CDF804A0DB0805992E
:10A528000293099B0093636B06F0AAFD46191B9BD7
:10A53800049A4B44D26B9342C0F203810A9B022BCC
:10A5480040F02C8194F85B303A46E069711BDB08D7
:10A5580028440093636B26F0DAF88146404624F0DD
:10A5680025FCA0EB09001A9B00EBD07003EB6003FD
:10A578001A93636C28A84FF0000B0693A36C0793FB
:10A58800DDE90632934288BFCDE9062319F007FDBD
:10A5980094F85830B4F8652034A88DF8B73020AB5B
:10A5A800ADF8B8202B93E36AADF8B4301B0C8DF8E6
:10A5B800B630236C3093A36E2F9394F864308DF8E3
:10A5C800BB3094F867308DF8BA3019F098FD94F8DC
:10A5D80058308DF8F03097F91630002B08BF01235A
:10A5E800089324F00DFDC0F30722C0F30743C1B25E
:10A5F8008DF858008DF85920D2B28DF85A30DBB258
:10A608000E9112921093CDF844B0059B002B56D0B2
:10A61800E3695A195B5D1392002B50D01A9B159A67
:10A62800D3180F931A93002399461793731B149307
:10A638001799059B994203D2149B9942C0F0C68092
:10A64800059BAD1B5B19059300F0178294F85B30EE
:10A658003A46E069DB0805993044029300230193E8
:10A66800099B0093636B06F00BFD06EB0009D8F815
:10A6780000301A930A9B022B40F0018294F85B3059
:10A688003A46E069A9EB0601DB0830440093636BA6
:10A6980026F03DF80546404624F088FB401B1A9BEF
:10A6A80000EBD07003EB60031A931B9B35460B9AA3
:10A6B8001344049A526C1B93934240F3FB813398E2
:10A6C800002840F0F98141B0BDE8F08F286838B122
:10A6D8004FF4002115F02FFB10B9236A0993FBE60C
:10A6E80094F85B3034A8DB0802936FF06043019361
:10A6F800236B0093636BA26AE16926F045F8349BEB
:10A70800ECE700297FF4FEAED8F804100029BFF664
:10A71800F9AE93685B1A0B99002BC1F50071B8BFAD
:10A728005B42B3EB410FC4BF4FF0FF331360236E9E
:10A738001D68002DFFF6E6AE5A681B9B13441B9359
:10A74800E1E694F85B303A46E069DB080599304465
:10A75800CDE901A3099B0093636B06F091FC1B9B59
:10A768000B9A30441344226E1B9382B113F5806F09
:10A778000DDB1368002B0ADA16601B9BD8F804104F
:10A78800226E5B1A5360236ED8F804209A60E3693E
:10A7980035469B5D002B96D00646C8E60A9B032BE0
:10A7A8007FF4E7AE94F85B303A46E069711BDB084A
:10A7B80028440093636B25F0AAFF8146404624F0A5
:10A7C800F5FA1A9BA0EB09000344D1E6069A4FF666
:10A7D800FF739A421DD0079A9A421AD0B44B294463
:10A7E800E0691B689847824617AB19AA18A91398FD
:10A7F80025F07CFF94F85B305B066ED5189A232A07
:10A8080015D1B9F1000F07D1179B4FF0010911932A
:10A818000EE74FF0000AE7E7B9F1010F00F00C81ED
:10A82800B9F1020F00F01E814FF0000B55E0B9F1AD
:10A83800010FF9D1202A179B40F01781119A9B1A12
:10A84800072B40F0EF80139B0622119924A8591872
:10A8580026F031F800239DF890008DF8963019F015
:10A8680086FB01469DF8910019F081FB00EB011071
:10A87800C3B29DF892000D9319F079FB01469DF83B
:10A88800930019F074FB00EB0110C1B29DF894001D
:10A8980019F06DFB81469DF8950019F068FB00EBF7
:10A8A8000910C2B20D9824F085FBC0F30722C0F34B
:10A8B8000743C1B28DF85920D2B28DF85A30DBB2B5
:10A8C8008DF858000E9112921093BBF1000F00F012
:10A8D800CF804FF0000B4FF0020994F85B30580618
:10A8E80004D5B9F1020F08BFAAF1070A3846DDE915
:10A8F800181222F075FE1B9B0B991A9A59180D9085
:10A908002092024401391498013A2193239117990E
:10A91800229281424DD394F85B10C9071CD50F9938
:10A92800269224910021FA68049813443A69DDF8C4
:10A9380030C09B1A97F915209B1A089A259313443F
:10A94800A28D013BADF8F12034AA279394F82E305C
:10A958008DF8F33024ABE04794F85B309B0728D59B
:10A968000F9B00210D9A24931A9B04981344DDF839
:10A9780030C0013B2693D7E903329B1A03225B00C0
:10A9880093FBF2F31B9A134497F9162002EBD27249
:10A9980003EB6203089A25931344A28D013BADF89B
:10A9A800F12034AA279394F82E308DF8F33024AB95
:10A9B800E047069A4FF6FF739A4241D0079A9A42A7
:10A9C8003ED0069B53453BD85245134638D9E36CD5
:10A9D80034AA00210498ADF8B4301B0CDDF830C05F
:10A9E8008DF8B630B4F84F30ADF8F13094F85130F6
:10A9F8008DF8F33020ABE0470C9B1AAA28A90498DD
:10AA08000193189B00933B46FFF7B2FC0D9B002B6C
:10AA18003FF40EAE636BDDF834A09A441A9B53449E
:10AA28001A9305E694F82E30109394F82C300E9370
:10AA380094F82D30129348E74FF0000BD9464CE7B5
:10AA4800B9F1020F09BF0E9BE36A8DF8B430129B6F
:10AA580019BFADF8B4301B0C8DF8B530109B8DF8CC
:10AA6800B630C9E74FF00009E2E54FF0000BDFE52B
:10AA78004FF0010B4FF00209DAE5B146F7E50A9B02
:10AA8800032B7FF412AE94F85B303A46E069A9EBE9
:10AA98000601DB0830440093636B25F038FE054659
:10AAA800404624F083F91A9B401B0344FCE500BF91
:10AAB8004C8103084E46A8E518F09AFF03E600BF4C
:10AAC80038B5044670220021FF2525F0F6FE24F053
:10AAD80089FAC0F3072384F82100C0F3074084F8FB
:10AAE800223084F8230024F07DFAC0F3072384F889
:10AAF8002400C0F3074084F8253084F8260024F0A9
:10AB08007FFAC0F3072384F82900C0F3074084F8CC
:10AB18002A30022384F82B0084F82E3084F82D5034
:10AB280024F06EFAC0F3072384F83E00C0F3074010
:10AB380084F83F3084F8400024F062FAC0F3072319
:10AB480084F85900C0F3074084F85A300C4B84F855
:10AB58005B006363B4F8483084F8205023F4FF5353
:10AB680084F83B5084F8585023F01F0384F86C5045
:10AB78006FEA13336FEA0333A4F8483038BD00BFD7
:10AB8800287603082DE9F04F0D46064687B00C22BB
:10AB98000021284625F091FE96F81080D6F80C90F2
:10ABA800B8F1000F18D1D9F81030002B44D005F0B7
:10ABB8004BFE0746494806F1140A24F0AFFEDFF8B9
:10ABC8001CB10446002C3CD1B8F1010F34D106F178
:10ABD800140024F057FC2FE005F036FE074600B3BA
:10ABE800B8F1010FE6D1DFF8F8B0002269468DF818
:10ABF8000480DBF82001CDF8009023F023FA824688
:10AC080090B123F06AFA00F10802034607CA85E802
:10AC1800070000225C695146DBF8200123F021FA85
:10AC28000BE0B8F1010FC5D10222494606F1140024
:10AC380024F05AFD0028BDD00024204607B0BDE806
:10AC4800F08F2368002B3FD06368002B3CD0002294
:10AC58005046114624F00FFD23682A463146204607
:10AC68009847012830D12B890BB3B8F1010FE4D1F3
:10AC7800504624F007FC002FDFD0012348468DF80A
:10AC8800043025F026FE02AB0090059495E80700F5
:10AC9800134D83E8070069460022D5F8200123F008
:10ACA800FCF90146B0B9009806F038FCC4E76878AA
:10ACB800AE88142802D176002E81D6E706F026F851
:10ACC80046430736F608F7E72146584624F02CFE97
:10ACD800044677E70022D5F820019FE74092002438
:10ACE8003091002438B505460C4606481C2124F04E
:10ACF8006DFD284605F044FD2046BDE8384005F0C6
:10AD080075BD00BF4092002470B50E4686B015464A
:10AD180000214C22044625F0D0FD16B9002006B0CB
:10AD280070BD3046E66019F015F8207405F056FD40
:10AD3800002835D0214BD3F81C012064E5B1AB784D
:10AD4800D3B104F120012046FFF71CFF0346206021
:10AD58000028E3D0286860602A7922725A68214660
:10AD6800184690470128DAD1E06AB8B1237AABB126
:10AD7800002118F0AAFD11E0237C002269468DF815
:10AD88000830E368019323F05DF9064640B123F0EB
:10AD9800A4F9C368E3620369666423600120BEE71F
:10ADA80004F120012046FFF7EDFE0346206000284D
:10ADB800B4D0002DCED165602572CFE73091002444
:10ADC80010B5054824F00AFD044618B11C220021DC
:10ADD80025F073FD204610BD409200242DE9F04176
:10ADE8001F460D4B06469046D3F81C01002223F05F
:10ADF80054F9054668B123F070F9037A0446C0F89F
:10AE08000C80012B03D1406825F063FD6060C4E924
:10AE180004672846BDE8F0813091002473B50646E2
:10AE28000D46002941D00379CBB92C467379002B04
:10AE38003CD06078A0F10B03032B37D905F070FFE5
:10AE4800A0B30121204618F0A9FE78BB2021204696
:10AE580018F0A4FE10B32046FEF70CFE26E0497851
:10AE68001429E2D0A888FEF709FD2B8904468342FD
:10AE7800DBD001462846FEF795FD0128D5D0009481
:10AE88000C486B78EA88A98818F036FD044660B14A
:10AE980000232A46194618F011FEC7E7214605483F
:10AEA80018F068FD04460028D6D10024204602B0D8
:10AEB80070BD00BF289200242DE9F0410B7D96B0AB
:10AEC80007460C46022B17D98B690BB10B7F9BB138
:10AED80001AD07F138022168284623F009FC58B172
:10AEE800BE6C3368307DB3F8088000F047FB03463A
:10AEF80028B121463846984716B0BDE8F081676802
:10AF0800002F40F08880284623F050FF06902846FE
:10AF180023F051FF237DB4F815208DF82F30E37D01
:10AF2800ADF82C208DF82E30A3690A97CDE90708D3
:10AF38001BB1227F012A08BF002309930CAF95E8B3
:10AF48000F0087E80F00D6E90112384652424942FD
:10AF580023F0C1FB02993046D6E901328A1A0199D9
:10AF6800C91A18F0F4FE099B05908BB1606A10B9F4
:10AF7800206A23F01BFF216A029B0A904A6809682D
:10AF88009A1A019B5B1A00FB0233099A1A44099228
:10AF9800337D063B0F2BAFD801A252F823F000BF38
:10AFA80007B0000817B0000801AF000801AF00089B
:10AFB80001AF000801AF000801AF000801AF0008A9
:10AFC80001AF0008F9AF0008F1AF000803B00008AE
:10AFD800E9AF000801AF000801AF00080FB0000892
:10AFE80005A81CF038FF87E705A81AF00CFC83E7D2
:10AFF800032105A81EF08FF87EE70421F9E705A8CC
:10B008001CF0B3FA78E705A819F0A7FC74E705A8BF
:10B018001BF007FB70E722692946284623F068FBE6
:10B0280000283FF469AF226A002A75D1284623F028
:10B03800BDFE0690284623F0BEFE237D67688DF886
:10B04800353094F82830CDE907088DF83630207B64
:10B05800A3688DF834000C9305F058FE2169029B13
:10B068004A6809689A1A019B5B1A0C994343DB08E2
:10B0780001FB023300221F44A3690A920B97002B9D
:10B0880051D109930EAF95E80F0087E80F00D6E974
:10B09800011238465242494223F01DFB236912AC83
:10B0A8000FCB84E80F00D6E90112204652424942EC
:10B0B80023F011FB02993046D6E901328A1A019928
:10B0C800C91A18F044FE0590337D063B0F2B3FF656
:10B0D80013AF01A252F823F07DB100088DB100082A
:10B0E80001AF000801AF000801AF000801AF000878
:10B0F80001AF000801AF000801AF00086FB10008F8
:10B1080067B1000879B100085FB1000801AF000815
:10B118005FB1000885B100082946284623F0E8FAFF
:10B12800002883D1E8E6217F012912D0606A0993BB
:10B1380010B9206A23F03AFE216A029B0A904A68F5
:10B1480009689A1A019B5B1A00FB0232099B134497
:10B1580097E7134695E705A81CF0C7FFCCE605A8B6
:10B168001AF020FCC8E6032105A81EF0A4F8C3E6DF
:10B178000421F9E705A81CF09AFABDE605A819F01C
:10B18800C7FCB9E605A81BF030FBB5E6044BC200C6
:10B1980003EA002302F4FC6243EAD000104370473C
:10B1A80000F8FFFF0346084630B56AB1FF2A4FEAA8
:10B1B800D3010AD1A2F6FF0202EA0322DB0003F45C
:10B1C800FC631343194488B230BDD4439B0811FB78
:10B1D80002F1C0F3451513FB02F3E4B2094A04FB7C
:10B1E8000533C50A00F01F0004FB0515DB1004FB3E
:10B1F800001103F4FC6302EAC502134303EB1123B5
:10B2080098B2E1E700F8FFFF70B5044608467AB146
:10B218002178FF2AA57863784FEAD10109D114482B
:10B22800DB0000EA052003F4FC631843084480B2FD
:10B2380070BDD4439B08C0F3451613FB02F3E4B278
:10B2480004FB0633EE08C50A00F01F00DB10654357
:10B2580003F4FC6306FB0255054E12FB01F206EAF5
:10B26800C50504FB00222B4303EB122398B2DFE74A
:10B2780000F8FFFF2DE9F04F89B0436890F822707D
:10B28800834601938946836890F821800293C368B6
:10B2980006680393D0E906530493D0E9044307935F
:10B2A800002F40F04881002C3ED1B8F1FC0F26D881
:10B2B800029B9C4280F24181A6F1020BAA4600271C
:10B2C80029E057789378FF0000EA032307F4FC6726
:10B2D8003B4317784A4403EBD70326F81130013172
:10B2E800019B9942EDDB039B01341E44049B1D44E2
:10B2F800029B9C4280F221812A460021F0E7904877
:10B30800F6E73BF8021F50460137CA444246FFF7AA
:10B318007BFFABF80000019B9F42F2DB039B0134EB
:10B328001E44049B1D44C3E7B8F1FC0F1ED8029BC2
:10B338009F4280F20281B31EAB464FF0000A2FE015
:10B3480014F8082050463BF8021F08F10108CA44C7
:10B35800FFF75AFFABF80000019B9845F0DB039B11
:10B3680001371E44049B1D44079B1C44029B9F42BB
:10B3780080F2E380A6F1020BAA464FF00008EBE743
:10B3880014F80A20584633F8021F0AF1010A12FB82
:10B3980008F2CB440593120AFFF736FF059B188085
:10B3A800019A9245ECDB039B01371E44049B1D4424
:10B3B800079B1C44BBE79BF82230013B032B00F2A0
:10B3C800BC80DFE803F0024A6B8B7B789AF8022096
:10B3D800DB0803EBD2039AF801201F2BA8BF1F2319
:10B3E800D8023B88C3F3451380B203EB92039AF863
:10B3F80000203F2BA8BF3F2300EB43103B7803F00E
:10B408001F0380B203EBD2031F2BD4BFC0181F3019
:10B4180080B23988002C40F08580424605F08CFCCB
:10B42800059BCA4427F8020B01330593059B019A33
:10B438009342C0DB039B1E44049B1D440CB1079B35
:10B448001C44069B01330693069B029A934274DAC6
:10B4580000233746AA460593E8E79AF802307A7837
:10B46800DB08C3EBD2039AF8012023EAE373D8027E
:10B478003B88C3F3451380B2A3EB92039AF80020EC
:10B4880023EAE37300EB43103B7803F01F0380B219
:10B49800A3EBD203002BA8BFC018B9E79AF8023073
:10B4A8007A78DB089AF80100D208800813FB02F3C7
:10B4B8003A88C2F345125B1110FB02F03A7880110A
:10B4C80002F01F02400100EBC3209AF80030DB08AD
:10B4D80080B213FB02F300EB531099E79AF80200CD
:10B4E8007B78C0089AF80120C0EBD3003B8800287D
:10B4F800C3F34513B8BF4042A3EB92039AF8002068
:10B50800002B4FEAC020B8BF5B4280B200EB43106B
:10B518003B7803F01F03A3EBD203002BB8BF5B42B9
:10B52800184475E7059BB8F1FC0FE25C9CBF12FB61
:10B5380008F2120A72E7002385E709B0BDE8F08F28
:10B5480000F8FFFF08B521F0ACFA2020FEF712FB47
:10B55800064B0821C360064B036100238361054B3A
:10B5680043600548BDE8084024F030B92BB2020812
:10B57800F1B1020822A603086C92002438B5084DE0
:10B588000446074824F0CAF918B10378A34201D148
:10B59800406838BD0146284624F0C6F9F4E700BFE4
:10B5A8006C9200242DE9F04F8FB008AE1C9F86E8FE
:10B5B8000F009DF86C3030460293DDE9195423F0F2
:10B5C800F5FB8346304623F0F6FBFB6C97F84F609B
:10B5D800ADF834301B0C97F84CA08DF83630029B30
:10B5E80097F84D9097F84E80142B6FEA0607019054
:10B5F800FFB211D00F3B0C2B20D8DFE813F0CE00A0
:10B60800CE00CE000D001F001F001F001F001F00EE
:10B618001F001F0046016D000999089B0D980391B2
:10B62800029323F07BFCFC2E2BEAEB72DDE902315E
:10B6380011D956000021019B99420ADB0FB0BDE8E1
:10B64800F08F25F8130001335B45FADB35440131EF
:10B65800F1E70023F8E75B004FF0000E4FEADA0A43
:10B6680004FB01334FEA990918994FEAD80804EB0B
:10B67800D4740AFB06FA09FB06F90B4408FB06F822
:10B6880024F001045600019A9645D7DA4FF0000CD1
:10B698001BE033F81C10C1F3451007FB0090C010E5
:10B6A80000F4FC62B1480292CA0A01F01F0107FBCC
:10B6B800028207FB01A100EAC2020298024302EBE0
:10B6C800112225F81C200CF1010CDC45E1DB354486
:10B6D80023440EF1010ED6E70999089A0D980391B3
:10B6E800029223F01BFCFC2E2BEAEB73DDE902210E
:10B6F8000ED95E000021019B99429FDA002202E0E8
:10B7080025F8120001325A45FADB35440131F2E7D7
:10B7180052004FF0000E4FEADA0A04FB01224FEA0A
:10B72800990918994FEAD80804EBD4740AFB06FA69
:10B7380009FB06F90A4408FB06F824F001045E0038
:10B74800019B9E45BFF67AAF4FF0000C1EE032F821
:10B758001C1049BAC1F3451007FB0090C01000F453
:10B76800FC6382480293C1F3C42301F01F0107FB65
:10B77800038307FB01A100EAC3030298034303EB19
:10B7880011235BBA25F81C300CF1010CDC45DEDB1B
:10B79800354422440EF1010ED2E7029823F0D9FB7A
:10B7A800089B0999FC2E00FB03F3189A01FB04334C
:10B7B8002BEAEB71134424D900FB1B4400274143B7
:10B7C8000C44019A9742BFF639AF2E469E464FF079
:10B7D800000C10E0029A0CF1010C86F800A0102A67
:10B7E80086F8019086F8028008BF9EF803208644F8
:10B7F80008BFF2700644DC45ECDB0D4423440137F6
:10B80800DFE70AFB06F200FB1B44414303920C44AA
:10B8180009FB06F208FB06F64FF000090492019AAC
:10B828009145BFF60BAFAE469C464FF0000A25E0A7
:10B838009CF800800AF1010A039A08FB0728049A79
:10B848004FEA28288EF800809CF8018008FB07281A
:10B85800029A4FEA2828102A8EF801809CF8028064
:10B8680008FB07684FEA28288EF8028008BF9CF872
:10B878000380844408BF8EF803808644DA45D7DB0A
:10B888000D44234409F10109C9E71A2023F061FB9B
:10B89800089B099A03FB00FC189B02FB04CC00FBE5
:10B8A8001B449C440AFB06F3039309FB06F3049329
:10B8B80008FB06F34FF0000805932BEAEB734343AC
:10B8C8000293E3180793019B9845BFF6B7AE2E463F
:10B8D80064464FF000093AE094F803E094F800A0B9
:10B8E800BEF1000F3CD04FF47F43A2780599B3FB1B
:10B8F800FEF35A43C2F3072207FB02126178594349
:10B908000692C1F30721049A03FB0AF307FB0121FE
:10B91800039AC3F30723C1F3072107FB03230EFB95
:10B9280001F1C3F3072309120EFB03F371701B1215
:10B938003370069BC3F307220EFB02F2C2F3072201
:10B94800B270044486F803E009F101090644D945B8
:10B95800C2DB029B08F101081D44079B9C44B2E727
:10B9680086F800A063787370A278E9E700F8FFFF13
:10B9780091F8513013F0200F024B01D118F071BA31
:10B98800FEF71EBB59B8020870B591F8443090B064
:10B9980006460C46022B154627D904A818F0FFFACC
:10B9A80094F8443002AA8DF8273000230793636A7D
:10B9B800ADF824301B0C8DF82630A36AD4E90F01AA
:10B9C8000C930DAB83E803002B68304604A902935F
:10B9D8006B680393064B0193E3690093236AFEF7B0
:10B9E800C7FC0F9808B118F003F810B070BD00BF7D
:10B9F800C7BF020891F85830022B02D9014BFEF755
:10BA08004DBD7047C7BF02082DE9F04FDDB00B6B85
:10BA18000C460390002B00F0B88091F83C20022AD5
:10BA280040F2B380CD69A26AD1E90810854202D1FB
:10BA3800914200F0AA8003EBD3735B105B4285420E
:10BA4800D4BF5E191E180C968542ACBFC3EB050621
:10BA5800C3EB00069142D4BF581898189142ACBF66
:10BA6800C3EB0103C3EB02030CA90E960F93039BD0
:10BA78000D90084603F138094A4622F039FE00289D
:10BA880000F08380206AA26AE3699042656A40F008
:10BA9800CD80AB42D4BF40934095AB42216B4A4620
:10BAA800B8BF2B460139013B429301F0010303EB78
:10BAB800610300EB6101C31A439140A94193084611
:10BAC80022F016FEE8B1A56B1DB1656B003D18BFED
:10BAD80001252C2200214EA824F0EFFE40ABA28DB8
:10BAE8004E9394F82E30ADF84D218DF84F3194F8DF
:10BAF8003C308DF84C31002D4AD14EA90398FFF700
:10BB0800DBF994F83D3099073FD04EA818F0F7FAC2
:10BB180094F82E30A28D8DF85B3147F6FF73256BB4
:10BB2800559394F83C306E10ADF85921ED438DF8DB
:10BB3800583194F83D3005F00105DA0710D5E2696F
:10BB48000398931B32444093521B236A429240AAA3
:10BB5800991B33445B1B41914EA943931FF0D5FBBE
:10BB680094F83D309B0710D5626A0398931B3244C2
:10BB78004093521BA36A429240AA991B33445B1B11
:10BB880041914EA943931FF0C0FB5DB0BDE8F08F13
:10BB980040A84FF0020823F009F9419BDDF80C9109
:10BBA80006464393409FD4E90D23134497FBF3F2D1
:10BBB80003FB127705F098FC40AB0546DDF804A1BD
:10BBC800549056938DF85481D14503DA284605F0F0
:10BBD800A5FC96E728463246FF2124F06EFE002099
:10BBE8003B46844686420CDC4EA90398FFF764F96D
:10BBF800419B0AF1010A01334193439B013343936B
:10BC0800E2E7626B9A4209DBD21A00FA82F003FA81
:10BC180082F3013001338DF85481E3E7A16B0A44C4
:10BC28009342CCBF002305F800C0F2E7AB4272D1C3
:10BC3800216B9042D4BF41904192824201F1FF3181
:10BC4800B8BF024601F00105013A05EB61054392D0
:10BC58004A465D1B03EB610340A9409508464293A1
:10BC680022F046FD00283FF44CAFA56B1DB1656B73
:10BC7800003D18BF01252C2200214EA824F01DFEEE
:10BC880040ABA28D4E9394F82E30ADF84D218DF82F
:10BC98004F3194F83C308DF84C31002D3FF42DAFE6
:10BCA80040A823F083F8419BDDF80C91804643932C
:10BCB80005F01AFC40AB419F064654905693022368
:10BCC8008DF85431D4E90D23134497FBF3F503FBA6
:10BCD8001575B94501DA304679E74246FF21304605
:10BCE800013724F0EAFD636B4EA90398AB42B4BF59
:10BCF800002201228DF85421A26B13449D42A8BF53
:10BD08000025FFF7D9F8419B013501334193439B47
:10BD180001334393DDE7904204F1240704F11C0545
:10BD280080F20A81294608A823F04AF83946DDE955
:10BD3800086A0AA823F044F8DDE90A57AB1BA7EB09
:10BD48000A020693A7EB0A030793AB1B83EAE37B7C
:10BD5800ABEBE37B82EAE273A3EBE273226B9B45D6
:10BD68000493CDBF5B0104994FEA4B1393FBFBF39C
:10BD7800D8BF93FBF1F39A49B54211F8038010A993
:10BD880002FB08F808464A4608F13F084FEAE8135C
:10BD980005932B46A8BF3346B542A3EBE81310938F
:10BDA8002B46B8BF3346574503EBE81312933B467F
:10BDB800A8BF53465745A3EBE81311933B46B8BFBA
:10BDC800534603EBE813139322F092FC00283FF448
:10BDD80098AE4FEAE813049A4FEA282924A803F0FA
:10BDE800010193454FF00003149001EB28210DF158
:10BDF800C8081893CDF85480CDE9163340F3B180C4
:10BE08000AEB010207EB010B01930492AAEB09026A
:10BE1800A7EB09090592AA1B9A4240F395802B4685
:10BE2800059A3146CDF8009000F0F0F80123049A05
:10BE3800CDE900B32B463146404600F0E7F894F8C8
:10BE48003D305B071DD403230DF5807831465246FB
:10BE58000193AB1B404653440093A7EB0A03F31A24
:10BE68004EAE00F0D3F802233A46294601933046F5
:10BE7800069B3B440093079BEB1A00F0C7F8CDE9FB
:10BE8800168610A822F092FF0746FCF781FEFDF700
:10BE9800FFF9054610A822F007FC854203D910A82F
:10BEA80022F002FC054628464FF0000805F01CFB6E
:10BEB800119B2A46FF210646DDF84CB0139324F067
:10BEC800FCFC2C22002119A824F0F7FC10ABA28D51
:10BED800199394F82E30DDF844908DF87B3094F85F
:10BEE8003C30ADF879208DF8783010AB1F9621934F
:10BEF800CB4546DA139B119A9A4208D0013B19A9FF
:10BF08000398139302238DF88030FEF7D5FF30464F
:10BF180005F004FB24A820F0E1FD32A820F0DEFDA6
:10BF280094F83D3058073FF5ECAD40A820F0D6FD19
:10BF38004EA820F0D3FDE4E5394608A822F040FFDA
:10BF48002946DDE9086AF4E62B46049A3146CDF81D
:10BF580000B000F05BF80123059ACDE900932B4669
:10BF680069E75246CDE900736B18314400F04EF88A
:10BF780001235246A6EB0901CDE90073A5EB09039D
:10BF88005AE706EB080A4B46109A14A85146009740
:10BF980020F088FD01468DF8800018B93A465046D1
:10BFA80024F08BFCB84407EB08039D4205D9139B8A
:10BFB8000133139309F101099AE7022319A9039898
:10BFC8004FF000088DF88030FEF776FF139B2A4665
:10BFD800FF21304601331193139324F06EFCE9E7F7
:10BFE80025A6030838B5084C0025D4F8480108B13F
:10BFF80005F094FA073504F5A4701C211C3420F0D0
:10C00800A4F81C2DF1D138BD309100242DE9F84356
:10C01800089E15460F463821044698469DF82490F8
:10C0280020F093F8B54204D1B9F1030F09D1013DCD
:10C03800013EB54205DD2B4635461E463B46474682
:10C04800984639462A4604F1080022F0C3FE3246D3
:10C05800414604F1100022F0BDFE237E3946761BCE
:10C0680069F30203A8EB07072A4604F11C002376AC
:10C0780022F0B0FE344887EAE77286EAE673206069
:10C08800A2EBE772A3EBE6739A4294F83430D4BF7C
:10C098000022012262F30003002284F83430DB0717
:10C0A8002271C4E9092220D537B14FF4801393FBDC
:10C0B800F7F373439B12A36236B14FF4801393FBDB
:10C0C800F6F37B439B126362A26A217E9310E262BD
:10C0D80011F007011BD194F834106FF3410184F873
:10C0E8003410002AB8BF5B4222E036B14FF4801307
:10C0F80093FBF6F37B439B12636237B14FF48013D3
:10C1080093FBF7F373439B12A362626ADDE701298D
:10C1180004D194F8341041F00201E0E702290AD171
:10C12800002AD8DD94F8342042F0020284F8342042
:10C138002363BDE8F8830329D3D1002AE9DD94F805
:10C1480034206FF34102F1E777C102082DE9F34784
:10C1580040F26714DDF828A01E460546A3421F4694
:10C1680091468846A8BF26465445A8BF544626EAA5
:10C17800E67624EAE474B442B6BF04F5B470A01BB2
:10C18800801B80B2C5E90464A5F8880005F10800A1
:10C1980022F020FEB32F134BD4BF002201222B60C4
:10C1A800BAF1B30F4FF001032B7118DDA4F1B403FA
:10C1B800B32B94BF0027012733B2414605F118007D
:10C1C80000924A4620F0A0FC4A4623B2414605F1B7
:10C1D80050000A9702B0BDE8F04720F095BC1F4612
:10C1E800EAE700BF67C502082DE9F04F06460C468E
:10C1F8008DB0084690461D4622F0D8FD07462046D9
:10C2080022F0D9FD87422368A8BF0746B3607F1094
:10C2180063684745F360A368A8BF4746336127EAC8
:10C22800E778E368002FC6E90538337F65F3000334
:10C238004FF000053377B44B33604FF0020333718E
:10C2480003DC35620DB0BDE8F08FB04B1946D3F86A
:10C258006021424521D11C230F2F03FB051205FB4A
:10C2680003F3D2F85C0101EB030403F5A47300F1B6
:10C2780001000B44C2F85C01C8BF4FEA2810D2F88D
:10C288005821D8BF01200244B2F57A7FA8BF4FF4E5
:10C298007A72C4F858213362D4E701351C33042D6F
:10C2A800D5D19B4B00245A6932B9002C37D0196973
:10C2B80022699142B8BF1C46013D03F11C03F2D12B
:10C2C8007CBB1C2005F018F94FF0FF3304462361AE
:10C2D80034622068C4F8188008B105F01FF90620F8
:10C2E8004FEA880608F1010908FB000005F0FCF890
:10C2F800012F00EB480303F10203E36006F1040396
:10C308000344C4E90000A3601AD1B42303700023D6
:10C31800E2681380E2685780A268138092E71C469F
:10C32800CAE763690F2F03F101036361CCBF4FEACA
:10C3380028130123B3F57A7FA8BF4FF47A73C6E7B1
:10C348004FEA091005F0D8F8C6F1010300EBC9025D
:10C358000193B310049300239B4608930DF1100E2C
:10C368000DF1200C0021019F002F34DC07EB4B0757
:10C37800033701970BF1010BB34536DCB7100131D8
:10C388004EF8047B042906F003074CF8047BEAD135
:10C398009DF82C104FEA830E049F03F1010C0291C3
:10C3A80007998F4269D140F823700899029F42F893
:10C3B80023500F443946099F39440A9F3944676816
:10C3C800F9546768F95C0901F9546346B34505F106
:10C3D8000105C3DD0BE0ABEB0607DDF80490013E79
:10C3E80009EB470705370197C4E70429D0D003F1C3
:10C3F800804740F2D321013F01FB08F850F827603D
:10C408004FEAA825B900B6EBA82F03D152F8276048
:10C41800B5421CD0C8F309080431B8F5007F45506F
:10C428005550CCBFC8F5806808FB08F86168C9BFDB
:10C4380008FB08F84FEAD8384FEAE838C8F10F087F
:10C4480001F803806568E95C0901E9540133991E24
:10C458001D46002975DA002B03F1FF31D8BF0021F2
:10C4680003EB010CE16800230B801946614576DB7C
:10C478000DB0BDE8F04F05F051B8791E0EF1040A71
:10C48800039105998F4221D040F80E7042F80E5062
:10C49800089F6168CF546768F95C0901F9540399EA
:10C4A800029F40F80A10099942F80A500F44394689
:10C4B8000A9F04313944676807F80C10676802332B
:10C4C80017F80C10090107F80C107FE7069940F8D7
:10C4D8000E708F4242F80E5008991BD0DDF824E008
:10C4E80067687144DDF808E0F9546768F95C090188
:10C4F800F954039940F80A100A9942F80A508E44F0
:10C50800676871460831D7E775C80208309100247A
:10C5180078920024099F01EB07090A998944616808
:10C5280001F803906768F95C0901F9540399029FBF
:10C5380040F80A100C3742F80A50616801F80C708C
:10C54800BCE752F8216040F8256050F8216042F8B5
:10C5580025606668775C01397755013579E7E568C4
:10C568004FEA430E25F81310A56850F8216025F806
:10C57800136052F82150AB4201D1614501D101331A
:10C5880074E7A66850F82170013136F80E50BD42A4
:10C59800A8BF3D4626F80E50EBE700BF2DE9F04F47
:10C5A800B3B04FF00A0914466FF009083D9D0B938C
:10C5B8009DF8FC306A6B13932B6B2B925F42AA6B2E
:10C5C80010902D970D912C9232AA97FBF9F7D5E987
:10C5D80011017E1C08FB07F802E9030038B2A8EB3A
:10C5E800030804F019FC834630B204F015FC064633
:10C5F80007F15A0008FB06F600B204F00DFC82466B
:10C6080007F15B0000B204F007FCA9EB080208FB85
:10C6180000F310980BFB02660AFB023393FBF9F355
:10C628005B112A93309B96FBF9F61B0276112E9329
:10C63800319B29961B022F9322F0B8FB8346109852
:10C6480022F0B9FB139B17900F2B07D1102022F073
:10C6580080FC0BFB00F3149300230FE0139B142BB7
:10C6680004D0062B72D14FEA4B03F4E74FEA4B0391
:10C678001493409B179A149901FB0233119395F870
:10C68800513003F01002C3F3001318932B6B1A9266
:10C698001593002B67D1696C631E6A6B5B1AA86BD4
:10C6A8005343AA6C01EB23210B9B013B9B1A434389
:10C6B80002EB2322109B9B688B42A8BF0B461D46AA
:10C6C800109BDB689342A8BF13461E46109BD3E914
:10C6D800000722ABBA42009321ABA8BF3A46814279
:10C6E800A8BF014625A820F0EDFA24AB294632461A
:10C6F800009323AB20F0E6FA21A8BBF1010F0FC885
:10C70800C5BF121A0BF1FF35159A1202C8BF92FB6A
:10C71800F5F20C92179A012AC5BF5B1A02F1FF3293
:10C7280000231B02C8BF93FBF2F31B9300F18003A5
:10C738000E9301F180031E9300231C931693DDE9E9
:10C748001632934215DB33B0BDE8F08F139822F010
:10C7580000FC0BFB00F31493139B122B89D01B2BAB
:10C768007FF47AAF85E700230C931B931E930E93F7
:10C77800E2E7159B63BB1E9B1C9A03EB22231293D3
:10C78800159B0F93139B063B0E2BDCD801A252F886
:10C7980023F000BFC5C800084FC700084FC70008EE
:10C7A8004FC700084FC700084FC700084FC7000809
:10C7B8004FC700088DC8000851C900083DC80008C7
:10C7C80007C90008E5CB00084FC7000815CC0008CA
:10C7D800109B25A810995D68169B1D4422AB2A461C
:10C7E800009321AB096820F06DFA24AB10992A4612
:10C7F800009323AB896820F065FABBF1010F239DF4
:10C808002199249B229A12DD6D1A9B1A0BF1FF3095
:10C818002D021B0295FBF0F593FBF0F30C950F939B
:10C8280001F180030E9302F180031293AAE700231B
:10C838000C93F4E74FF00008409DCDF87480CDF8D4
:10C848006480199B9B456FDD0E9B03EB2822111218
:10C858000BD48C4209DD1D98129B03EB2023181280
:10C8680003D40B9E864200F3F58000232B60199BAE
:10C8780004350F9A013319931D9B13441D930C9B88
:10C888009844DEE74FF0000C4099E046409BCB1AF5
:10C898009B4549DD0E9B03EB2C252F120AD4BC4285
:10C8A80008DD129B03EB28205FEA202E02D40B9BA5
:10C8B80073454BDC4FF000030B7098E00027DDF860
:10C8C80000C13E461D97B3452EDD0E9B03EB272086
:10C8D80005120CD4AC420ADD129B1D9A03EB2221EF
:10C8E8005FEA212E03D40B9B734500F39381409A92
:10C8F8004FF0000302F816308CF80130E5E104230C
:10C9080007932146189B0B9A0693409B0D98CDE9F7
:10C9180004B30F9B03930C9B0293129B01930E9BF2
:10C9280000933C9B20F021FA409B149A13444093B7
:10C93800119B0BB15B441193169B01331693DDE9F0
:10C948001B2313441C93FAE60323D9E7EAB22D0606
:10C95800C3B255BFC2F17F02803A4FF0FF360126BD
:10C9680054BF52005200000655BFC3F17F03803BFD
:10C978004FF0FF35012555BF5B005B0019931993F4
:10C988003C9B0EFB03700D9B03EB0009185C1A9B84
:10C998000870002B3FD007EB060ABAF1FF3F31D0F1
:10C9A800544538DD0EEB050ABAF1FF3F25D00B9B45
:10C9B800534530DD19F806603C9BB04203FB05F592
:10C9C80019F8055007D0199BC3F580775E4300FB23
:10C9D8000766C6F30726A8421FBF5543C2F58073F2
:10C9E80000FB0355C5F307252E4476100E700F9BE8
:10C9F800013198440C9B9C4448E74FB9012C17D14E
:10CA0800012E15D1C2F1FF02424312120A70EEE75D
:10CA1800651EAF42F3E78FB90136F3D0012CF1D090
:10CA2800BEF1000F10D1013502D00B9B012BDED1D6
:10CA3800199BC3F1FF0343431B123DE704F1FF3980
:10CA48004F45EDD1012EEAE70B9B5A1E9645CED1F4
:10CA5800012DECE7DDF8F0C08F00DDF834E05FFA77
:10CA680082F900FB0C77DDF834C01206DEB2BC4454
:10CA78005EF8077059BFC9F17F094FF0FF32A9F17D
:10CA8800800901222F601B061A9F59BFC6F17F0635
:10CA98004FF0FF33803E0123002F00F083808F1872
:10CAA800B7F1FF3F74D0BC427CDDC718B7F1FF3F38
:10CAB80069D0DDF82CE0BE4574DD5CF822000CEB93
:10CAC80082013C9A23905343CF780CEB03025CF825
:10CAD800030092F803A02490BAF1000F0ED1EB786E
:10CAE800C6F1FF0673431B12EB7057BBEB78C9F115
:10CAF800FF0909FB03F31B12EB70B8E624992868B9
:10CB080022F042FA0028F0D1EA784AB1C6F1FF03D0
:10CB180006FB0AFA02FB03AA4FEA2A2A85F803A0B1
:10CB28008DF893602968249822F040FBC0F307230E
:10CB380028706B70C0F30743C0F30760AB70E870F0
:10CB4800D3E72399286822F01FFA00287FF48FAED4
:10CB5800EA783AB1C9F1FF0309FB07F702FB03774B
:10CB68003F12EF708DF88F902968239822F01EFBF2
:10CB7800C0F3072328706B70C0F30743C0F3076046
:10CB8800AB70E87073E651B9012C17D1012A15D1A1
:10CB9800EB78C9F17F0909FB03F3DB11ACE7631EEE
:10CBA8009942F2E779B90132F2D0012CF0D078B984
:10CBB800013303D00B9B012B7FF459AEEB78C6F100
:10CBC8007F067343E9E7671EB942F0D1012AEDE712
:10CBD8000B9A013A90427FF44AAEECE7189B08930F
:10CBE800002307932146119B0B9A0693409B0D98AF
:10CBF800CDE904B30F9B03930C9B0293129B019303
:10CC08000E9B00933C9B20F0A4F98DE6189B08939B
:10CC18000123E6E7C2B20006CBB255BFC2F17F02DC
:10CC2800803A4FF0FF30012054BF520052000906ED
:10CC380055BFC3F17F03803B4FF0FF31012155BF42
:10CC48005B005B00199319933C9B0EFB03590D9BEA
:10CC58004B441F930D9B13F80980409B03F81680E3
:10CC68004FF0FF338CF801301A9B002B47D02B185C
:10CC7800B3F1FF3F38D09C4241DD0EEB01039A46E9
:10CC880001332CD00B9B534539DD1F9B185C3C9B13
:10CC9800804503FB01F11F9B595C07D0199BC3F525
:10CCA8008075584308FB0500C0F3072088451EBF60
:10CCB8005143C2F5807308FB0311409B18BFC1F3B1
:10CCC80007210844401003F816000F9B01361D9AEF
:10CCD8000CF1020C1A440C9B1D921F44F3E55DB93C
:10CCE800012C19D1012817D10D9BC2F1FF0213F8AD
:10CCF800093053431B12FFE5611EA942F1E7B5B99C
:10CD08000130F1D0012CEFD0BEF1000F15D1013167
:10CD180002D00B9B012BD8D10D9B13F80920199B2E
:10CD2800C3F1FF035A4312128CF80120CDE704F136
:10CD3800FF384545E8D10128E5E70B9B5A1E964583
:10CD4800C3D10129E7E700BFF0B5478A85B005469A
:10CD58000022C7F308074FF0140E93B29F4201D880
:10CD680000202EE0AB680EFB02F69C1953F806C0B3
:10CD7800A088A1EB0C0383420CD2A07C022802D12C
:10CD8800E08818441DE038B9E068C35C002BF7D18F
:10CD98008C45F5D00132E0E7032814D1ADF80E3008
:10CDA8000DF10E00134B228A00930223A16823F091
:10CDB80061FD30B1AB6833449A68DB88801A03EBB5
:10CDC800600005B0F0BD0128CAD1ADF80E300DF1F4
:10CDD8000E00084B228A00930223A16823F04AFD23
:10CDE8000028EED0AB6833449A68801ADA68DB888A
:10CDF800105AC6E77FD602082DE9F0470F460268A9
:10CE080081690346D2F818A0002900F01681427CF7
:10CE1800DAF8044012F0020904EBC10509D054F80D
:10CE28003130DAF80070C3F313031F443846BDE805
:10CE3800F08728796A7912FB00F2002A00F0FF8057
:10CE48009AF813203F2A00F2FC80B3F80E8054F8B9
:10CE580031300E21DAF80040C3F313033E691C4455
:10CE6800FCF70CFD9AF8133003F01E03022B4FD188
:10CE78004A4649461DE0B8F1000F47D195F804C06D
:10CE88004FF0000E0BE011F00701237819D143F39E
:10CE9800C013DBB206F80E3001310EF1010E2B790A
:10CEA8007345F0DCB8F1000F01D06444002106445A
:10CEB80001326B799342DEDC0021384616F005FD1D
:10CEC800B4E701F1FF39B9F1050F16D8DFE809F029
:10CED8000306090C0F1243F38013DAE743F34013F8
:10CEE800D7E743F30013D4E743F3C003D1E743F391
:10CEF8008003CEE743F34003CBE743F300030CF191
:10CF0800FF3C0134DBB21FFA8CFCC3E7C446B7E729
:10CF1800042B3BD14A464946DFF82CE115E011F0D5
:10CF2800030123781CD19B091EF8033006F8093049
:10CF3800013109F101092B794B45F0DCB8F1000FFB
:10CF480001D064440021064401326B799342B3DD79
:10CF5800B8F1000F18D195F804C04FF00009EAE7BE
:10CF6800012902D1C3F30113DEE7022902D1C3F379
:10CF78008103D9E703F003030CF1FF3C01341EF8E9
:10CF880003301FFA8CFCD1E7C446E6E7082B35D1FD
:10CF98004A464B46DFF8B49023E013F0010394F8B7
:10CFA80000C00FBF4FEA1C1C0CF00F0C01F1FF3141
:10CFB800013408BF19F80CC003F101031CBF19F8AC
:10CFC8000CC089B206F80EC00EF1010E95F804C027
:10CFD800F445E2DCB8F1000F01D00C44002306440C
:10CFE8000132697991427FF767AFB8F1000F03D139
:10CFF80029794FF0000EE9E74146FAE7102B7FF454
:10D008005BAF4A460DE014F801CB06F803C00133C4
:10D0180095F804C09C45F6DCC91A0644013214FA96
:10D0280081F46B7993427FF747AFB8F1000F02D1D3
:10D0380029790023ECE74146FBE70F46F6E6174659
:10D04800F4E64F46F2E600BF46A603084AA60308E0
:10D05800092A2DE9F043804685B00C4616469946C4
:10D06800876905D0002A44D1002005B0BDE8F083C7
:10D0780020213846FFF768FE05460028F4D0FB68F3
:10D08800002B38D100207A68092E3B8A02EBC502B2
:10D0980000FB03F351884FEA2313C1F30B1003F18C
:10D0A8000803014604BF01B249000B441B09A380D1
:10D0B800537923811179E18092F90630638192F9DD
:10D0C8000730A3813B7D33B15A1E0A44B2FBF3F209
:10D0D80012FB03F39BB2E381092EFB7CA561C3F32A
:10D0E80043032374637C6FF30003637460D00120EF
:10D0F800BBE71146BDE7B9F1000FC3D04946D8F8E0
:10D108001800FFF721FE0028BCD0D8F81820D2F864
:10D118000C80D27C930634D498F80B203F2A17D879
:10D12800D8F80090244B4946CDE90250D8F8082099
:10D1380002A80093022322F0404223F09BFB002820
:10D14800A1D0A0EB09004010D8F8043018569AE78F
:10D1580002F0C002402A95D1D8F80090174B4946F2
:10D16800CDE90250D8F8082002A80093042322F041
:10D17800404223F07FFB002885D0A0EB09008010F7
:10D18800E2E7D8F80420D8F80810525D095C002AB4
:10D198003FF478AF00293FF475AFD8F80030013A72
:10D1A80098F80D000B4400FB023313F9010C6AE7F1
:10D1B8004900E1809BE700BF5BD602086DD60208F4
:10D1C800C37A9B0742BF034B00225A65C07AC0F35B
:10D1D8004000704730910024C27A930717D5002386
:10D1E80090F8A81022F0130263F303010367C272D8
:10D1F800074A836780F8A810C0E91433C0E90333ED
:10D20800C0E91A33C0E91633C0E9233353657047C0
:10D218003091002410B5044601F024FA94F8A8309F
:10D228001B0701D0236F43B9D4F8D8302BB120465F
:10D238000249BDE8104003F0A3BB10BD1DD2000891
:10D2480010B5FCF715F8124822F0C8FA0446E8B100
:10D25800DC22002123F031FBE37A2246212123F04E
:10D2680006030C4843F00603E37204F03FF820621B
:10D27800FBF7FEFF0023084A23700123E061A37235
:10D28800064BC4E909234FF48073E362204610BDBE
:10D29800749100241BD802080A0A03329001640022
:10D2A8000146034809B922F039BB22F03DBB00BF53
:10D2B80074910024014B186D704700BF3091002411
:10D2C800014B586D704700BF3091002470B50C4673
:10D2D800104E0546FCF768F8214620F034FA7065D0
:10D2E800B0B92846FCF756F8214620F02CFA7065AC
:10D2F80070B92846FCF73AF8214620F024FA706500
:10D3080030B92846FCF75AF8214620F01CFA706517
:10D3180070BD00BF30910024F8B50128144E0446B2
:10D328000F46356D05D0122814D8124BC340D907C3
:10D3380010D5726D2146284620F04EFA2846FFF790
:10D348003FFF98B9EB7ADA0604D560F3041301209D
:10D35800EB72F8BD3A462146706DF9F7D7FA2846C0
:10D36800FFF72EFF80F00100C0B2F2E70020F0E7DF
:10D3780030910024100F040038B590F89830044616
:10D38800013380F89830D0F8A40023F065FB238D92
:10D39800984225D9012384F89830204D06F018FCCE
:10D3A80004F19C01C4F8A400204620F091F9296DED
:10D3B8000420FFF7B1FF80B394F898300322013BB3
:10D3C80093FBF2F202EB42029B1A012B1FD0022BB5
:10D3D80020D013BB296D0520BDE83840FFF79CBF5E
:10D3E800237803F0FD03012BD7D1226BD4F89C30AE
:10D3F800616B9B1AD4F8A020521A94F8241011FBE0
:10D4080001F1524303FB03238B42C3DCC5E7296DBB
:10D418000620E1E7296D0720DEE738BD30910024BA
:10D42800F8B50446884D806E6865E37A1B071FD4FB
:10D438002B6DDE69E8B904F130013046FFF746FF8D
:10D44800236F6865002B00F00A81D4F8D83033B117
:10D458007E49204603F094FA0023C4F8D8302046C9
:10D4680001F000F92046FFF7ABFE002800F0F78036
:10D47800F8BD236F002B00F0EB80A36B266B626B6B
:10D48800F61AE36BD21AA36D002EA6643344E26445
:10D49800B8BF764203EBD3735B10A365E36D134407
:10D4A80003EBD3735B10E36504F16003D4E9160161
:10D4B80083E8030094F824309E4204DC002AB8BFB5
:10D4C8005242934205DA94F8A93043F0020384F8F3
:10D4D800A930686D0028CBD0802112F03AFC80F08A
:10D4E800010717F0FF0740F084812B6DDB7A1807DE
:10D4F800BED4206F08B1FAF7D1FB204601F0D2F96B
:10D508002046FFF75DFE0028B2D1236F002B5AD1C9
:10D5180094F8A930D90756D4A66E002E53D04FF4EC
:10D528000041304612F007FC002840F06A81A36CE5
:10D538002A6D83EAE37EE16C92F826C0AEEBE37EC7
:10D54800E64507DA81EAE17EAEEBE17EF445C8BF45
:10D55800C4E92300D4F88C000344D4F8900083EA8B
:10D56800E37C0144C4F88C30ACEBE37CC4F8901045
:10D5780092F827E081EAE170F445A0EBE17001DC64
:10D58800864520DA844540F34181002BCCBF022335
:10D598000123B4F8A8101B01304621F4F87143F4B4
:10D5A80080730B431021A4F8A830F9F7AFF920468F
:10D5B800FFF706FE38B932461021286D20F00CF925
:10D5C800286DFFF7FDFD2046FFF7FAFD00287FF4E0
:10D5D8004FAFA37A022B07D1206A28B123F046F96E
:10D5E80010B1206A23F033F9236F002B7FF440AF8A
:10D5F800E37ADA0718D4E06823F02EFA296D0B8D48
:10D60800984209D9002F40F00681E37A43F00103DC
:10D61800E37206F0DDFA2061236F002B7FF428AF58
:10D62800E37ADB077FF524AF206923F015FA296D2B
:10D638004B8D98427FF61CAF002F40F0F38006F028
:10D64800C7FA206114E700BF309100241DD20008FA
:10D658004FF4005112F06FFB00283FF4ECAE686DF8
:10D66800A16E8842D4E90C233FF407AFA06FC4E948
:10D678000E23637A94F8A920B3FA83F35B0963F362
:10D68800820284F8A920C8B16B6D984216D0224650
:10D698001921F9F73BF92046FFF792FD00287FF49E
:10D6A800E7AEA26F1921204620F096F82046FFF732
:10D6B80087FD00287FF4DCAE6B6DA367A06E0028A1
:10D6C80042D16B6DC4E91A33002B3FF4D6AE06F095
:10D6D8007FFAE37AB4F8A8206FF30003E06022F43D
:10D6E8007F72E372002322F003022367A4F8A820C4
:10D6F800C4E91433C4E92333C4E91233637A012B30
:10D708002CD12E6DF37A1F073FF5B2AE0421686D58
:10D7180012F011FB88B1686D12F021FB0746706F9B
:10D72800002833D1002F39D0686D11F08CFF3046B6
:10D73800FFF746FD08B96B6D73672046FFF740FD9C
:10D7480000283FF49AAE93E62A6D0321F9F7DEF834
:10D758002046FFF735FD0028B3D089E68021686DA3
:10D7680012F0F7FA0028CCD1A26F6B6D296D9A429E
:10D7780006D1296D0120FFF7CFFD0028C1D177E63A
:10D788001820FFF7C9FD0028F3D171E612F0E7FA77
:10D798008742034615D1686D002FC6D1706F6B6D37
:10D7A8009842C8D02A6D1421F9F7B0F83046FFF72F
:10D7B80007FD0028C1D12A6D1321686DF9F7A6F875
:10D7C800B5E7706F83B928B9686D002FACD12A6DA1
:10D7D8001321F3E72A6D1421F9F798F83046FFF77B
:10D7E800EFFC0028F0D0A8E70028EDD02A6D15211D
:10D7F800F2E7296D0220FFF78FFD00287FF475AE50
:10D8080036E6304615F0E6FB064686E60029CCBF2C
:10D8180008230423BDE60820FFF77EFD00287FF4D7
:10D82800F4AE25E60920FFF777FD00287FF407AF5F
:10D838001EE600BF2DE9F043C37A04469DB01807E1
:10D8480007D4A26B236B9A4203D1E26B636B9A42B3
:10D8580048D0FBF70DFD04F13001FFF737FDA36F4A
:10D868000546834223D022461821F9F74FF820466F
:10D87800FFF7A6FC60BB2A46182120461FF0ACFF24
:10D888002046FFF79DFC18BB22461921A06FF9F727
:10D898003DF82046FFF794FCD0B9A26F1921204625
:10D8A8001FF09AFF2046FFF78BFC88B9A567E37A3B
:10D8B800A06E190716D57F4B03211A6DF9F726F8C4
:10D8C8002046FFF77DFCE37A28B16FF3C303E372C8
:10D8D8001DB0BDE8F08360F3C303C4E91A00C4E9CE
:10D8E8000300E372A36E734D276F6B65A37A022B57
:10D8F80007D1206A28B122F0B9FF10B9206A22F0B6
:10D90800A1FF686D002800F0D080802112F021FA74
:10D9180000283BD1296D0B20FFF7FEFC0028D7D04B
:10D92800C7B994F8A9305A0704D40023A366C4E9F8
:10D938000333CDE7E37ADB0706D5296D0A20FFF725
:10D94800EBFC0028F1D1C3E72046FFF715FD0028BE
:10D95800F3D1BDE72A6D0D213846F8F7D7FF2046E9
:10D96800FFF72EFC0028B3D1A066C4E903004FF4EA
:10D9780080750026A846CDE9046677B9B8F1000F8E
:10D9880036D105B901254FF001083AE00023A36616
:10D99800C4E90333002FEAD19AE770220021384600
:10D9A80014F08AFD039030446E22002106B23846F6
:10D9B80014F082FD81466F2200210390384614F04E
:10D9C8007BFDB9F1010F05460390B8BF4FF001097F
:10D9D8000128384608FB09F9B8BF012515F0FAFAFD
:10D9E800074649F30F2808FB05F545F30F25C4E75B
:10D9F800002D58D02EB9B5F5807F02D1B8F5807FBB
:10DA080020D04FF4803376424FF0000904AF36B28D
:10DA180004F15800CDF804903146009793FBF8F2D2
:10DA280093FBF5F315B20FFA83F82A46434621F023
:10DA3800AFF943462A46314604F16000CDE9007942
:10DA480021F0A6F9D4F8D8503DBB04A802F07EFF17
:10DA5800214604A820F095FD4FF4806104A820F029
:10DA680094FD4FF48062294604A820F093FD1249E2
:10DA780004A820F088FD114904A820F095FD0F495D
:10DA880004A820F093FD4FF0FF3104A820F094FD86
:10DA980004A803F0A7F8C4F8D80020461DB0BDE8D4
:10DAA800F043FFF78DBB0125ABE7002F3FF410AF24
:10DAB800C8E700BF309100241DD2000887D60208AD
:10DAC8002DE9F04F044691B0002800F0E780A84DFA
:10DAD8002865C369002B00F0E180FFF77DFBC37A5E
:10DAE8005E0740F1DB80C369D3F8D0320193002B85
:10DAF80040F0D4803422002103A822F0DEFE2378EF
:10DB0800012B1FD1236C0393636C0493636813B1D7
:10DB180003A920469847A37A2046022B14BF9DF8F4
:10DB28001F804FF00008FFF757FB019B6B659DF8BE
:10DB38001E30012B23720FD1E66906F049F8C6F8AA
:10DB48000C0310E0022B03D1D4F8B0300593DDE7C5
:10DB5800042BDBD10A23F9E72378042B03D1BDF981
:10DB68001C30002BE8D12378012B40F08380E0693A
:10DB7800039E04992664616490F8002302F006036A
:10DB8800022B07D103689B1B013B039343685B1A75
:10DB9800013B049302F00502012A06D1DDE90332B4
:10DBA800049343689B1A013B0393FBF771FBE069FD
:10DBB800FBF77EFBD4F8B40048B1A36BDDE9031290
:10DBC8008B4202D1E36B934201D013F043FA039BDB
:10DBD800666F2363049B6363BDF91C30C4F89430FB
:10DBE800BEB1B3B130466E6512F023FBF0B100212F
:10DBF8007622686DE66A14F05FFCD4F8943002A9C6
:10DC08005E434643122006F5004636140296FFF797
:10DC180083FB237A2046012B29D1FFF701FC237AC5
:10DC28006372236BA363636BE3632EE0D4F89420E1
:10DC3800204694F82430002AA666D8BF5B42E364E5
:10DC48001FF044FE0028E4D076220021E66A14F092
:10DC580033FCD4F89430029073434343204603F5D1
:10DC680000431B14E365636600F01CFED1E7FFF771
:10DC7800E1FDD4E7022B40F0E4809DF81E10E37A22
:10DC8800012903F008020CD19AB12046FFF7A4FA43
:10DC9800B8F1000F7FF42EAFC5E9148811B0BDE8C4
:10DCA800F08F32B123F00903E3720023E36084F8B4
:10DCB800AC30059BD4F8B860D4F8B0A0C4F8B03044
:10DCC800002EE2D0304611F085FC68650028DCD0D3
:10DCD800802112F03EF89DF81E9080F0010794F81C
:10DCE800ACB0B9F1010F84F8AC90FFB23BD1BBF1F5
:10DCF800000F3FD105F06CFF0599E06009290BD1B1
:10DD08003046002111F07FFC3046F8F76DFD2046C3
:10DD1800FFF756FA48B3B8E70B2907D13046002178
:10DD280011F071FC3046F8F773FDF0E7EFB10A29FE
:10DD380030460CD111F053FC2046FFF741FA002879
:10DD4800A3D1296D4846FFF7E7FA70B99DE71B296B
:10DD58004BD111F044FC2046FFF732FA002894D149
:10DD6800296D2720EFE7002F42D100236B658CE750
:10DD780030910024002FF8D0BBF1010FF5D1059B9D
:10DD88000A2B15D0E37AD8071BD4E06822F064FE8A
:10DD9800238D9842E37A12D943F00103E372059B7D
:10DDA8000A2BE2D105F014FF20610820296DCAE78B
:10DDB800296D0220FFF7B0FA0028E3D165E7D907FB
:10DDC800D3D5206922F048FE638D9842CDD905F05D
:10DDD800FFFE059920610A2902D1296D0920B2E7C1
:10DDE80009298DD00B2999D0304611F0F8FB8EE720
:10DDF800B9F1000FB9D1BBF1010FB6D1BAF10A0FD1
:10DE0800CDF814A006D00022E37A62F30003E260A2
:10DE1800E372AAE7296D0B20FFF77EFA00283FF48A
:10DE280034AFE37ADA0706D5296D0A20FFF774FACA
:10DE38000028E8D129E72046FFF79EFA0028F3D109
:10DE480023E7042B40F0B6819DF81E20E37A012ACF
:10DE580003F0080160D100297FF417AF059BD4F8BF
:10DE6800B86094F8ACA0C4F8B03084F8AC20002EA8
:10DE78003FF40BAF304611F0ADFB686500283FF466
:10DE880004AF9DF81E3013B10023ADF81C3080217B
:10DE980011F05FFF9DF81E3080F00107012BFFB2E3
:10DEA80040F0E780BAF1000F70D105F091FE0599B6
:10DEB800E0600A294CD1686D12F0BBF9B0B3304666
:10DEC80011F006FC00283AD14FF0000ABDF91C30C9
:10DED800C5F854A0002B3FF4D8AE304611F0F8FB3B
:10DEE800BDF91C300746002800F03F81534580F2F9
:10DEF8002881BDF91C305B429A45BFF6C6AE142195
:10DF0800304611F06CFB2046FFF75AF900287FF4E1
:10DF1800BCAE0AF1010AECE700299FD023F00903FF
:10DF2800E3720023E36084F8AC3097E71021686D52
:10DF380011F001FF0028C2D1304611F0C9FB002FB3
:10DF4800C2D0296D0120FFF7E7F90028BCD19CE673
:10DF5800142905D1BDF81C30013BADF81C30B3E7DE
:10DF6800132903D1BDF81C300133F6E71B293046CD
:10DF780076D111F034FB2046FFF722F900287FF410
:10DF880084AE002FA0D0296D2720DCE7BAF1010F5D
:10DF98009AD1E37ADB0710D5206922F05DFD638D05
:10DFA800984291D905F014FE059920610A2951D1AA
:10DFB800002F89D0296D0920C5E7E06822F04CFDC3
:10DFC800238D9842E37A41D943F00103E37205F0C7
:10DFD800FFFD059B20610A2B20D16A6D0821286D61
:10DFE8001FF0FAFB286DFFF7EBF800287FF44DAE21
:10DFF800686D12F01EF9B0B1304611F06EFB0128C1
:10E008000CD9304611F064FB80F001013046C9B2EA
:10E0180011F0F9FA2021686D11F07FFEE37A43F0E0
:10E028000103E37250E71021686D11F084FE0028A7
:10E03800E2D1002FF2D02A6D0821686DF8F766FC4E
:10E04800286DFFF7BDF80028E8D01EE6D8077FF551
:10E058003BAFA1E714293FF47DAF132982D03046A6
:10E0680011F0BDFA2046FFF7ABF800283FF42CAFBB
:10E078000BE6002B7FF428AFBAF1010F7FF424AF31
:10E08800059B0A2B1AD1686D12F0D3F810BB10212A
:10E09800686D11F050FEE8B987B1296D0B20FFF7C4
:10E0A8003BF900283FF4F1ADE37AD9070CD5296D87
:10E0B8000A20FFF731F900283FF4E7AD0022E37AA0
:10E0C800E26062F30003ACE72046FFF755F9002849
:10E0D800EDD1DAE5304611F0FBFAE37A50B3DA070E
:10E0E8000AD49FB90A21304611F079FA2046FFF781
:10E0F80067F80028E2D0C8E5304611F0EEFA0128AA
:10E10800EFD92021686D11F008FED7E7296D0B20A3
:10E11800FFF702F900283FF4B8AD2046FFF72CF9C5
:10E1280000283FF4B2AD296D0A20FFF7F5F8002862
:10E13800D8D1AAE5DB07C1D40121304611F063FA32
:10E14800BCE73FF4A2ADBDF91C309A45BFF69DADC2
:10E158001321304611F043FA2046FFF731F8002822
:10E168007FF493AD0AF1010AEDE7002B10DABDF94F
:10E178001C305B429F42BFF688AD3046F8F748FB3B
:10E188002046FFF71DF800287FF47FAD0137EEE742
:10E198003FF47BADBDF91C309F42BFF676AD3046EB
:10E1A800F8F722FB2046FFF70BF800287FF46DAD47
:10E1B8000137EFE7032B7FF468ADD4F8BC30002BB0
:10E1C8003FF463AD069A03EBC20153F832709DF831
:10E1D8001E304E68012B08D1A36B9F4202D1E36B1E
:10E1E8009E4202D02046FFF725FB2046FEF7E8FFB7
:10E1F80000287FF44AAD9DF81E302046012BC4E963
:10E208000C760AD1FFF70CF9237A20466372FEF7E1
:10E21800D7FF00283FF405AD37E5FFF70BFBF3E721
:10E2280070B5C37A04460D4643F00203C372224B0D
:10E238001A6D824204BF00225A650378013B012B04
:10E2480011D8866E99B1436F99420DD08EB9D4E931
:10E258001B369D4201D10023E366EEB9A36F9D42B0
:10E2680001D10023A36770BD00234367EEE7416730
:10E278006EB10023224617213046A366F8F746FB05
:10E288003246172120461FF0A7FA002DDFD10023C0
:10E29800266FE366002EE4D000232246172130467D
:10E2A8002367F8F733FB3246172120461FF094FA0C
:10E2B800002DD3D1D5E700BF3091002438B50D46E5
:10E2C80018B1BDE83840FFF7ABBF084821F026FB7E
:10E2D800044610B9064B586538BD20462946FFF755
:10E2E8009FFF2046FEF7DCFFF2E700BF7491002491
:10E2F800309100242DE9F04F89B004469B46CDE9C2
:10E30800021213F05AFB054620B96FF0604009B0BD
:10E31800BDE8F08F1022002120464FF0000814F0CD
:10E32800CBF86FF06049112200210790064620467D
:10E3380014F0C2F807900746204614F081FE0190B9
:10E34800019B984506D16FF060439945DDD0C9F12E
:10E358000000DCE7A36829491B6853F828A0504649
:10E3680011F0EFFC28B94FF48051504611F0E3FC4E
:10E3780020B94B4608F101089946E1E7022D1AD069
:10E38800032D1DD0012DF4D1A169DAF818303144DC
:10E398005B44029A9342ECDB039A9342E9DC5B1AF2
:10E3A80089EAE97183EAE370A1EBE971A0EBE37014
:10E3B8008842DEDADEE7216ADAF82030C91BE7E7AF
:10E3C800DAF818100AF11400049120F0F4FC04990A
:10E3D80000EBD07001EB6003A16904F11400314433
:10E3E8000593049120F0E7FC801B0499059BC01B52
:10E3F80000EBD07001EB6001CAE700BF0100040028
:10E408002DE9F04F89B004469B46CDE9021213F07E
:10E41800CDFA054620B96FF0604009B0BDE8F08F2D
:10E428001222002120464FF0000814F045F86FF042
:10E4380060491322002107900646204614F03CF854
:10E4480007900746204614F0FBFD0190019B984574
:10E4580006D16FF060439945DDD0C9F10000DCE7D3
:10E46800A36828491B6853F828A0504611F069FC96
:10E4780028B94FF48051504611F05DFC20B94B4645
:10E4880008F101089946E1E7022D1AD0032D1DD0A5
:10E49800012DF4D16169DAF8143031445B44029AF1
:10E4A8009342ECDB039A9342E9DC5B1A89EAE9714F
:10E4B80083EAE370A1EBE971A0EBE3708842DEDA4E
:10E4C800DEE7E169DAF81C30C91BE7E7504650F887
:10E4D800143F049320F06AFC049B00EBD07003EB1C
:10E4E8006003204650F8141F05933144049120F02E
:10E4F8005DFC801B0499059BC01B00EBD07001EBF1
:10E508006001CBE7010004002DE9F74303291E460B
:10E518004FF00103044617461370337024D113F0EB
:10E5280045FA022863D003283BD0012856D000259D
:10E5380000236FF06042691C2046FFF761FF6FF00F
:10E5480060436A1E46499842204604BF0023337040
:10E558000023FFF755FF6FF06043984201D1002375
:10E568003B7003B0BDE8F08313F027FA02286DD0A2
:10E57800032845D0012860D00025691C00236FF0CE
:10E5880060422046FFF7B6FE6FF060436A1E3449CA
:10E598009842204604BF002333700023FFF7AAFEE9
:10E5A800D9E712220021204613F086FF1322804665
:10E5B80000210190204613F07FFF814601902046FC
:10E5C80050F8145F20F0F2FBA0EB0803A3EB09035B
:10E5D80003EBD37305EB63054544A9E7656912228C
:10E5E8000021204613F068FF05440190A0E7E56983
:10E5F80013220021204613F05FFF2D1A019097E7A0
:10E6080010220021204613F057FF112280460021D6
:10E618000190204613F050FF8146019004F1140048
:10E62800A56920F0C8FBA0EB0803A3EB090303EBE3
:10E63800D37305EB630545449FE7A56910220021C4
:10E64800204613F039FF0544019096E7256A112208
:10E658000021204613F030FF2D1A01908DE700BFEE
:10E66800010000E02DE9F347056F0446002D00F096
:10E67800A18090F8A8301F0700F09C8090F82560D2
:10E688004021284611F057FB08B9C4E9160028466E
:10E6980013F08CF90746284613F08FF994F8A890E0
:10E6A800804609F00F09B9F10C0F7DD14FF0000A2F
:10E6B800C4F858A000283CD1E36DC6F1640628468A
:10E6C8005E43642396FBF3F6E665F8F7F7FF064624
:10E6D800284613F083F933460246CDF800902846C1
:10E6E800E16D1FF099F841460246E065284613F0AF
:10E6F80077F9E37A9E075DD4A36D002B5AD1E36DB9
:10E70800002B57D1284613F069F906462846F8F732
:10E71800D5FF002E00F39F80002832DD8EB3012341
:10E72800324600212846F9F7E1F8E37A9A0728D516
:10E7380040E0494620461FF0B2F8636DD4F88020C7
:10E748000646C118C4F85CA028469142B8BFD61A3C
:10E75800D4F88820991991425149C8BFD61A6FF048
:10E7680060423346FFF7C6FD01238219002128467F
:10E77800F9F7BCF8E37A98071CD4A36DD3B9E36D15
:10E78800C3B9002F6CD022460E212846F8F7BEF8F0
:10E79800E37A13F002030DD194F8A820236763F3FA
:10E7A800030284F8A82005E0B9F1030F05D0A36D92
:10E7B800002B49D002B0BDE8F0874FF0000AC4F83A
:10E7C8005CA007BBA36DC6F1640628465E436423BC
:10E7D80096FBF3F6A665F8F7BDFF06462846F9F757
:10E7E80011F832460346CDF800902846A16D1FF077
:10E7F80013F83A460146A065284613F0F1F8E37A83
:10E808009907D4D5D6E7494620461FF048F8236D26
:10E81800E26F0646C118C4F858A028469142B8BF0E
:10E82800D61AD4F88420991991421D49C8BFD61A1E
:10E838006FF060423346FFF7E3FD012381190022A0
:10E848002846F9F753F8DAE7E36D002BB2D1B8F1AF
:10E85800000F96D156E7002893DA0123424260E779
:10E868002846F8F777FF06462846F8F7CBFF002E2C
:10E878000EDC002887DD002E85D001233A4631467C
:10E888002846F9F733F8E37A9B077FF57CAF91E7E1
:10E898000028BFF678AF01233A464142F0E700BFAF
:10E8A800010000E02DE9F04F836C85B004461BB9E8
:10E8B800C36C002B00F07A81266F002E40F0CE80CA
:10E8C80020461FF003F80646002800F06F81256FE8
:10E8D8008021284611F02FFA80B96FF06043B74ABB
:10E8E80004F17C00114600931FF0CEFE6FF06043E8
:10E8F800E26F9A4204BFB14BE36781E0284613F008
:10E908005CF8022830D003283AD001284DD1A969F3
:10E9180000236FF0604228460131FFF7EBFCC4F892
:10E928008000AA690023013AA4492846FFF7E2FCBF
:10E93800C4F88800284613F039F802283BD0032889
:10E9480044D0012856D100236FF0604269692846F7
:10E95800FFF756FD0023E0676A6998492846FFF7E4
:10E968004FFDC4F88400C1E700236FF06042296AB4
:10E978002846FFF7BFFC0023C4F880002A6AD3E7C3
:10E9880005F11400AF6920F016FA002300EBD070EF
:10E998006FF0604207EB60072846791CFFF7AAFC76
:10E9A80000237A1EC4F88000BEE7844B6FF06040F5
:10E9B800C4F88030BCE700236FF06042E96928465C
:10E9C800FFF71EFD0023E067EA69C6E7284650F80E
:10E9D800147F20F0EBF9002300EBD0706FF0604259
:10E9E80007EB60072846791CFFF70AFD00237A1E0B
:10E9F800E067B2E7714BE3676FF06043C4F88430B7
:10EA08006FF06043D4F880209A4204BF6B4BC4F87F
:10EA18008030E36F0BB9694BE367D4F884301BB9D6
:10EA28006FF06043C4F88430D4F8803013B9634B76
:10EA3800C4F88030D4F888301BB96FF06043C4F84C
:10EA480088302021A06E11F068F900220C21304690
:10EA5800F7F75CFFE37A980700F1A8804FF4807518
:10EA6800B0464FF0000A2F4670220021404613F0AE
:10EA780023FD029050446E2200211FFA80F90FFAFC
:10EA880080FA404613F018FD83466F220021029059
:10EA9800404613F011FDBBF1010F0290B8BF4FF0D3
:10EAA800010B0128B8BF012007FB0BFB68434BF3A0
:10EAB8000F2740F30F25404614F08CFA80460028B3
:10EAC800D2D1C7B9002D74D001274FF4803300206C
:10EAD800C9F10001019009B293FBF7F293FBF5F33A
:10EAE800CDE9020002A81BB212B2009004F148005E
:10EAF80020F04EF90AE0002D5DD0BAF1000FE4D104
:10EB0800B7F5807FE1D1B5F5807FDED194F8A850C4
:10EB1800304605F00F05032D52D1F8F773FE07466E
:10EB28003046F8F717FE3B46024600953046A16C82
:10EB38001EF072FE0746304612F030FF10F0010555
:10EB480052D00025810758BF27EAE77710F0040361
:10EB580001D1002D4CDC020701D425EAE575636D6F
:10EB68003046D4F8802059199142B8BFD51AD4F844
:10EB7800882059199142C8BFD51A236DE26FD91957
:10EB88009142B8BFD71AD4F88420D9199142C8BF86
:10EB9800D71A2A46394612F023FFE37A9B0705D491
:10EBA800236D3B442365636D2B44636505B0BDE865
:10EBB800F08F012588E7012587E700BF010000E005
:10EBC80012F00CFF054630460027F8F777FD0C22B7
:10EBD8000346304600922A46E16C1EF01DFE0546AB
:10EBE800304612F0DBFEADE7002FABDD2F46B2E773
:10EBF8001D46B4E72DE9F04F804689B00E4617460A
:10EC0800002101220293DDF84CA013F055FC0222EA
:10EC1800079004460021404613F04EFCF278079016
:10EC2800950758D512F0010F6FF040424DD094422D
:10EC38004DD0924B0393924B0025394640460193A1
:10EC4800CAF814504FF0010BCAF800500697CAE9E9
:10EC58000155CAE9035514F0C0F90446DDF81890C7
:10EC6800002C46D04F453DD18649204611F069F821
:10EC78000146002840F0DA807E220590204613F0F5
:10EC88001BFC04909DF810200790002A00F0DF80FC
:10EC9800F27812F0010013BF0422062201460599FA
:10ECA800204613F009FCF2784F45079002F0020263
:10ECB8004CD0129B1844002A49D10544DAF80820A0
:10ECC800129B1A44CAF808204BE0904206D1F27809
:10ECD8006FF34102F270F278D107AAD4684B03931C
:10ECE800664BA9E74FF40011204611F024F80028DC
:10ECF800BAD0DAF8142012B9DAF808300293029B75
:10ED0800069ACAF80430DCB1974219D1D8F808201D
:10ED18004046F1781268C1F3800152F8274006AAEC
:10ED28001EF0E7FF64B1019B20469847039BCAF891
:10ED38000000204698470122CAF80400CAF80C20AF
:10ED4800DDF81890484609B0BDE8F08F32B1DAF81E
:10ED58000820029B2A4402449A42CADC4F450544D3
:10ED6800ACD1DAF814109AF818200131D207CAF891
:10ED7800141047D51822DAF81000514302F0D8FBD6
:10ED880083460028DED01822DAF8141002FB0101AD
:10ED9800204641F8184CF17811F001011ABF0422FD
:10EDA8000021062213F088FBDAF8142018210790B6
:10EDB80001FB02B242F8140C2046F17811F001016F
:10EDC8001ABF05220021072213F076FBDAF8142077
:10EDD8001821079001FB02B242F8100CDAF814204F
:10EDE80001FB02B09DF8102040F8082CDAF8142036
:10EDF80001FB02B212F8041C6FF3000102F8041CB4
:10EE0800CAF810B02046019B9847DAF800209042D3
:10EE180003DD2046019B98470246CAF800204FF0C0
:10EE2800000BDAF80C200132CAF80C20F27812F044
:10EE3800040F0CBF01214FF0FF314944002906910E
:10EE4800FFF657AF404614F0C8F8044606E72046D8
:10EE5800039B9847BBF1000F01D1129B1844F2782D
:10EE6800DAF80810930705D56A18029B02449A42FB
:10EE78003FF73FAF0844CAF80800C3E77BDD020844
:10EE88005BDD0208010006002DE9F04F7A22A9B0E7
:10EE98000021044613F010FBC343C0F38002219005
:10EEA80003F00103C0F3C000002143EA42039DF8C8
:10EEB8005B2043EA800322F00702204613437B22AB
:10EEC8008DF85B3013F0F8FA7C22002121908DF840
:10EED8005800204613F0F0FA7D22002121908DF889
:10EEE8005900204613F0E8FA2722C5B221900021E4
:10EEF80020468DF85A5013F0DFFA9DF85B60C3B2D4
:10EF0800219016F00108039340F09A80152241469B
:10EF1800204613F0D1FA142221904146059020464C
:10EF280013F0CAFA21900490204612F05FF91022DB
:10EF3800002106902046D4F8189013F0BDFA30222C
:10EF4800074600212190204613F0B6FA3422824663
:10EF580000212190204613F0AFFA83072190204624
:10EF680048BF574412F035FD12220021B944A9EBDD
:10EF78000000D4F814901790204613F09DFA302220
:10EF8800074600212190204613F096FA3422824643
:10EF980000212190204613F08FFA21904007204647
:10EFA80048BF574412F010FDB944A9EB000018906F
:10EFB800B8F1000F56D10DF1600A01220021204658
:10EFC80013F07AFA02220A9000212190204613F0C9
:10EFD80073FA6FF040430B902190B8F1000F44D0C2
:10EFE800984240F0878094F82B30590700F18280CE
:10EFF8000023199300279DF85B6016F0040502D0E2
:10F00800A3681D8E013D039B012B01D1F3073BD55E
:10F01800A3681B8E9D42C0F08B806FF040430A9A14
:10F028009A4202D00B9A9A4202D12046F7F74EFE36
:10F0380000223321204629B0BDE8F04FF7F766BC1F
:10F0480014220021204613F037FA152221900021BE
:10F058000590204613F030FA21900490204612F0D3
:10F06800B5F864E70DF15C0AA7E70A9A9A4211D04D
:10F07800039B012B3ED1ADB10027012D199714D167
:10F0880016F00405BCD12F46DAF800303B44CAF824
:10F098000030BDE794F82B3013F0080F039BE8D13C
:10F0A800012BA5D100230125199316F004024FF076
:10F0B80000060DF1840818BFA36837461CBF1A8ED6
:10F0C80002F1FF32A3681B8E934218D80EB1059B3C
:10F0D800FF1A9DF85B302046DA0726D512F086F82D
:10F0E80019AB01463A462846CDE900A333461EF03F
:10F0F800C6FD80E700231993002DD6D17AE79DF845
:10F108009C3016A92046CDF804806FF30003013621
:10F118008DF89C30049B0093069BFFF76BFD219BA9
:10F12800059902460B441F44CCE712F04FF8D7E785
:10F138009DF89C302A4616A9204643F001038DF815
:10F148009C3021AB0193049B0093069BFFF752FD73
:10F15800039B9DF85B20012B0C9007D1D0075FBF64
:10F16800DAF8003021995B1ACAF80030189B02F0CF
:10F17800010B6A4A1193BBF1000F179B18BF114688
:10F1880067481293674B18BF0646674F04BF194676
:10F198001346229A149165490F9204BF0E46014600
:10F1A800634810916349089612BF06460E46014609
:10F1B800239A4FF0180007910F99DDF89480A1EB7E
:10F1C80002020E93269B0D9613925B4E00FB038260
:10F1D80008BF3E461A9509921596002B37D0474628
:10F1E800139900223B7D1837DB0755BF57F8083CB9
:10F1F80057F80C3CD218C91A099BBB42F2D14346B6
:10F208004FF0000993F814C01CF0010F18D11E69C3
:10F218009F68586891FBF2FE06FB0EFE921B77452D
:10F22800A8BF77468742B8BF0746BE45A1EB07018E
:10F23800DF601EBF4CF0010C4FF0010983F814C0C9
:10F24800183309989842DDD1B9F1000FC7D12722A8
:10F258000021204613F030F90F9AC3B21D90069989
:10F26800099300239DF85800CDE91B331CAB01938B
:10F278001BAB0093249B1EF002FDBBF1000F08D0CE
:10F28800099B012B05D1204611F0A0FF1B9B0344CD
:10F298001B932946204613F0A0FE0546259E18B16B
:10F2A8001A9B0C9A9A4214D1304602F037F9039A05
:10F2B800199B012ADAF8002040F08681BBF1000F83
:10F2C80040F0828105990B44D31A0C9DCAF800308E
:10F2D8009EE61A49284610F034FD9DF85B108146D9
:10F2E800C1F3800120B11AAA20461EF002FDD4E71E
:10F2F80001467E22284695F82B7013F0DDF81D9004
:10F30800C0B2C7F3C008C7F38007002800F0118116
:10F31800269A914514D14FF0000919E04DDD0208F5
:10F328003FDD020831DD0208A7E6020823DD0208F6
:10F33800BFED0208B5ED02089DE6020801000600CF
:10F34800334653F8181B8D4240F0EC80D6F80C90E9
:10F3580095F82B3023F00C03BBF1000F00F0E6808A
:10F3680043F0080305F1140685F82B30079B304657
:10F37800984748451DD0284612F0EDF86B69494674
:10F3880030461D93AB691E93EB691F932B6A20933C
:10F39800159B98471DAA31212846F7F7B7FA284642
:10F3A80013F018FE2A462A21F7F7B0FA284612F079
:10F3B800D2F895F82B30C3F3C002424503D1C3F30A
:10F3C8008003BB4202D0284611F088FE9DF85930D0
:10F3D800012B00F0B580022B40F0BE8021980D9BD8
:10F3E800013020F0010605F1140098470021301A79
:10F3F800109B00EBD0762846984707460021284600
:10F408000E9B76109847381A00EBD07006EB600612
:10F41800BBF1000F09D0099B012B06D1079B05F111
:10F42800140098471B9B1B1A1B936C22002128462B
:10F4380013F042F86D22002180461D90814628462F
:10F4480013F03AF81D9013900746284611F0B8FEBD
:10F458000F90284611F0B7FE08F0C0430F99B3F19A
:10F46800005F139A14D128F0C0486FF060439845A4
:10F478000ED0B8F1805F4FF06409A2BFC8F17F6871
:10F4880008F57F2808F6FF7808FB01F393FBF9F9E4
:10F4980007F0C043B3F1005F13D127F0C0476FF006
:10F4A80060439F420DD0B7F1805F4FF06403A2BF65
:10F4B800C7F17F6707F57F2707F6FF77784390FB4B
:10F4C800F3F26B691199AF69CB1A9944129BDF1B50
:10F4D8001744BBF1000F45D0089B0021284637444C
:10F4E80098471B9B184410EB090662D0284612F077
:10F4F80032F86B69284633446B61EB693344EB613E
:10F50800AB693B44AB612B6A3B442B6212F023F896
:10F5180000233A463146284611F0B7FEBBF1000FEA
:10F528002CD048E009F101091E46F2E643F0040335
:10F5380018E795F82B3023F00C0385F82B3038E7C3
:10F54800219E05F114000D9B9847361A0021284684
:10F558000E9B9847361A5BE700212846109B984770
:10F56800064655E7089B594628464E4498471B9B34
:10F5780018440744002EB9D1002FB7D1079B05F1D5
:10F5880014009847049B00211E181C9B28461E4403
:10F59800089B9847149B06440021284698471B9BC4
:10F5A800304418449DF85B101AAA1B90C1F38001DF
:10F5B8009AE6002F9AD1099A012ADDE91B03DDD1C9
:10F5C800049A1344C01AEDE721990B4405990B449A
:10F5D80013447AE6034B0449DA6D91600022DB6D2F
:10F5E800DA6070473091002491EE00082DE9F04F61
:10F5F80000219BB0044613F0F0FC0146002878D1A6
:10F60800202212A821F059F9102200210AA821F07D
:10F6180054F912220021204612F04EFF30220646ED
:10F6280000210E90204612F047FF342205460021A3
:10F638000E90204612F040FF42074FF000014FF0B5
:10F6480010020E90204648BF761912F035FF30227E
:10F65800054600210E90204612F02EFF342200218C
:10F6680007460E90204612F027FF830763690E9025
:10F67800204648BFED191E4412F0A6F9A369361AB0
:10F6880020461D440C9612F0A4F900232D1A0D955E
:10F698000693A36806991A8E8A4200F25F8212982E
:10F6A80001F03CFF139801F039FF149801F036FF80
:10F6B800159801F033FF01220021204612F0FCFECC
:10F6C800022205460E900021204612F0F5FE6FF04A
:10F6D80040430E909D4201D0984202D12046F7F750
:10F6E800F5FA002233212046F7F710F91BB0BDE8E0
:10F6F800F08F81220021204612F0DEFE054612908E
:10F70800002840F04A81204613F064FC81222946F3
:10F7180012F0D2FE0746129000285FD029468622B2
:10F7280020464FF0010A12F0C7FE2946872280467C
:10F738001290204612F0C0FE461C1290B6003046C9
:10F74800043E01F0D1FE0546324607EB880121F060
:10F75800B2F86FF06043AB5100206FF0604355F88A
:10F7680020209A4240F01C811790800001F0BCFED6
:10F77800139017980026DFF808B3800001F0B4FE54
:10F788001590179B9E42C0F00D814FF00008BD48B0
:10F7980046464346179A9342C0F0418114220021FD
:10F7A800204612F089FE07460E90204611F01EFDF5
:10F7B800179B013B07FB13030027B248A3EB080381
:10F7C80023EAE373179A974202D2002E40F0398158
:10F7D800BAF1000F02D0284601F0A0FE82220021D3
:10F7E800204612F069FE05460E90002840F042813E
:10F7F800204613F0EFFB8222294612F05DFE0746F1
:10F808000E9000285BD02946832220464FF0010A3B
:10F8180012F052FE2946842280460E90204612F0AD
:10F828004BFE461C0E90B6003046043E01F05CFECE
:10F838000546324607EB880121F03DF86FF060433A
:10F84800AB51204611F0C2FC6FF0604383460020A4
:10F8580055F820209A4240F010811690800001F05F
:10F8680043FE129016980026800001F03DFE149089
:10F87800169B9E42C0F00A81002782483E463B46BE
:10F88800169A9342C0F03F8100211522204612F0BB
:10F8980013FE169B0E90013B7A4900FB13B0C01B68
:10F8A800002720EAE070169B9F4202D2002E40F00B
:10F8B8003C81BAF1000F02D0284601F02FFE152234
:10F8C8000021204612F0F8FD1422804600210E90F7
:10F8D800204612F0F1FD2722074600210E9020460F
:10F8E80012F0EAFD0E90C2B22046511E01224D428E
:10F8F8004D41002112F0E0FD0222064600210E9043
:10F90800204612F0D9FD6FF0404381460E909E428A
:10F91800204609BF94F82B60002686F00806C6F337
:10F92800C00611F053FC7F2282460021204612F0C7
:10F93800C3FD129B3146C2B20293149B03950193F7
:10F94800169B0E905046009343461EF052FA6FF0F5
:10F95800404318902046994509BF94F82B1000257C
:10F9680081F00401C1F3800511F040FC80220646B5
:10F978000021204612F0A0FD0023C2B20E9003938E
:10F988002946139B30460293159B0193179B0093BE
:10F998003B461EF02EFA199036E64FF0000ADBE6D9
:10F9A8000130DCE655F82630364A934235D14FF01F
:10F9B80000095F4624E04946204613F00EFB324911
:10F9C800804610F0BEF90146C0B90590872240462E
:10F9D80012F072FD012805990E900FD1862240463B
:10F9E80012F06AFD86420E9008D1404611F0EBFBFA
:10F9F800B84203DB404611F0E6FB074609F101096E
:10FA0800204613F01DFB8145D5D3002F159BB6BFAB
:10FA1800002243F8267043F826200136B1E655F84F
:10FA28002320824205DD06F160466536164401331F
:10FA3800B0E615990CBF51F8232041F823209044D3
:10FA4800F5E755F82720824212DD06EBD67102F160
:10FA58006042DDF854C06532491003FB021191FB86
:10FA6800F6F14CF82710B61A159A52F827209B1A67
:10FA78000137A7E64FF0000AE3E60130E8E600BFE9
:10FA8800010000E09AFFFF1F0100060055F826302C
:10FA98009A4A934235D14FF00009994F24E04946DC
:10FAA800204613F09AFA9749804610F04AF9014621
:10FAB800C0B905908422404612F0FEFC0128059941
:10FAC8000E900FD18322404612F0F6FC86420E902B
:10FAD80008D1404611F074FBB84203DB404611F0F0
:10FAE8006FFB074609F10109204613F0A9FA814581
:10FAF800D5D3002F149BB6BF002243F8267043F8D5
:10FB080026200136B4E655F82320824205DD06F1A9
:10FB18006046653616440133B2E614990CBF51F8B5
:10FB2800232041F823201744F5E755F827308B4266
:10FB380012DD06EBD67203F16043DDF850C0653381
:10FB4800521000FB032292FBF6F24CF82720F61A1B
:10FB5800149B53F82730C01A0137A4E61B68069A8D
:10FB6800684953F82250284610F0EBF882460028DE
:10FB780040F09D8101468422284612F09DFC872290
:10FB88000E9080465146284612F096FC07460E9085
:10FB9800002800F08C81B8F1000F00F088818322E2
:10FBA8005146284605F1140B12F086FC86220646BB
:10FBB80051460E90284612F07FFC85225146079048
:10FBC8000E90284612F078FC8822C3B251460E9057
:10FBD80028460593B04412F06FFC6FF040420E9037
:10FBE800C3B2904412981499099351F8281050F808
:10FBF800283001EB0309079B50F826101F44A9EB96
:10FC0800010913991744159A51F8270052F827202B
:10FC180051F8231002442846531A272251460893C4
:10FC280012F04AFC0E90C0B201285AD1059BCBB9FC
:10FC380058461FF0BBF8804658461FF0BCF80746E8
:10FC4800129B284653F82630994411F0B9FA1B2222
:10FC58000021A9EB0009284612F02EFC0E90A9EB12
:10FC6800000614E0059B5846022B12D11FF09EF89F
:10FC7800804658461FF09FF80746129B1A2200211B
:10FC8800284653F8266012F017FC0E90064400230D
:10FC980054E01FF08BF8804658461FF08CF8074652
:10FCA800059B129A032B2FD0012BE6D1A9EB08094B
:10FCB80052F8266000211A2209EBD979284612F059
:10FCC800FBFB1B2206EB690906460E90002128461D
:10FCD80012F0F2FB361A0E9006EBD67609EB6606A2
:10FCE800D5E758461FF062F8804658461FF063F87B
:10FCF800059B0746022BD3D1A2E700BF9AFFFF1F3F
:10FD0800010000E00100060052F8266000211A22D6
:10FD1800284612F0D1FB1A2200210E9006442846EC
:10FD280012F0CAFB80460E901B220021284612F0D2
:10FD3800C3FB0E9040440123A9EB000895F82B2043
:10FD480063F3C30285F82B20139B079A53F822907C
:10FD5800099B022B00F0E580032B00F0AC80012BFF
:10FD680000F0C38018220021284612F0A5FB814428
:10FD78000E9095F82B3028466AF3820385F82B30CD
:10FD880011F01EFA404500F0DD806B6928460E939D
:10FD9800AB690F93EB6910932B6A119311F0DBFB9E
:10FDA800414658461EF076FC394658461EF077FC08
:10FDB800284611F0D0FB0EAA31212846F6F7A6FDF9
:10FDC800284613F007F92A462A21F6F79FFD6C22E8
:10FDD8000021284612F070FB6D22002107460E9084
:10FDE8008046284612F068FB0E90834682462846D5
:10FDF80011F0E6F90590284611F0E5F907F0C04240
:10FE0800059BB2F1005F13D127F0C0476FF0604245
:10FE180097420DD0B7F1805F4FF06408A2BFC7F1D9
:10FE28007F6707F57F2707F6FF777B4393FBF8F893
:10FE38000BF0C043B3F1005F13D12BF0C0436FF058
:10FE4800604293420DD0B3F1805F4FF0640AA2BFC5
:10FE5800C3F17F6303F57F2303F6FF73584390FBD9
:10FE6800FAFA0C9B4644D1441E446B69F61A0D9B62
:10FE78009944AB69A9EB030956EA090317D0284648
:10FE880011F069FB6B69284633446B61EB693344B5
:10FE9800EB61AB694B44AB612B6A4B442B6211F0AD
:10FEA8005AFB00234A463146284611F0EEF9069BD4
:10FEB8000133FFF7EDBB1822002128464FF0010A55
:10FEC80012F0FAFA182200210E908144284612F006
:10FED800F3FA07460E9019220021284612F0ECFA90
:10FEE800089B0E9038441F1A43E7089B18220021EC
:10FEF8002846DB1B03EBD37309EB6303059312F06E
:10FF0800DBFA81460E9019220021284612F0D4FA15
:10FF1800A9EB0009059B09EBD9790E9003EB690958
:10FF280027E7089B28464B44994611F04CF91922BB
:10FF38000021A9EB0009284612F0BEFA0E90A9EBA1
:10FF4800000916E7284611F03EF9B8427FF41DAFC4
:10FF58003DE700BF034B0449DA6D11610022DB6DF8
:10FF68005A61704730910024F5F5000810B5064C29
:10FF7800A06DC00001F0B8FAE065FFF72BFBBDE803
:10FF88001040FFF7E7BF00BF3091002413B51622D9
:10FF98000021044612F090FA10F0FF0301900ED0F1
:10FFA800084A916D8B420AD8D26D204602EBC301F4
:10FFB80052F83330496802B0BDE81040184702B023
:10FFC80010BD00BF3091002437B50D461446C968EE
:10FFD8002B7C33B90C22204620F06DFC63780BB3E0
:10FFE80028E0012B1CD1084600F000FF164920F03C
:08FFF8006EFCB8B901AB0C224C
:020000040801F1
:10000000214605F114001FF062FA78B9019B0C2B10
:100010000CD12378192B1EBF6370192323706388BA
:1000200043F020036380DDE7022B02D0002003B001
:1000300030BD0E2353704FF0011353602378192BFA
:1000400001D10120F3E7638823F001036380F8E71F
:10005000311A04082DE9F04390F8215085B0D0F80A
:1000600048800446072DD8F800900ED0A5F108036B
:10007000DBB2022B0BD8204A32F81370638C1B07BB
:1000800007D5D8F820301E6920E00827F6E70027BA
:10009000F4E7237C012B26D1384601F029FA0646E5
:1000A00070B103AB02460C21484600933B461DF05D
:1000B0001CFF10B9039B9F4206D0304601F032FA74
:1000C000002005B0BDE8F083C8F80460072D266362
:1000D0000DD0083DEDB2022D0BD8084B33F815308A
:1000E00001206363EDE7002BEAD1E368CBE702234D
:1000F000F6E70023F4E700BF448C03083E8C0308B6
:100100002DE9F04F0546D0F848A085B090F82100C1
:1001100000F000FE074600283BD02C8D0E23B5F8DA
:1001200026B0E6005A460BFB04F4B6FBF0F6324864
:100130000096A98C13F0E4FB804650B36B8CD0F88A
:1001400010901B0712D5DAF820302246196948466C
:1001500020F0B5FB95F821300E2B20D10120CAF8F4
:100160001C80C5F82C8005B0BDE8F08F2B7C012BDE
:1001700011D103AB4A460C2100932346DAF8000064
:100180001DF0B3FE10B9039B9C42E3D0404613F030
:1001900033FC0020E7E7002BDCD1EB68D5E70BFB55
:1001A00006F60123013C701EBB404C44013B484411
:1001B000DBB2861B0021B042D0D022780A411A401F
:1001C00018D0BC469146BCF1070F07D9394400F856
:1001D0000199C9B20729EED9013CEBE7CCF1080E31
:1001E000BC4402FA0EFE5FFA8CFC49EA0E0E5FFA7E
:1001F0008EF9E8E79146E9E7289200242DE9F043DB
:100200000B7C89B006460C46012B43D1C86800F030
:10021000F1FD674920F05FFB68B920461DF0A8FE9C
:10022000054640B1A0640C2001F062F9074638B9D8
:1002300020461DF072FE0025284609B0BDE8F08377
:100240000222E1681FF054FA18B1384601F06AF949
:10025000EEE72F60628C94F82130100704D500255A
:1002600020461DF05AFEE7E7DA1F032A0BD8E37990
:10027000002BF4D12046FFF7EDFE01280546EFD113
:100280004FF0000850E00B3B032BF9D82046FFF756
:1002900037FFF2E7002BE2D1CF683B69002BCAD0D1
:1002A0004B8C97F801901907D9D4A9F10703032BB8
:1002B00005D820461DF05CFE0028D8D1BBE7A9F187
:1002C0000B032046022B04D81DF052FE0028DDD17E
:1002D000B1E71DF04DFE7B88DA062BD43B8900F197
:1002E00024082BBB01AD0FCF0FC597E8070085E8A9
:1002F0000700BDF80850484600F00CFD01A968430E
:100300000730C010ADF80C00404613F055FC012832
:100310000546A5D1C4F82C80B8F8083013B9238D50
:10032000A8F808304FF00108E76A2FB9012583E7E4
:100330003946E9E7B846EDE7638CDB0703D50121D1
:10034000384613F035FC39462046FAF76BFD054672
:1003500000283FF46DAF874224D020461DF0DDFD1C
:1003600020461DF005FEC561E562A579002DDDD1B1
:1003700000F038FA0028D9D0237C01A9E26A30467F
:100380008DF80C30E3680293D3680193A36CFAF7FD
:1003900029FD00283FF44CAF606420461DF0E8FDC5
:1003A000C561C3E7E762B8F1000FDED0BEE700BF6A
:1003B000311A04082DE9F04F91F8217087B00E46EC
:1003C0001C461B2F049258D88B4B43FA07F919F09F
:1003D000010952D1D1F848B0BBF1000F4DD0DBF884
:1003E00000303846029300F095FC054604981EF054
:1003F000E1FC337C814A8246012B14BF00230C238D
:100400000393636893423CD1FB1F0246CDF80090F2
:10041000032BDBF840008CBF3B46102305930123E0
:10042000059913F0C6FA4B46804690B9DBF84000B8
:1004300020B113F0E1FA0023CBF8409000930122A1
:10044000059B51466E4813F05BFA8046A8B1CBF885
:100450004000049B0FCB84E80F00E160049B6268BE
:10046000DB68D8F810B09A4207DC142F00F0A080A7
:1004700026D80A2F0DD8062F25D8002007B0BDE8B2
:10048000F08F01336360E3680133E360DBF84080A1
:10049000E4E70F3F042FF0D8216805FB0AF3039827
:1004A0004D43318DDB085143002201EBD501009211
:1004B0005A46014402981DF018FD0028DDD14EE097
:1004C0001B2FE9D0D9E708232068318DB3FBF5F362
:1004D000B0FBF3F4514303FB1404736B684301EB6B
:1004E0008301039B01EBD0011944337C012B19D10B
:1004F00005FB0AF304910733DB0801331846039325
:1005000000F0F6FF05460028B7D00022039B0499AF
:100510000092024602981DF0E8FC30B1284601F036
:1005200001F8AAE7F3681D690D44092F23D00A2FAB
:1005300029D0082F17D084F007042846012164B27F
:100540000123376BC1F1080C8B40013B9BB2CA45BC
:100550001DDC337C012B02D1284600F0E3FF012093
:10056000C6F82C808AE705EBA400E443022104F0DE
:1005700003046400E4E705EB6400E443042104F0B1
:100580000104A400DCE7281908210024D8E7027838
:100590002241641A1A4064B2D2B2002C57F82220C9
:1005A000BCBF644601304BF8292009F10109CEE7B0
:1005B0002368318D1B01B8F80850514303985A46FF
:1005C00001EBD30100230144009302982B461DF058
:1005D0008CFC00287FF451AF2368318DF28C0C33F2
:1005E000646801FB0237490853460BEB050204FB24
:1005F000017100905EE700BF7F78E0F7010000E046
:100600002892002410B5FAF7DFFB044680B10949AF
:1006100014F01CF80849204614F01AF8074920463F
:1006200014F018F80649204614F016F8054B6361DB
:1006300010BD00BFD1FF0008FD010108B50301088E
:1006400053DF0208351A040870B5224C2578002DB6
:100650003ED14FF4EA7229462046012620F031F9B6
:100660004FF44971201D1FF0B5F8DC2104F144005E
:100670001FF0B0F8184B19486366032384F8246010
:10068000A3658923E3624323236700F005FC25F07B
:1006900097F9F9F7E5F808F081FE20F00FF900F07E
:1006A0001BFE00F08BFBFFF765FC00F03BF9F6F753
:1006B00093F813F096FAFAF749FFF7F78FFB12F069
:1006C00044FE29462846FAF711FBFFF79BFF2670E8
:1006D00070BD00BF30910024D4C3B2A1CDAB3412A1
:1006E00010B5044640681DF00CFD044B0146042281
:1006F0002046BDE810401FF04DB800BF61E1020880
:1007000038B5044605698369406810B90025284654
:1007100038BD002DFAD0002BF8D01DF0F2FC294690
:10072000021D04F124001FF0F7FA05460028EDD061
:10073000042104F130001FF04DF8014BE363E6E7BC
:1007400059E1020838B5044605698369406810B963
:100750000025284638BD002DFAD0002BF8D01DF01A
:10076000D0FC2946021D04F124001FF0D5FA0546ED
:100770000028EDD0042104F130001FF02BF8014BCC
:10078000E363E6E75DE1020830B5124C87B0054649
:10079000D4F81C31DBB9104B93E8070006AB03E932
:1007A000070013E903002A46039B8DE80300182184
:1007B0000A481DF026FC0A49C4F81C011DF084FCFF
:1007C000D4F81C01003818BF012007B030BD01204B
:1007D000FBE700BF30910024E86D0308F0800308B8
:1007E000391A0408024BD3F81C011DF068BC00BF85
:1007F0003091002430B5124C87B00546D4F8203132
:10080000DBB9104B93E8070006AB03E9070013E9D7
:1008100003002A46039B8DE8030018210A481DF0B7
:10082000F0FB0A49C4F820011DF04EFCD4F8200169
:10083000003818BF012007B030BD0120FBE700BF22
:1008400030910024F46D03081C8103083F1A04084A
:10085000024BD3F820011DF032BC00BF30910024C0
:1008600010B50446014606481FF01CF863690BB139
:10087000204698472046BDE8104000F053BE00BF18
:10088000DC91002410B50A4C012304F1AC0084F87B
:10089000A4301FF047F828B9D4F8A800BDE81040EC
:1008A0001FF0D4BFD4F8A800BDE810401FF0D3BF9C
:1008B0003091002470B5436805460BB983682BB1AD
:1008C00017481FF02FF8164E044604B970BDA54214
:1008D00021D0636B002B03DA94F85C30DB061AD569
:1008E00022682B689A4216D16368A3B16A68934262
:1008F00011D121460A481EF0D5FF63690BB120468D
:100900009847204600F00EFEFFF7BCFF04481FF09A
:1009100009F80446D9E7214630461FF009F8F8E700
:10092000DC91002410B5094C602120461EF052FFD6
:1009300000222121064800F0DDFC44F8040CFFF7FA
:10094000A1FF002324F8083C10BD00BFDC91002467
:10095000010A010810B56022002104461FF0B1FF12
:100960004FF4FA732363002363626423E362012379
:100970006364044B236294F85C3043F0100384F802
:100980005C3010BDA3E40208F8B500260F4F044602
:100990000E480D461EF0C6FF08B93046F8BD036884
:1009A000A34200D064B94368AB4200D045B9FFF719
:1009B00057FF0126FFF766FF38461EF0B3FFEBE74F
:1009C000014638461EF0B4FFE6E700BFDC91002484
:1009D00070B50A4E054609480C461EF0A3FF00B943
:1009E00070BD0368AB4204D14368A342F8D0002C29
:1009F000F6D0014630461EF09BFFF0E7DC91002464
:100A00002DE9F047774D002795F8A53005F1AC00AA
:100A100005F1AC0683F0010385F8A5301EF082FFD6
:100A200004460CB9BDE8F087206D20F019F894F861
:100A30005C30DA0740F19980606D20F011F8A26D0A
:100A4000531C15D0824213D894F85C306FF3000326
:100A500084F85C30636B9B1A94F85C2018446063E4
:100A600095F8A53083F0010363F3820284F85C20DB
:100A700003F0B2F8206585F8A47094F85C30D807CC
:100A80006DD495F8A520C3F38001914267D062F33D
:100A900082031907DAB284F85C301ED4636B002B32
:100AA0001BDBD30609D4A3693BB120469847636A90
:100AB00003446362E36A0344E36220461DF0B2FD2F
:100AC000E3680BB12046984794F85C30204643F029
:100AD000080384F85C30FFF7EDFED4F83490B9F1E8
:100AE000000F39DB236B20469945C8BF6363236A37
:100AF000D4F834A09847A36A804683423CD0636808
:100B0000A06213B101462068984795F8A430002BE5
:100B100036D1A3686BBB636B534501D1C4F83490E5
:100B2000D4E90C03834217DB94F85C10626C11F07B
:100B3000020129D0002A33D121462B481EF0B2FEF3
:100B4000FFF7A0FE2369002B48D163690BB1204653
:100B50009847204600F0E6FC95F8A43083B921467A
:100B600030461EF0E5FE04465BE7636B03446363B7
:100B70007EE741462046984795F8A430002BCAD01E
:100B800030461EF0CFFEEEE7D4F83CC02AB1B2F1F9
:100B9000FF3F05D0013A626412B9BCF1000FCBD01F
:100BA0008342226CCCBF1B1A00239B1AE26B636347
:100BB000002AD1D011B9A36B5B426363B1FA81F310
:100BC00094F85C10E0635B0963F34101636A84F8A5
:100BD0005C10E16AC4E90B326162BDE720469847C8
:100BE000B3E700BF30910024DC91002438B590F8C1
:100BF0005C300546DA0606D543680BB9836813B145
:100C00002846FFF757FE20481EF0ECFD044600285A
:100C100038D0602229461FF052FE2B68AB421B4B96
:100C200008BF246093F8A52094F85C3062F3820337
:100C300084F85C3002F0D0FF94F85C3020656FF3EC
:100C4000000384F85C30DB061AD5A3693BB120466B
:100C50009847636A03446362E36A0344E36220469D
:100C60001DF0E0FC236A2046984763680146A062B5
:100C70000BB120689847A36813B1A16A2046984732
:100C8000FFF700FE204638BDDC910024309100249F
:100C900000286FF0704307DA064A9042ACBF1B1A77
:100CA0009B1A43F0005070479842A8BF184640F086
:100CB00000507047010000F02DE9F0470546002084
:100CC0000E464FF0000900F009FCDFF844A004468E
:100CD00014B94846BDE8F087204600F0FFFBA36842
:100CE0000746534511D1D4F80C80D8F80030AB42F8
:100CF0000BD1D8F80430B34207D120464FF0010998
:100D000000F01EFB404600F00DFC3C46E0E700BF53
:100D1000E3EE02080638C0B22F289ABF014B185CD8
:100D2000002070474C1A04081A289DBF034B23FA71
:100D300000F000F001000020704700BF807FF9053F
:100D4000FF2A0346084610B514D092B18B4210D04A
:100D5000094C01EB014103EB0343043221402340E2
:100D6000D2085B1A534301EB5310204040EA104075
:100D700080B210BD1846FCE71FF8E007024BDA6EA0
:100D80004261D866704700BF309100244269014B30
:100D9000DA66704730910024074BDB6E03B9704769
:100DA0005A68824202D01A68824203D11A7E42F007
:100DB00001021A765B69F1E73091002404210148B1
:100DC0001EF008BDF092002438B5044608481EF015
:100DD000A9FD074D014609B9084638BD08680378E2
:100DE000A342FAD028461EF0A3FD0146F3E700BF58
:100DF000F092002410B504461FF067FD08B90748BB
:100E000004E0235C2E2B02D10130204410BD2F2B97
:100E1000F5D05C2BF3D00138F0E700BF3B9203081C
:100E200000280EDBB0F5B47F0FDA5928174B10DC21
:100E300033F8100047F6FF73984208BF4FF40040A4
:100E4000704700F5B47000B2EAE7A0F5B47000B2E4
:100E5000E8E780B2A0F15A02592A03D8C0F1B400E1
:100E600080B2E5E7A0F1B40292B2592A8CBFC0F576
:100E7000B47033F81200064A84BF80B233F8100011
:100E8000044B4042904208BF184670474A8C030802
:100E90000180FFFF0080FFFF014B9866704700BF95
:100EA00030910024122882B002D902B01EF0ACB8F2
:100EB00000EB4000094B1A181B5A0020ADF8043013
:100EC0009DF8043063F307009DF8053063F30F20AD
:100ED000937863F3174002B0704700BF7D1C04088D
:100EE000122882B002D902B01EF08EB80139C9B200
:100EF0000429F8D8C0EB00100A4B01EB4101014472
:100F000000205A185B5AADF804309DF8043063F3A2
:100F100007009DF8053063F30F20937863F31740C3
:100F200002B07047601B0408122882B002D902B0D8
:100F30001EF06AB80139C9B20329F8D801EB4101A2
:100F40000C220A4B02FB00101A181B5A0020ADF8A5
:100F500004309DF8043063F307009DF8053063F317
:100F60000F20937863F3174002B070477C1A04088F
:100F7000F8B50F4615460021142204461E461FF000
:100F8000A0FC064B2760002D08BF1D46069B236171
:100F9000079BC4E902566360F8BD00BFA3E40208E2
:100FA0005A2882B02CD83C280BD83A2807D82128B8
:100FB00017D8072840D01C2831D005283CD0002362
:100FC0002BE0A0F13D020123D2B293401C4A1A400B
:100FD000EAB91C4A1A40002AF1D15A28EFD11A4B1B
:100FE0001BE0A0F122020123D2B29340174A1A401B
:100FF0006AB9174A1342E2D13428E0D10F230CE03A
:101000006F2806D86D2806D862380128D7D8FF2364
:1010100003E07628D3D14FF48073019309E00023D5
:101020008DF807300B4B1A889B78ADF804208DF8AB
:101030000630019802B070476FF06043EDE700BFE3
:101040008200411001812008287603088D000101EB
:1010500002808000B61C0408FF280FD068B18928E0
:1010600002D8074B185C7047064A136B23B17630E1
:10107000926AC0B29042F5D3002070473F2070477B
:10108000B91C0408309100242DE9F04F91B00646B8
:1010900008939DF87030069104931B9B039213B143
:1010A00000231B9A1360002E00F0FB80307800B301
:1010B000039B002B00F0F780049B13F003031BD06D
:1010C00000207C4900E00130069B83420BD0335C5A
:1010D0000D2BF8D841FA03F2D407F4D4069A8242D1
:1010E00001D903B101301B9B1BB14FF0FF331B9A99
:1010F000136011B0BDE8F08F049A8DF8333012F010
:1011000001020D93019309921A9A18BF6FF0604281
:101110001A92DDF834B0069B5B4579D906EB0B03D8
:10112000079316F80B30002B72D01A9B002B6FDD43
:10113000049BBBF1000F01D143F00403029300258F
:10114000099B0EA906EB0B000E95002B1A9B4FF086
:10115000FF3AA94618BF6FF06043A8462C460A9391
:101160001FF031F90E9B074600950F93029B03F089
:1011700008030B93079B1A5D002A42D00FA907981A
:101180001FF021F909F10103009005930B9B63B156
:1011900039460DF133001FF03AFA30B1DDF8149002
:1011A000009FDDE90E430E93E4E7009A3946039869
:1011B0001CF01AFA804408B1089B9844BAF1FF3F2A
:1011C00009D1089BA8EB03020A9B9A4203DD029B0C
:1011D00059076AD4A2460A2F32D00D2F30D00022F0
:1011E000D1B2354B595C39BB00981FF08EF920B94C
:1011F00038461FF08AF9002849D045460E9CDDF894
:101200001490BAF1FF3F21D0029B54465A0726D4CE
:101210000D9C002C40D10DA930461FF0D4F81B9B2B
:101220000146002B3BD0224603981CF0DDF90190CB
:101230001B9B019A1A6032E08F4202F10102CFD16A
:10124000002CDED1BAF1FF3FDED14546B9F1000FE7
:1012500004D00D2F03D1009B0A2B00D10E9C1A9BAA
:101260005B1B1A93019B2B440193002CD0D0337845
:101270005C440A2B0D94CBD00D2BC9D0335D0A2BC7
:1012800002D00D2B7FF445AF01340D94C0E7BAF1C5
:10129000FF3F08BF454681E71B9B002BC8D10D9837
:1012A00027E7304625E7039823E7631CD7D1DDF80D
:1012B0001490CBE7FEDBFFFF431D0408054B002223
:1012C000C3F88420D3F89C2012B1D3F8A0001047B3
:1012D000704700BF3091002410B5054C18212046FE
:1012E0001EF078FA01232373BDE81040FFF7E6BF34
:1012F000A4910024F8B506460F480F4615461EF087
:1013000071FA0446B0B14FF0FF33076086600361A5
:10131000037D6FF30003037502F05EFC237D012261
:10132000606043F00203E5602375044B83F883207B
:10133000FFF7C4FF2046F8BDA4910024309100249B
:1013400038B5064D0446014628461EF0ABFA012387
:101350002046AB73BDE8384000F0E4B8A491002407
:101360002DE9F0475B4D95F888303BB9012385F8AE
:10137000883095F880302BB985F8883001263046C2
:10138000BDE8F08702F028FC804640B9D5F89830D7
:101390000133642B94BF1A460246C5F898204FF0DB
:1013A000000ADFF834914846A5F882A01EF0BAFA88
:1013B000044694BB48484FF0FF361EF0B3FADFF8FE
:1013C00018910446002C70D140461FF049FBD5F817
:1013D00090300344D5F89400C5F890301FF040FBDE
:1013E000B0F5FA7F13D36422D5F890305343B3FBA2
:1013F000F0F0C0B200239042C5F890309CBF101AA4
:10140000C4B285F8814002F0E7FBC5F894000023E0
:10141000C5F8846085F88830B1E7214648461EF05B
:1014200087FA237D0746D8072ED460681FF018FB83
:10143000236898421DD32669002E0FDD013E2661E8
:1014400002F0CAFBA368606083B995F882300BB9DB
:101450002369DBB1B5F88230B3B1A4E702F0BCFB7D
:10146000A3686060002BF0D0002EEED02046984795
:10147000EBE795F882303BB923692BB9237D9907B7
:101480000FD52046FFF75CFF3C4692E7237D9A0785
:1014900003D52046FFF754FFDCE743F00103237533
:1014A000D8E743F001032375EEE7237D13F001072E
:1014B0000AD160681FF0D4FA236898422CBF3B46DB
:1014C0001B1A9E4228BF1E46214648461EF030FA8F
:1014D000044677E730910024A49100240146034894
:1014E00009B91EF01FBA1EF023BA00BFA491002450
:1014F00008B109F0F1BE0148704700BF9491002483
:1015000038B5054648B109F0E7FE044618B12A4649
:1015100000211FF0D6F9204638BD014CFBE700BF83
:1015200094910024034A904202D008B109F0FCBE15
:10153000704700BF9491002410B559B1074CA042E8
:1015400004D10846BDE81040FFF7D2BFBDE8104007
:1015500009F0D6BEFFF7E6FF004810BD94910024C5
:10156000BD4B08462DE9F0470C46D3F8BC5111F0AD
:1015700035FD064618B9002205F1400121E0B749C2
:1015800020460EF035FE804600287BD0B449304618
:101590000EF02EFE18BBB24930460EF029FE30BBCD
:1015A000304611F01BFDAE490EF022FE0746B8B3DF
:1015B000002205F58071204611F0E1F9002205F5C1
:1015C000B671204611F0DBF94FF4803205F14C0181
:1015D000204611F0D4F9A34A05F158011BE001217E
:1015E000304611F0FEFC8442D5D1BDE8F0870021E1
:1015F000304611F0F6FC8442D2D1002205F1B80148
:1016000011F0BDF9042205F59871204611F0B7F9E3
:10161000042205F54D712046BDE8F04711F0AFB941
:10162000914930460EF0E4FD70B13946304611F074
:10163000D8FC844208D13A4605F1AC0111F09FF97B
:101640003A4605F1E801E6E7874930460EF0D0FD5D
:1016500070B10121304611F0C4FC844208D100224F
:1016600005F1400111F08BF9002205F58071A8E722
:101670007E4930460EF0BCFD02460028B5D105F18A
:1016800064019EE77A4920460EF0B2FD0746002825
:1016900076D0304605F1C40A11F0A0FC05F5987922
:1016A000074618B3414611F09CFC86421ED16C4996
:1016B00038460EF09DFDC8B120225146204611F05B
:1016C0005EF9012205F18801204611F058F9012246
:1016D00005F55071204611F052F904224946204682
:1016E00011F04DF9082205F59E718EE7002205F1F3
:1016F0007001204611F043F9002205F17C012046DB
:1017000011F03DF9002205F5C271204611F037F9BC
:1017100020225146204611F032F9202205F5C871E9
:10172000204611F02CF904224946204611F027F9F1
:10173000202205F5BC71204611F021F9012205F1A6
:101740009401204611F01BF905F1D00120468022BA
:1017500011F015F9474930460EF04AFD48B1002214
:1017600005F53271204611F00AF9202205F538718D
:1017700051E7414930460EF03BFD0028EFD134E7F8
:101780003E4920460EF034FD804618B13A4605F534
:101790000B7140E73A4920460EF02AFD0746002823
:1017A0007AD0304631490EF023FD05F1C40905F128
:1017B000D00A05F5987705F59E76024640B3424675
:1017C00005F51771204611F0DAF804223946204653
:1017D00011F0D5F808223146204611F0D0F84FF428
:1017E000A02205F51A71204611F0C9F8254A49468C
:1017F000204611F0C4F8244A5146204611F0BFF8A3
:10180000224A3946204611F0BAF8214A314602E709
:1018100005F16401204611F0B2F804223946204651
:1018200011F0ADF808223146204611F0A8F84FF427
:10183000A02205F17001204611F0A1F8124A51468C
:10184000204611F09CF80F4A4946204611F097F8BF
:10185000104A05F17C01D0E730910024047603089A
:101860003C8A030840000100CC8A03082C8203084C
:10187000AC810308DC860308008703084C86030854
:10188000D081030820000500800005000400050049
:101890000800050001000500DE4920460EF0A8FC06
:1018A000804610B305F5A4763A4605F18801204636
:1018B00011F065F83A463146204611F060F80422EE
:1018C00005F59871204611F05AF8082205F59E7129
:1018D000204611F054F84FF4003205F17C01204607
:1018E00011F04DF84FF4003290E7CB4920460EF04E
:1018F0007FFC0746E8B305F5A476424605F188016A
:10190000204611F03CF842463146204611F037F8A7
:10191000042205F59871204611F031F8082205F5EA
:101920009E71204611F02BF84FF4003205F17C0136
:10193000204611F024F84FF400323146204611F0D1
:101940001EF84FF4403205F5DA71204611F017F811
:10195000B24A05F5BC71204611F011F84FF440323F
:1019600005F5C271204611F00AF8AC4A05F5C871B8
:1019700051E6AB4920460EF03BFC804600284FD094
:101980003A4605F16401204610F0F9FF3A4605F1A8
:10199000DC01204610F0F3FF3A4605F5AA71204617
:1019A00010F0EDFF042205F59871204610F0E7FFD6
:1019B000082205F59E71204610F0E1FF4FF48032B9
:1019C00005F14C01204610F0DAFF964A05F1580166
:1019D000204610F0D4FF4FF4A02205F1B8012046B4
:1019E00010F0CDFF4FF4A02205F50E71204610F047
:1019F000C6FF4FF4A02205F58071204610F0BFFF0E
:101A0000894A05F1C401204610F0B9FF874A05F163
:101A10007C01204610F0B3FF854A05F19401FAE5F8
:101A2000844920460EF0E4FB00283BD0424605F5F1
:101A30008671204610F0A3FF042205F59871204618
:101A400010F09DFF7C4A05F1D001204610F097FF71
:101A50004FF4003205F50271204610F090FF774AEE
:101A600005F17C01204610F08AFF744A05F50571E6
:101A7000204610F084FF724A05F1C401204610F0A0
:101A80007EFF6F4A05F5BC71204610F078FF6C4A66
:101A900005F5C871204610F072FF4FF4003205F5CD
:101AA000C271B8E5674920460EF0A2FB00284AD073
:101AB00005F5A47605F1AC010022204610F05FFF89
:101AC00000223146204610F05AFF05F5D47100225D
:101AD000204610F054FF05F1D0018022204610F07E
:101AE0004EFF05F598710422204610F048FF05F1DD
:101AF0007C01524A204610F042FF4FF4003231463A
:101B0000204610F03CFF05F5DA714FF440322046D4
:101B100010F035FF05F1B8014FF44032204610F0C7
:101B20002EFF05F5087105F5C8754FF440322046C3
:101B300010F025FF414A2946204610F020FF4FF4BF
:101B40000032294667E5404920460EF051FB074622
:101B500080B3002205F16401204605F5EC7610F013
:101B60000EFF002205F1F401204610F008FF0022CC
:101B700005F5F871204610F002FF4FF4803205F1B0
:101B80004C01204610F0FBFE264A05F15801204684
:101B900010F0F5FE4FF4A0223146204610F0EFFE83
:101BA0004FF4003205F5F271204610F0E8FE4FF4D4
:101BB000C0222BE6254920460EF01AFB804600285D
:101BC00046D03A4605F16401204610F0D8FE3A4668
:101BD00005F5CE71204610F0D2FE3A4605F58C711F
:101BE000204610F0CCFE3A4605F59271204610F0E2
:101BF000C6FE042205F59871204610F0C0FE0822AA
:101C000005F59E71204610F0BAFE4FF4802205F1D2
:101C10007C0100E58881030888890308200003000F
:101C2000188A030840000100200005000400050098
:101C300008000500EC820308800002000100020099
:101C400020000200F4890308C882030840890308C1
:101C5000DA4920460EF0CCFA0746A0B3424605F119
:101C60006401204605F5C87610F089FE424605F16C
:101C7000F401204610F083FE424605F5C27120466D
:101C800010F07DFE20223146204610F078FE202202
:101C900005F1C401204610F072FE042205F598718A
:101CA000204610F06CFE082205F59E71204610F0CB
:101CB00066FE4FF400323146204610F060FE80226E
:101CC00005F1D001A7E4BE4920460EF091FA804606
:101CD000A8B33A4605F16401204610F050FE3A469A
:101CE00005F5B071204610F04AFE3A4605F58C71B4
:101CF000204610F044FE3A4605F5FE71204610F0ED
:101D00003EFE4FF4803205F14C01204610F037FEC4
:101D1000AC4A05F15801204610F031FE4FF4802204
:101D200005F1B801204610F02AFEA74A05F17C0112
:101D3000204610F024FEA54A05F1C4016BE4A44935
:101D400020460EF055FA0746C0B105F5E07642464A
:101D50002046314610F013FE4FF400323146204643
:101D600010F00DFE4FF4003205F5E671204610F03C
:101D700006FE4FF4403205F5DA714CE495492046F1
:101D80000EF036FA804688B105F5E0763A462046F0
:101D9000314610F0F4FD4FF400323146204610F089
:101DA000EEFD4FF4003205F5E67134E48A49204631
:101DB0000EF01EFA0746B0B3424605F16401204614
:101DC00010F0DDFD424605F1F401204610F0D7FD8C
:101DD000802205F1D001204610F0D1FD042205F546
:101DE0009871204610F0CBFD082205F59E71204623
:101DF00010F0C5FD4FF4803205F14C01204610F083
:101E0000BEFD704A05F15801204610F0B8FD734A36
:101E100005F51171204610F0B2FD4FF4002205F5D2
:101E20001471FFF7F8BB6E4920460EF0E1F950B18E
:101E30003A4605F16401204610F0A1FD3A4605F14D
:101E4000DC01FFF7E8BB674920460EF0D1F920B16D
:101E5000002205F51D71FFF7DEBB634920460EF039
:101E6000C7F90028F4D1614920460EF0C1F90028D5
:101E70004FD005F140010022204610F080FD95F87A
:101E8000283000222046012B0CBF05F1F40105F19A
:101E9000E80110F074FD042205F59871204610F059
:101EA0006EFD082205F59E71204610F068FD4FF486
:101EB000A02205F17001204610F061FD4C4A05F1A9
:101EC000D001204610F05BFD4FF4A02205F1B801CF
:101ED000204610F054FD4FF4A02205F54171204634
:101EE00010F04DFD434A05F1C401204610F047FDB6
:101EF000414A05F1AC01204610F041FD3F4A05F191
:101F00008801204610F03BFD3D4A05F1A001FFF796
:101F100082BB3C4920460EF06BF930B12E49304669
:101F20000EF066F900287FF470AE374920460EF0B7
:101F30005FF9064650B1002205F16401204610F019
:101F40001EFD002205F54471FFF73BBB2F492046DB
:101F50000EF04EF9074650B1324605F1AC0120466D
:101F600010F00DFD324605F54A71FFF754BB2849C4
:101F700020460EF03DF9064600284BD03A4605F1C2
:101F8000B801204605F54A7610F0F9FC3A4605F509
:101F90004771204610F0F3FC042205F17C01204635
:101FA00010F0EDFC04223146204610F0E8FC20221F
:101FB0003146204610F0E3FC2022BDE634830308BE
:101FC0001083030840000100010004002000040009
:101FD00064810308D0890308608A030802000600B0
:101FE0002C82030880820308A4820308E08503088A
:101FF0008000050020000500010005000400050028
:102000000800050004860308B886030870860308E4
:1020100094860308AF4920460EF0EAF8804650B196
:10202000324605F16401204610F0A9FC324605F560
:102030002071FFF7F0BAA84920460EF0D9F80746FC
:1020400020B1424605F52671FFF7BBBAA3492046E9
:102050000EF0CEF8064620B13A4605F52971FFF795
:10206000B0BA9F4920460EF0C3F8C8B1324605F514
:102070002371204605F1880610F081FC202205F529
:102080003871204610F07BFC21223146204610F0AA
:1020900076FC01223146204610F071FC0422B6E5A0
:1020A000904920460EF0A4F820B1002205F52F71CA
:1020B000FFF7B1BA8C4920460EF09AF80028F4D107
:1020C0008A4920460EF094F820B1002205F52C71C3
:1020D000FFF777BA864920460EF08AF8074620B106
:1020E000002205F53571FFF796BA824920460EF0B9
:1020F0007FF8064620B13A4605F53B71FFF78BBAEB
:102100007D4920460EF074F8074680B1324605F14D
:102110006401204610F033FC324605F1DC01204614
:1021200010F02DFC324605F5B071FFF774BA734913
:1021300020460EF05DF8064620B13A4605F53E71A0
:10214000FFF769BA6E4920460EF052F8074650B1C3
:10215000324605F1E801204610F011FC324605F147
:10216000AC01FFF758BA674920460EF041F8064621
:1021700000287FF465AA644920460EF039F878B14A
:102180004FF4803205F14C01204610F0F8FB5F4A15
:1021900005F15801204610F0F2FB3246FFF751BA24
:1021A0005B4920460EF024F838B3002205F1700197
:1021B000204610F0E4FB002205F17C01204610F0DF
:1021C000DEFB002205F5C271204610F0D8FB20226C
:1021D00005F1C401204610F0D2FB202205F5C8719C
:1021E000204610F0CCFB042205F59871204610F033
:1021F000C6FB012205F194015EE5464920460DF03B
:10220000F7FF0028D1D1444920460DF0F1FFD0B1AD
:10221000002205F16401204610F0B1FB002205F117
:10222000F401204610F0ABFB042205F5987120461E
:1022300010F0A5FB082205F59E71204610F09FFBCB
:102240004FF4C022E3E4354920460DF0D1FF0028C9
:102250007FF491A9324920460DF0CAFF06460028B6
:102260007FF4B2A92F4920460DF0C2FF804638B155
:10227000324605F14001204610F081FB3246DEE592
:10228000294920460DF0B4FF074608B142464AE707
:10229000264920460DF0ACFF064620B13A4605F52A
:1022A0005371FFF7B8B9224920460DF0A1FF00286D
:1022B0003FF49BA905F5567532462046294610F095
:1022C0005EFB4FF400322946204610F058FB4FF4D5
:1022D000A02236E4FC870308488703082487030804
:1022E000B4870308DC86030800870308D88703083F
:1022F000908703086C870308F88803082088030880
:10230000D48803088C880308B088030840000100C3
:102310004488030868880308AC890308A88A03086E
:10232000848A03083C8A0308CC8A030828860308A9
:1023300064890308044BD3F8BC3193F83C300BB1EB
:102340001DF015BE1DF00FBE30910024034BD3F8D5
:10235000BC0108B190F83C00704700BF30910024E8
:102360002DE9F04794B005461F46374CDDF87080E4
:10237000CDE90221FFF7EAFF28B94FF46370FFF7B8
:10238000BFF8C4F8BC01D4F8BC41A5BBF6F774FF94
:1023900006463046F6F7B0FF81463046F6F77CFF3A
:1023A000B0F5A07F29DDB0F5347FACBF4FF0010A56
:1023B0004FF0020A94F83C3013BB84F828A0C4F80C
:1023C0002C90E660039BBDF8082023821B0CA4F828
:1023D0001320A3749DF80A30C4F8208063751B4B4A
:1023E00067622360C4E90688002F31D104211220DE
:1023F000FEF776FD2FE02E46CBE74FF0030AD9E734
:10240000E36A4B45D9D194F828305345D5D1039987
:1024100020691CF0B0FD0028CFD0E37C227D607DD8
:1024200043EA0223029943EA00401CF0A4FD00287D
:10243000C3D0636ABB42C0D1A3694345BDD1204626
:1024400014B0BDE8F08700BF309100246115010889
:10245000C3481CF0A3FDC0F3072384F83000C0F389
:10246000074084F83130636A84F83200DF0740F1B6
:102470006D8205211220FEF733FDC0F3072384F897
:102480003300C0F3074084F83430636A84F83500C1
:10249000DE0740F16082B3481CF080FDC0F30723E3
:1024A00084F83600C0F3074084F83730636A84F854
:1024B0003800D80740F15282AB481CF06FFDC0F3E2
:1024C000072304F5C27A84F83900C0F3074004F505
:1024D000C87984F83A3084F83B005046FFF72AFF69
:1024E0004846FFF727FF04F5597646234FF00008CA
:1024F00004F55E7730469D4A9D49CDE9003850236A
:10250000FEF736FD5023994A38469949CDE90088AF
:10251000FEF72EFD3146504604F14C061DF02CFF0F
:10252000394648461DF028FF3046FFF703FF636A2F
:10253000D90740F1188202211220FEF7F5FCC0F302
:1025400007238DF81000C0F307408DF811308DF887
:102550001200304604991DF007FE304647F6FF7121
:102560001DF0E4FEE16A3046C1EBC101EF29C5BFB1
:10257000A02350310121B1FBF3F11EF000FAE16A12
:10258000304601EB8101EF29C5BF5031A023012165
:10259000B1FBF3F11DF0A0FD304666211DF0F2FD08
:1025A000304604F1580639461DF0E6FE3046FFF786
:1025B000C1FE304604F14006FF211DF0E3FD304628
:1025C000FFF7B8FEFF2130461DF0DCFD216B3046E1
:1025D0001DF0CAFD94F8342094F83330304694F856
:1025E000351043EA022343EA01411DF07FFEE16911
:1025F00030461DF089FE94F82830E16A012B00F086
:10260000B681022B14BF0A230C2359433046EF290D
:10261000C5BF5031A0230121B1FBF3F11DF098FD9E
:1026200094F82830E16A012B00F0A381022B14BF3B
:102630000A230C2359433046EF29C5BFA02350314C
:102640000121B1FBF3F11DF089FDE16A304604F18F
:1026500064060029B8BF0331891009021DF092FEFB
:102660003046FFF767FE94F82830E16A3046012BC8
:1026700014BF08230C235943EF29C5BF5031A023B1
:102680000121B1FBF3F11DF051FEFF2130461DF099
:1026900079FDE38E94F83810304643EA01411DF08D
:1026A00063FD94F83A2094F83930304694F83B10A2
:1026B00043EA022343EA01411DF07EFDE16A304610
:1026C0007729C5BF283150230121B1FBF3F11DF05B
:1026D00087FD012130461DF08FFD94F8333094F8CA
:1026E0003420304694F8351043EA022343EA01418E
:1026F0001DF0FCFD94F82830E16A012B00F03B81CD
:10270000022B14BF1023142359433046EF29C5BFB1
:102710005031A0230121B1FBF3F11EF030F994F800
:102720002830E16A012B00F02881022B14BF0A2314
:102730000C2359433046EF29C5BF5031A023012156
:10274000B1FBF3F11DF004FD94F82830E16A012B90
:1027500000F01581022B14BF0A230C230AE000BFEE
:102760001A171500302B280037322F00A3E4020877
:10277000511D040859433046EF29C5BF5031A023ED
:102780000121B1FBF3F11DF0E9FC1220FEF78AFBF9
:10279000C0F307238DF81400C0F307408DF81530FF
:1027A0008DF81600304605991DF078FDE16A304637
:1027B00004F59876EF29C5BFA02350310121B1FB64
:1027C000F3F11DF065FD3046FFF7B4FD3046216999
:1027D0001DF01EFDE16A304601EB4101EF29C5BF46
:1027E000A02350310121B1FBF3F11DF00BFDE16A93
:1027F000304601EB4101EF29C5BF5031A023012133
:10280000B1FBF3F11DF018FD304604F59E767F21F3
:102810001DF00CFD3046FFF78DFD227DE37C304638
:10282000617D43EA022343EA01411DF0F1FCE16AC4
:10283000304601EB4101EF29C5BF5031A0230121F2
:10284000B1FBF3F11DF0DEFC304604F170067F2190
:102850001DF0ECFC3046FFF76DFD94F82830E16A7E
:10286000012B00F08E80022B14BF08230C23594348
:102870003046EF29C5BF5031A0230121B1FBF3F150
:102880001DF054FDFF2130461DF07CFC94F83930DA
:1028900094F83A20304694F83B1043EA022343EA86
:1028A00001411DF061FC676A17F0010777D1122022
:1028B000FEF7F8FAC0F307238DF81800C0F30740BD
:1028C0008DF819308DF81A00304606991DF0CCFCB1
:1028D0003846F6F711FD00EB4000EF2853DD38468F
:1028E000F6F70AFDA02300EB400000F1500191FB38
:1028F000F3F130461DF0A6FC7F2130461DF0C2FCEE
:102900000020F6F7F9FC3B283FDC0020E76AF6F7E9
:10291000F3FC3B2801F3D18001204743EF2F41F323
:10292000D8800020E76AF6F7E7FC3B2841F3CE8029
:102930000020F6F7E1FC2823143090FBF3F000FBB5
:1029400007F1A023503191FBF3F125E0042112207F
:10295000FEF7EAFA91E51CF049FB9FE502211220FF
:10296000FEF7BEFAABE51220FEF79CFAE7E50E2370
:102970004BE60E235EE61823C6E60E23D9E60E23A9
:10298000F8E6102373E70121B3E70020F6F7B4FC63
:102990003B304E28B9D8002130461DF059FC94F840
:1029A0003330304694F8342094F8351043EA02234B
:1029B00043EA01411DF09AFC94F82830E16A012BAA
:1029C00001F08A80022B14BF102314235943304690
:1029D000EF29C5BF5031A0230121B1FBF3F11DF058
:1029E000C3FF94F82830E16A012B01F07880022BB4
:1029F00014BF0A230C2359433046EF29C5BFA02337
:102A000050310121B1FBF3F11DF0A3FFE16A304623
:102A100001EB8101EF29C5BFA02350310121B1FB9A
:102A2000F3F11DF09BFBE16A304604F1C40601EBB3
:102A30008101EF29C5BF5031A0230121B1FBF3F182
:102A40001DF086FB3046FFF775FC1CF0DDFAC0F385
:102A500007238DF81C00C0F307408DF81D308DF85A
:102A60001E00304607991DF06DFC304604F1D0067B
:102A700023211DF075FC3046FFF75CFC904B0221D2
:102A80001220D3F8BC315B6ADA0741F12B80FEF7E4
:102A90004BFAC0F307238DF82000C0F307408DF8F0
:102AA00021308DF82200089930461DF04BFC30464D
:102AB00004F5B0767F211DF053FC3046FFF73AFC59
:102AC000304601211DF038FC304604F580760121A6
:102AD0001DF092FB3046FFF72DFC94F82830E16A98
:102AE000012B01F00E80022B14BF10231423594335
:102AF0003046EF29C5BF5031A0230121B1FBF3F1CE
:102B00001DF03DFF94F82830E16A012B00F0FC87AE
:102B1000022B14BF1023142359433046EF29C5BF9D
:102B20005031A0230121B1FBF3F11DF011FB94F80A
:102B30002830E16A012B00F0EA87022B14BF102332
:102B400014235943304604F1F406EF29C5BF503130
:102B5000A0230121B1FBF3F11DF000FB3046FFF78C
:102B6000E9FB94F82830E16A012B00F0D387022BAF
:102B700014BF0A230C2359433046EF29C5BF5031F7
:102B8000A0230121B1FBF3F11DF0F9FE94F82830E8
:102B9000E16A012B00F0C187022B14BF0A230C232A
:102BA0005943304604F58676EF29C5BF5031A0233E
:102BB0000121B1FBF3F11DF0C1FE3046FFF7BAFB76
:102BC0000A23E16A30465943EF29C5BF5031A0239B
:102BD0000121B1FBF3F11DF0BBFA0A23E16A304693
:102BE00004F58C765943EF29C5BF5031A02301214C
:102BF000B1FBF3F11DF0B2FA3046FFF79BFB142353
:102C0000E16A304604F592765943EF29C5BF503149
:102C1000A0230121B1FBF3F11DF07CFB3046FFF74F
:102C200089FB304604F1DC0602211DF079FB3046B9
:102C3000FFF780FB304600211DF0A1FE3046002149
:102C40001DF086FA304604F1E80600211DF086FAF0
:102C50003046FFF76FFB94F82830E16A012B00F053
:102C60005F87022B14BF0223062359433046EF2906
:102C7000C5BF5031A0230121B1FBF3F11DF07FFE50
:102C800094F82830E16A012B00F04D87022B14BF25
:102C90000223062359433046EF29C5BF5031A023F4
:102CA0000121B1FBF3F11DF053FA94F82830E16AE9
:102CB000012B00F03B87022B14BF0223062301E007
:102CC000309100245943304604F17C0604F5EC773A
:102CD000EF29C5BF5031A0230121B1FBF3F11DF055
:102CE0003DFA3046FFF726FB216930461DF03CFADD
:102CF0001CF07CF9C0F307238DF82800C0F30740CF
:102D00008DF829308DF82A0030460A991DF0EEFA28
:102D1000304604F18806FF211DF034FA3046FFF7F3
:102D200009FB304621691DF01FFA304621691DF06C
:102D3000DDFA304604F1940633211DF023FA3046C3
:102D4000FFF7F8FA227DE37C3046617D43EA0223F7
:102D500043EA01411DF008FA1CF048F9C0F30723CB
:102D60008DF82C00C0F307408DF82D308DF82E0023
:102D700030460B991DF0BAFA304604F1A006FF2147
:102D80001DF000FA3046FFF7D5FA227DE37C30468D
:102D9000617D43EA022343EA01411DF0E5F9227D0A
:102DA000E37C3046617D43EA022343EA01411DF0A2
:102DB0009DFA304604F1AC0633211DF0E3F93046AC
:102DC000FFF7B8FA94F83A2094F83930304694F87E
:102DD0003B1043EA022343EA01411DF0C5F93046A6
:102DE000FF211DF0CFF994F8342094F833303046A9
:102DF00094F8351004F1B80643EA022343EA01418E
:102E00001DF074FA3046FFF795FAE38E94F8381007
:102E1000304643EA01411DF0A7F93046FF211DF07D
:102E2000B1F994F8342094F83330304694F83510E2
:102E300004F5A47643EA022343EA01411DF056FA61
:102E40003046FFF777FA304604F5AA7647F6FF7169
:102E50001DF06CFA3046FFF76DFA304604F5B67691
:102E600000211DF063FA3046FFF764FAE16A30464C
:102E700004F5BC760029B8BF0331891009021DF0A2
:102E800081FA3046FFF756FAE16A304601EB41011C
:102E9000EF29C5BFA02350310121B1FBF3F11DF093
:102EA00033F9E16A304604F5DA7601EB4101EF29A6
:102EB000C5BF5031A0230121B1FBF3F11DF02AF968
:102EC0003046FFF737FA304621691DF04DF930469C
:102ED000FF211DF057F90623E16A30465943EF29D7
:102EE000C5BF5031A0230121B1FBF3F11DF047FD17
:102EF000304604F5CE7647F6FF711DF017FA3046DE
:102F0000FFF718FA304604F5D476C8211DF02EFAE2
:102F10003046FFF70FFA304604F5E07678211DF0D1
:102F200025FA3046FFF706FA94F83A2094F839303B
:102F3000304694F83B1043EA022343EA01411DF076
:102F4000C7F9E16A3046C1EB0111EF29C5BFA023E3
:102F500050310121B1FBF3F11DF0AEF9304604F51B
:102F6000E67601211DF0AEF93046FFF7E3F9304671
:102F700004F5FE7621691DF0ABF93046FFF7DAF96A
:102F8000304604F502764FF480711DF0B1F83046FA
:102F9000FFF7D0F9E16A304601EB4101EF29C5BFE7
:102FA000A02350310121B1FBF3F11DF0E8FCE16AEF
:102FB00030467729C5BF283150230121B1FBF3F1F9
:102FC0001DF00EF9304621691DF0F6F8E38E94F8F5
:102FD0003810304643EA01411DF0C6F83046FF2163
:102FE0001DF0D0F894F82830E16A3046012B14BF68
:102FF00008230C235943EF29C5BF50314FF4A07368
:103000000021B1FBF3F11DF091F9A16930461DF0EB
:103010007BF91BF0EBFFC0F307238DF83000C0F302
:1030200007408DF831308DF83200304604F50576D2
:103030000C991DF05BF93046FFF77CF9304604F53A
:1030400008769A491DF0B2F83046FFF773F9E16A45
:1030500030463B29C5BF14316FF027034FF0FF31D5
:1030600091FBF3F11DF08BFC1BF0C0FFC0F30723B5
:103070008DF83400C0F307408DF835308DF83600F8
:10308000304604F50B760D991DF06EF83046FFF7CB
:1030900051F9304601211DF0FBF894F8342094F8E2
:1030A0003330304694F8351004F5F87643EA0223BD
:1030B00043EA01411DF0F2F83046FFF73BF9304694
:1030C00000211DF099F80A23E16A30465943EF299F
:1030D000C5BF5031A0230121B1FBF3F11DF03EF833
:1030E00094F83A2094F83930304694F83B1043EA8B
:1030F000022343EA01411DF0D1F83846FFF71AF9DF
:10310000E16A384601EB4101EF29C5BFA0235031E8
:103110000121B1FBF3F11DF0BBF8E16A384601EB88
:103120004101EF29C5BFA02350310121B1FBF3F1CB
:103130001DF0FCF8E66A38461D2EC5BF14230A367A
:103140000126B6FBF3F631461CF0C6FF3146384681
:103150001CF0C8FFE16A384604F5F2777729C5BF4D
:10316000283150230121B1FBF3F11CF0F7FF384661
:10317000FFF7E0F847F6FF7138461DF0D7F8314603
:1031800038461CF0A9FF3146384604F520761CF07D
:10319000A9FF216938461CF0E7FFFF2138461CF0E3
:1031A000F1FF3046FFF7C6F8304600211DF0E7FB7F
:1031B000304600211DF0C2FB304600211DF0B6F85C
:1031C000304601211DF0B8F8304604F5357600216F
:1031D0001DF00CF83046FFF7ADF894F82830E16A9E
:1031E0003046012B14BF08230C235943EF29C5BFD8
:1031F0005031A0230121B1FBF3F11DF097F83046C7
:1032000001211DF099F83046FF211CF0BBFFE38E31
:1032100094F83810304643EA01411CF0A5FF94F8B9
:10322000342094F83330304694F8351004F5237682
:1032300043EA022343EA01411DF058F83046FFF704
:1032400079F894F82830E16A012B00F07284022B9F
:1032500014BF0A230C2359433046EF29C5BF503110
:10326000A0230121B1FBF3F11DF07EFB94F828307F
:10327000E16A012B00F06084022B14BF0A230C23A7
:1032800059433046EF29C5BF5031A0230121B1FB7E
:10329000F3F11DF05EFB94F82830E16A012B00F099
:1032A0004E84022B14BF0A230C2301E04D1D040899
:1032B00059433046EF29C5BFA02350310121B1FB4E
:1032C000F3F11DF03BFBE16A3046EF29C5BF5031F9
:1032D000A0230121B1FBF3F11CF082FF304619213C
:1032E0001CF078FF94F8342094F83330304694F88A
:1032F000351043EA022343EA01411CF05DFF3046EA
:1033000004F5267600211CF071FF3046FFF712F815
:10331000304600211DF033FB304600211DF00EFB2E
:10332000E16A3046EF29C5BF5031A0230121B1FB2E
:10333000F3F11CF055FF304619211CF04BFF94F8B7
:10334000342094F83330304694F8351043EA0223A1
:1033500043EA01411CF030FF304604F5297608218C
:103360001CF044FF3046FEF7E5FF304600211DF01B
:1033700006FB304604F52F7600211DF0DFFA3046BB
:10338000FEF7D8FF94F82830E16A012B00F0DA83C9
:10339000022B14BF0A230C2359433046EF29C5BF23
:1033A0005031A0230121B1FBF3F11DF0DDFA94F8B7
:1033B0002830E16A012B00F0C783022B14BF0223DF
:1033C000062359433046EF29C5BF5031A0230121C0
:1033D000B1FBF3F11DF0BDFA94F82830E16A012B3E
:1033E00000F0B483022B14BF0A230C235943304648
:1033F00004F53276EF29C5BF5031A0230121B1FB7E
:10340000F3F11DF09BFA3046FEF794FF94F8283054
:10341000E16A012B00F09C83022B14BF02230623D8
:1034200059433046EF29C5BF5031A0230121B1FBDC
:10343000F3F11DF099FA94F82830E16A012B00F0BD
:103440008983022B14BF0223062359433046EF29F8
:10345000C5BF5031A0230121B1FBF3F11DF079FA72
:10346000304600211CF00EFF304600211CF08AFE81
:1034700094F8342094F83330304694F8351004F53D
:103480002C7643EA022343EA01411CF02FFF304629
:10349000FEF750FF304600211DF066FA304604F575
:1034A000387600211DF04AFA3046FEF743FF3321FB
:1034B00030461CF067FE1220FDF7F4FCC0F3072332
:1034C0008DF83800C0F307408DF839308DF83A0098
:1034D000304604F53B760E991CF046FE3046FEF76A
:1034E00029FF002130461CF04DFE94F82830E16A97
:1034F000012B00F03183022B14BF02230623594312
:10350000304604F50E76EF29C5BFA02350310121C6
:10351000B1FBF3F11DF01DFA3046FEF70BFFE16A37
:103520003046EF29C5BF5031A0230121B1FBF3F193
:103530001CF056FE94F83A2094F83930304694F84E
:103540003B1043EA022343EA01411CF035FE3046BA
:1035500004F5117603211CF049FE3046FEF7EAFE21
:1035600094F8342094F83330304694F8351043EA18
:10357000022343EA01411CF01FFEE16A304677292D
:10358000C5BF502328310121B1FBF3F11CF028FE07
:10359000E16A3046EF29C5BF50316FF09F034FF00D
:1035A000FF3191FBF3F11CF0C7FD304604211CF004
:1035B0001DFE304604F514764FF4C8711CF0D6FE9B
:1035C0003046FEF7B7FE636ADB0740F1C78202218F
:1035D0001220FDF7A9FCC0F307238DF83C00C0F3CF
:1035E00007408DF83D308DF83E00304604F51776E3
:1035F0000F991CF07BFE3046FEF79CFE94F82830B5
:10360000E16A012B00F0AF82022B14BF0A230C23C6
:1036100059433046EF29C5BF5031A0230121B1FBEA
:10362000F3F11DF0ACF994F82830E16A012B00F0B9
:103630009C82022B14BF0A230C235943304604F505
:103640001A76EF29C5BF4FF4A07350310021B1FBAA
:10365000F3F11DF073F93046FEF76CFEE16A304677
:10366000EF29C5BF5031A0230121B1FBF3F11CF0BC
:10367000B7FD94F83A2094F83930304694F83B106E
:1036800043EA022343EA01411CF096FDE38E94F8DD
:103690003810304643EA01411CF066FD304604F51F
:1036A0001D7633211CF06EFD3046FEF743FE94F884
:1036B0002830E16A012B00F05A82022B14BF0A2342
:1036C0000C2359433046EF29C5BF5031A0230121B7
:1036D000B1FBF3F11DF048F994F82830E16A012BB1
:1036E00000F04782022B14BF0A230C2359433046B3
:1036F000EF29C5BF5031A0230121B1FBF3F11CF02C
:103700000FFD94F82830E16A012B00F03482022B7F
:1037100014BF0223062359433046EF29C5BF503159
:10372000A0230121B1FBF3F11CF000FD94F8283037
:10373000E16A012B00F02182022B14BF0A230C2323
:103740005943304604F53E76EF29C5BF5031A023DA
:103750000121B1FBF3F11DF0F1F83046FEF7EAFD6F
:103760001220FDF79FFBC0F307238DF84000C0F344
:1037700007408DF841308DF84200304610991CF01A
:10378000F3FC304604F541767F211CF0FBFC30460B
:10379000FEF7D0FD002130461CF054FD94F828308F
:1037A000E16A032B40F0EB81C900EF2940F3F1817E
:1037B00050314FF4A073B1FBF3F1304604F550766D
:1037C0001CF0B4FD3046FEF7B5FD304621691CF013
:1037D000F3FCE16A30467729C5BF50232831022126
:1037E000B1FBF3F1C8BF49001CF0FAFC30460121DF
:1037F0001CF0FCFCE16A304604F54D767729C5BF24
:10380000502328310221B1FBF3F1C8BF49001CF05D
:1038100087FC3046FEF78EFDE16A304604F54476BB
:103820007729C5BF28316FF04F034FF0FF3191FB6F
:10383000F3F11CF001FD3046FEF77CFD94F82830D2
:10384000E16A012B00F0A981022B14BF102314237D
:1038500059433046EF29C5BFA02350310121B1FBA8
:10386000F3F11DF081F8304600211DF072F830466A
:1038700000211DF063F8304604F5477601211CF065
:103880005BFD3046FEF756FDE16A3046EF29C5BFC5
:103890005031A0230121B1FBF3F11CF0A1FC94F8FD
:1038A0003A2094F83930304694F83B1043EA02232A
:1038B00043EA01411CF080FC012130461CF096FCDB
:1038C00094F82830E16A012B00F06981022B14BFC3
:1038D0000A230C2359433046EF29C5BF5031A0239A
:1038E0000121B1FBF3F11DF04AF894F82830E16AA8
:1038F000012B00F05681022B14BF0A230C235943DD
:10390000304604F54A76EF29C5BF5031A023012186
:10391000B1FBF3F11CF022FC3046FEF70BFD94F8EE
:103920002830E16A012B00F03E81022B14BF1023E6
:1039300014235943304604F55376EF29C5BF50315F
:10394000A0230121B1FBF3F11CF0DEFB3046FEF7B2
:10395000F1FCFF2130461CF015FC1BF047FBC0F3C7
:1039600007238DF84400C0F307408DF845308DF8EB
:103970004600304611991CF0F7FB1220FDF792FA31
:10398000C0F307238DF84800C0F307408DF8493095
:103990008DF84A00304612991CF0FAFB304647F683
:1039A000FF711CF0C3FCE16A3046C1EB0111EF2945
:1039B000C5BF5031A0230121B1FBF3F11CF042FC43
:1039C0001BF014FBC0F307238DF84C00C0F3074035
:1039D0008DF84D308DF84E00304613991CF044FCA4
:1039E000E16A304604F5567601EB8101EF29C5BF47
:1039F0005031A0230121B1FBF3F11CF02FFC304624
:103A0000FEF798FC94F8342094F83330304694F85C
:103A1000351043EA022343EA01411CF03FFC002039
:103A2000F5F76AFC772840F3C0800020F5F764FCC6
:103A3000502300F1280191FBF3F130461CF028FCE3
:103A400094F8342094F83330304694F8351043EA33
:103A5000022343EA01411CF03BFC0020F5F74CFC3B
:103A6000772840F3A4800020F5F746FC502300F1AE
:103A7000280191FBF3F1304606271CF01DFC0020C5
:103A8000F5F73AFC7843EF2840F393800020F5F7F0
:103A900033FC07FB00F1A023503191FBF3F13046DA
:103AA0001CF02CFB002D40F086800020F4F7BEFABD
:103AB000012384F83C30FEF7C2BC0020F5F71CFC63
:103AC0002823143090FBF3F0FEF727BF0120FEF708
:103AD00036BF0121FEF760BF1823FEF777BF0E2324
:103AE000FEF789BFFDF7FCF9C0F307238DF824002A
:103AF000C0F307408DF825308DF826000999FEF7B0
:103B0000D3BF1823FEF7F3BF1823FFF705B8182318
:103B1000FFF717B80E23FFF72EB80E23FFF740B8B4
:103B20000823FFF7A2B80823FFF7B4B80823FFF76C
:103B3000C9B80E23FFF78FBB0E23FFF7A1BB0E23DF
:103B4000FFF7B6BB0E2327E408233AE40E234DE427
:103B5000082365E4082378E40823D0E40121122037
:103B6000FDF7BEF937E50E2352E50E2365E50E237A
:103B7000A7E50E23BAE50823CDE50E23E0E5012BEA
:103B800014BF08230C235943EF2904DD5031A0232F
:103B900011E6002111E601210FE6182358E60E2355
:103BA00098E60E23ABE61823C3E6012145E7012181
:103BB00061E7012173E72846F5F734FC84427FF47E
:103BC00077AF72E708B5FEF7C1FB10B1014BD3F830
:103BD000BC0108BD30910024074BD3F8C02002B1CE
:103BE0001047D3F8B800012183F8BC1093F8BC202B
:103BF000002AF9D0704700BF30910024014BC3F870
:103C0000C00070473091002438B54FF4877200250A
:103C100087230C464D64C1E90B53C1E90D232D22C6
:103C2000144BC1E90F2364238B6491F84C3023F0CB
:103C30000F0343F0080381F84C304FF434730B65E5
:103C4000FFF7CAFF636B60650221A365204694F805
:103C50004C3065F3041384F84C300CF06AFA2046BB
:103C60004FF444710CF017F820460C21BDE83840A1
:103C70000DF020BD0080FFFF2DE9F047BB48B6B036
:103C80000E460DF051F801282CD130461BF0F1FB07
:103C9000054630461BF0E9FB022D044640F01E812C
:103CA000F9F70CFB0546E8B119F003FD012819D11D
:103CB0000AA9284619F010FD06AA1AA920461CF0E8
:103CC00064FF0A9B1A9A9B1A1B9A0A930B9B9B1AD6
:103CD0000B9394F84C30DF0707D5DDE90A1051EA61
:103CE000000335D136B0BDE8F0874FF400312046EF
:103CF0001CF028FF069D06464FF480312D1A204601
:103D00000CF01DF8D0B1AD1B012DDDE90A32B8BFB2
:103D100001255243069503FB03236D43AB4208DDA7
:103D200094F84C3043F0010384F84C30FFF754FF13
:103D3000606594F84C30DE07D4D5CEE7002D2B46D5
:103D4000B8BFEB1C9B10B342ACBFED1AAD1BDBE759
:103D5000D4E90E369E42B8BF06F5B4761BF0C8FE15
:103D6000E36AC51AA36BED1A002D39DBB5F5B47FF4
:103D700039DA069A4FF41D7314205A436423B2FBB8
:103D8000F3F70FF032FD4FF4B47394F84C802946EA
:103D900003FB00F22046C8F3C008B2FBF7F21CF0A8
:103DA00093FE00289ED0A16BA76DA6EB010C94F8A2
:103DB0004C307F1AEA1B002AB8BF5242B2F58C7F02
:103DC00055DD1D0712D4B8F1000F67D013F0180F9E
:103DD00064D194F84C3043F0080384F84C300BE085
:103DE00005F5B475C0E7A5F5B475BFE7B8F1000FE8
:103DF00002D013F0180FECD00025606DED1B1CF005
:103E00002FFE236D58434FF47A73B0FBF3F08542D5
:103E100003DC4042A842B8BF2846A16B3844D4E92D
:103E20001135721AEF1AD20092FBF7F2171D48BF34
:103E300002F11307324600EB2710276C0095084467
:103E40001BF0B9FE94F84C30054603F00603042B32
:103E500001BFA36C656C1B1AED18236CAB4226D115
:103E6000636C9D4235D1FFF7B7FE60653AE7D8062F
:103E700017D4180714D403F01803B8F1000F0DD1AC
:103E80006546082BB9D1C2F5B472B2F58C7FB4DDAA
:103E900094F84C306FF3C30384F84C306546ACE7BC
:103EA0008D1BB8F1000FA8D103F01803E9E7FFF765
:103EB00093FE2946606520461DF0FEF8AF42CFD044
:103EC000002223212046F2F725FD01287FF40AAFC6
:103ED000C6E7A36C9D427FF405AFC4E71D2D3FF6F6
:103EE00001AF102D21D825F00805032D7FF4FAAE7F
:103EF00090F84C306FF3000380F84C300BF033FF38
:103F000004460BF0E9FB0546F9F7D8F919F0D1FBA7
:103F100004287FF4E7AE002D3FF4E4AE00212046F4
:103F200036B0BDE8F0470BF072BB113D0C2D3FF6EB
:103F3000D9AE01A353F825F0713F0108AF3F010846
:103F4000E53C0108E53C0108E53C0108BB3F0108F0
:103F5000E53C0108E53C0108E53C0108E53C0108B9
:103F60008F400108E53C01082341010864810308F2
:103F700030460CF008FF20F00203256C112B0FD106
:103F8000691C20461DF098F8236C9D423FF4AAAEB0
:103F900000222321204636B0BDE8F047F2F7BABC34
:103FA000142802D012287FF49DAE691EE9E730463E
:103FB0000CF0F5FE256C4119E3E730461BF05DFA85
:103FC00006AA80460AA920461CF0DFFDA76807B1B3
:103FD000BF6A002120461CF0B5FD069D00EB0709D5
:103FE0001AA8A5EB0905DDE90AA60695AB19721B0F
:103FF000AAEB0501009305EB0A031AF049FB47F60B
:10400000FF72D8F800101AA81AF0B2FBD8BBD8F883
:104010000030D3E90010801BA1EB0A011BF068FD02
:10402000E36AC61AA36BF61A002E26DBB6F5B47F38
:1040300026DA14200FF0D9FB4FF4B473314603FB9A
:1040400000F24FF41D7320465D436423B5FBF3F586
:10405000B2FBF5F21CF038FDA8B107EB09021AA873
:1040600011461AF02FFB47F6FF72D8F800101AA875
:104070001AF07EFB88F8040034E606F5B476D3E740
:10408000A6F5B476D2E7002388F804302AE60021AA
:104090001CF05FFD0021054620461CF061FD00215B
:1040A000074620461CF063FD0021804620461CF098
:1040B00065FDAF424FF44031B8BF2F464745B8BF0A
:1040C00047468742B8BF074620461CF042FD4FF4E2
:1040D0004031054620461CF043FD4FF440318146F7
:1040E00020461CF044FD4FF44031804620461CF031
:1040F00045FD4D45B8BF4D464545B8BF454685428F
:10410000B8BF054620461CF024FE0235ED1B0544D1
:1041100030461BF0B2F90368AB42ACBF03600560E8
:10412000E0E5304604AF1BF0A0F9044630460CF041
:1041300022FE03AA0646394620461CF026FDDDF87D
:104140000C80B8F1000F1ADD0AA80FF05EFB0AAA76
:10415000002120460E960CF0F3FC15AB97E8030007
:1041600083E80300E26A0AA9A36B30461344139361
:10417000E36BADF85C80134414930FF05DFB4FF4D8
:10418000003120461CF0E5FC4FF400310546204686
:104190001CF0E6FC4FF40031824620461CF0E7FCA0
:1041A0004FF40031814620461CF0E8FC5545B8BF6D
:1041B00055464D45B8BF4D468542ACBFA8EB0509F5
:1041C000A8EB0009B9F1000F1BDD0AA80FF01DFBD9
:1041D0000AAA4FF4003120460E960CF0B1FC15AB44
:1041E00097E8030083E80300D4E90B230AA93046CB
:1041F00013441393636BADF85C90134414930FF066
:104200001BFB06AB4246394620461CF000FD1AA8AF
:10421000F6F75AFC1AAA20464FF440311E960CF0CD
:1042200003F906AA1AA930460FF098FF5AE500BF15
:104230002DE9F0439BB005460F4616469DF8888051
:104240001C46B8F1000F16D14FF0FF394146184611
:10425000FCF79AFB2846C4F80C9037600DF07FF904
:1042600041462046FCF790FBC4E90058C4E90289A6
:104270001BB0BDE8F083DB68204601330CBF136838
:10428000A368C4E9013131600021FCF77DFB02A87D
:10429000FCF760FB214602A81AF077F902A80D4945
:1042A0001AF075F94FF4807202A800211AF076F91D
:1042B00002A809491AF07CF96722002128460EF06D
:1042C000FFF8014602A81AF064F902A8FCF78EFC78
:1042D000CEE700BF27110308FD1003082DE9F04FBA
:1042E0000546F7B01BF0C1F8044628460CF043FD24
:1042F0000AA9029020460CF025FF6A2200212046E0
:104300000EF0DEF805466B2200215A9020460EF092
:10431000D7F8294602465A900AA81AF0D3F90AA8F3
:104320001AF048FD05900AA81AF049FD94F870901B
:104330000690C9F3C209D4E90C32B2EB030B08BFF3
:104340004FF0010BB9F1010F09D0B9F1020F56D0AE
:10435000059B8342B4BF4FF000094FF0010920468E
:1043600000211CF065FF1222089020460EF0A8F8EC
:104370001322002103905A9020460EF0A1F810223B
:10438000002104905A9020460EF09AF81122002144
:1043900000905A9020460EF093F8039D5A9004F135
:1043A0003C0801900A980D9B2844DDE90B21E0634D
:1043B0000498091A4046616400990A442264019AEB
:1043C0009B1AA364B9F1000F1CD01AF0F8FC032863
:1043D00009DC069B03EBD372A36903EB62039A1E0D
:1043E00002332264A364404604F1440A1AF0E2FC5A
:1043F000074640461AF0E3FC4346964A1CE04FF05D
:104400000009ACE71AF0D6FC032809DC059B03EB96
:10441000D372636903EB62039A1E0233E26363643F
:10442000404604F1480A1AF0C5FC40461AF0C7FCA1
:1044300004F140030746884AE16E206B4E1C079248
:1044400057D0666EA26E361A121A7E437A4396FBD6
:10445000FBF692FBFBF2921B514348BFFF3106EB88
:104460002126E16D4D1C4AD0656DA26D2D1A121AE0
:104470007D437A4395FBFBF592FBFBF2521B5143C4
:1044800048BFFF3105EB2125272200212046099353
:104490000EF016F8099B5A90B9F1000F35D0C2B250
:1044A000511E4A424A4194F84CC0944517BF1946E0
:1044B00005F1FF355346C5F101051CBF76428A461A
:1044C000B9F1000F23D019682944CAF80010186800
:1044D000089930441860A1BB4046079B98470128C3
:1044E00047DC002222212046F2F714FA77B0BDE81B
:1044F000F08FA66B361A7E4396FBFBF6B1E7E56AB2
:104500002D1A7D4395FBFBF5BEE74A46CBE7DAF86B
:1045100000100898491B1960DAF80010891BCAF8C6
:1045200000100028D8D0206B9445C0F1000007FB94
:1045300000F090FBFBF07BD10A1A51469A460132FB
:1045400078E0216B9445C1F1000107FB01F191FB7B
:10455000FBF102D10844524603E0411A1A46534681
:10456000481CDAF800108142CBBF11601960186056
:104570001060E36B3EA80E93236C0F93636C109353
:10458000A36C1193F6F7A0FA029B20463EAA4FF4C3
:10459000003142930BF048FF0C22002120460DF021
:1045A0008FFF5A90459EDDE905439C42A8BF1C46FB
:1045B00064108442A8BF044640461AF0FBFB05463F
:1045C00040461AF0FCFB854240463DDA1AF0F2FB09
:1045D00045109DF827214A99B54202F00F02DDE906
:1045E0000303A8BF35460343B9F1000F2FD1012AB9
:1045F00000F0AE80002940F0AB80009A1343019A8E
:10460000134300F1C180A54280F2BE8022460AA970
:104610000EA81AF02DF9002840F0B6804FF0000ADD
:1046200000234FF001088DF840318DF850312BE018
:104630000A1819461B689342CBBF0B60CAF80030BA
:10464000CAF800200A6094E71AF0B9FBC0E7022A12
:10465000CEE700BFB5ED0208BFED02084FF000083D
:1046600070223EA95AA84FF0010A21F040FD0EAA7F
:104670005AA902988DF8B0818DF8C0818DF8888193
:104680008DF8A3810FF06AFD00260EAF70223EA9BF
:104690005AA88DF8646121F02AFD8DF8B0618DF87B
:1046A000C06112AE97E80F0086E80F00BAF1000F64
:1046B0000CD0B9F1000F5ED0039A0A9B1344049A00
:1046C00033600C9B9B1AB360002361933246102128
:1046D00002980FF027FB32465AA981460FF03EFDA3
:1046E00016A80FF0DBFCB8F1000F0AD00AAB0DF1F1
:1046F000740C21940FCB8CE80F0016A948460FF0DC
:10470000D1FCBAF1000F09D01DAC219597E80F003C
:1047100084E80F0016A948460FF0C4FC23A8F5F75B
:104720002DFC324623A90298CDF8A890F5F7B4FCE9
:1047300070223EA95AA821F0DAFC00233A465AA971
:104740008DF888318DF8A33102980FF007FDCDE682
:10475000009A1343019A134380D4A542BFF67EAF5B
:1047600022460AA90EA81AF083F800287FF476AF33
:104770004FF0010A54E7009A0B9B1344019A7360AF
:104780000D9B9B1AF3609FE70EAA3EA9DCE700BFD2
:104790002DE9F3412E480C460CF0C6FA012840D111
:1047A00020461AF066FE064620461AF05EFE1B2ED4
:1047B000054639D14FF400310CF022FA0746204665
:1047C0001AF05BFE036812220021BB42ACBF0360FB
:1047D0000760064628460DF073FE1322804600212E
:1047E000019028460DF06CFE102204460021019035
:1047F00028460DF065FE112207460190002128464B
:104800000DF05EFE44450190A8BF4446BC42A8BFDF
:104810003C468442A8BF0446002C02DA33681B1BC6
:10482000336002B0BDE8F081012E01D00B2E07D11C
:1048300005F13C01284602B0BDE8F0410CF064BE31
:104840001D2EEED1204602B0BDE8F041FFF746BD77
:10485000888103080146044810B5F1F7FFFF0446BC
:104860000BF001FD204610BDAC8103082DE9F04F8F
:10487000ADF5057D05461AF0F8FD836B0446002B67
:104880005BD028464FF0000A0CF075FA94F82A30F5
:104890000EA9804643F008032046574684F82A3084
:1048A0000CF050FCA26AB04B68A8B4F828901340F2
:1048B00043F40023A362F6F707F931A8CDF8B081DD
:1048C000F5F71AFD68AA4FF4A0212046CDF8D48050
:1048D0000BF0AAFD31AA4FF4A02120460BF0E2FF15
:1048E00094F82A30102200216FF3C3032046A4F865
:1048F000289084F82A300DF0E3FD11220021059064
:104900004C9020460DF0DCFD1222002106904C90C8
:1049100020460DF0D5FD1322079000214C90204633
:104920000DF0CEFD08904C90A36BBB4209D894F8D3
:104930002A306FF3C30384F82A300DF5057DBDE8F6
:10494000F08FE36A4FEA8A0B884953F82A000AF18C
:10495000010A1BF0C0FF0028F3D07B000993636BB2
:1049600033F81730DA0600F1E380C3F300255B0665
:1049700040F1E08045F08005206B390100EB071322
:104980004158D3E9012CDE680E9B1944634412910F
:104990000F9914930A44314413921591002D40F05D
:1049A000E780702268A94CA81BF089FF6C2231A90E
:1049B00016A81BF084FF626B79009DF8B330525A41
:1049C000DB084E9716059DF8B3204CBF43F0080353
:1049D00003F0170363F3C7029DF879318DF8B32014
:1049E00003F01F020F2A3DD90F22089962F3040336
:1049F000079A8DF8793163691A44129B934214BF68
:104A00000F230B239DF8792163F304028DF879219C
:104A1000E269521A1499914201BF9DF8792103F07D
:104A2000170363F304028DF87921059AA3691344EF
:104A3000139A9A4202BF9DF8793103F01D0262F386
:104A40000403069A08BF8DF87931236A9B1A159AD8
:104A50009A4201BF9DF8793103F01E0262F304030C
:104A60008DF8793112A81AF0AAF915F0200506463A
:104A700007D0636B7A009B5A580542BF139B9B1B60
:104A800013934CA912AA40460FF068FB239BE06ADF
:104A9000209A0A93229B50F80BB00EA80B92099310
:104AA0001AF088F99DF8B3C0099B4FEADC01009326
:104AB000CDE90101DDE90A3259460CA81BF068FE78
:104AC00012A81AF077F90C9BC01A129B00EBD07059
:104AD00003EB600312A812931AF071F90D9B139A5D
:104AE000C01A129900EBD07002EB60020C981344CC
:104AF000014413921491159365B1616B7800095AC2
:104B0000490507D506EBD676761076423244334413
:104B1000139215939DF8B43012AA16A9404643F09B
:104B20000103CDF874B018978DF8B4300FF03FFA48
:104B30000137F9E6236CBB427FF41EAF19F0200F5A
:104B400018BF45F0200519F0020F18BF45F0020507
:104B500019F0040F18BF45F0040519F0080F18BF2D
:104B600045F0080508E700BF0000F7FF3A92030888
:104B700094F82A304CA8258543F0080384F82A309D
:104B8000F5F7A2FF16A8CDF84081F5F7B5FB4CAAC2
:104B90004FF4A0212046CDF868800BF045FC16AA02
:104BA0004FF4A02120460BF07DFE94F82A30A4F8A3
:104BB00028906FF3C30384F82A30FCE62DE9F04F08
:104BC000272291B0044600210DF07AFC1222C3B2D4
:104BD00000210F9020460C930DF072FC3022002132
:104BE0000F900027049020460DF06AFC3422054601
:104BF00000210F9020460DF063FC42074FF00001AA
:104C00004FF0100248BF049B0F90204644BF5B1931
:104C100004930DF055FC3022054600210F902046EC
:104C20000DF04EFC3422064600210F9020460DF078
:104C300047FC83074FF014024FF000010F9020460D
:104C400048BFAD190DF03CFC07903E460F90204642
:104C50001CF029FB099020460CF0BCFA0690204677
:104C60000CF0C8FAE36B079A013BD4F82C9002953C
:104C700002FB130305970893E36B059A934240F2F6
:104C800082800025A9F1040A4FEA4608039515E041
:104C900041491BF020FEA8B1DAF800301B788BB137
:104CA000636B0135039A33F8083008F1020803F00A
:104CB0000F03012B2CBFD218013203925AF8040FB4
:104CC0000028E5D1059B01330593002D52D0E16BFF
:104CD00005F1FF38029B4FF0000AB7FBF1F21A44CE
:104CE000089BD3463B44B3FBF1F3029901390B44D3
:104CF00009990B93069B01FB1838731928EAE87889
:104D00000A930BFB08F1039B0398B1FBF3F1636B70
:104D1000514433F8163003F00F03012B2CBF9B4492
:104D20000BF1010B0BFB08F3B3FBF0F30AF1FF30BF
:104D300003440C98012804D10698C01A069B5B1AFC
:104D40000146DDF82CC0206BCDF800C0DDF810C0A6
:104D500000EB06100D9201366344614419F098FC93
:104D6000099B0D9A9A440A9BB342CAD1013509EBBB
:104D7000850901E009F10409089B079A1F44029B79
:104D80001344029378E720460BF0A6FF204611B0AB
:104D9000BDE8F04F0CF0E3BB3A920308014604482B
:104DA00010B5F1F75BFD04460BF05DFA204610BD2F
:104DB000D08103082DE9F04104460E4600294CD06D
:104DC00090F844309B0701D51CF052FA94F8443017
:104DD000371F0025DFF888806FF3410384F84430E3
:104DE0000123E36357F8040F60B9A36B9D4213D10D
:104DF0002046E662BDE8F041FFF7E0BEE36B013319
:104E0000E363EFE70378002BEFD041461BF063FD2F
:104E10000028F3D00135E5E7206B18B1FCF782FBE1
:104E200000232363606B18B1FCF77CFB00236363F2
:104E30002801FCF75DFB20636800FCF759FB236B3E
:104E4000606343B1002808BF00256A0000211BF001
:104E500038FDA563CCE71D46F7E7BDE8F08100BF4C
:104E60003A92030800230846C1E90B33C1E90D3328
:104E7000CB634FF6FF730B6491F8443023F00303C8
:104E800081F844300149FFF795BF00BFF481030862
:104E90002DE9F8434FF6FF7304460E46994202D1BE
:104EA0000020BDE8F883836B8B42F9D90025DFF839
:104EB00034902F46B54206D1A36BAB42F0D0E36AE3
:104EC00053F82700EDE707F10108E36A4946013589
:104ED00053F828001BF0FFFC08B907F10208474609
:104EE000E8E700BF3A9203082DE9FF41B1480E46BA
:104EF0000BF01AFF01281AD130461AF0BAFA05460B
:104F000030461AF0B2FA1B2D044626D1C36B73B19A
:104F1000C56A0027DFF8A082043D55F8040F30B1C0
:104F200041461BF0D8FC10B12B681B7813B904B0B4
:104F3000BDE8F081636BDB5B02375B05EDD5E16BB0
:104F400029B120460CF056F9E16BB0FBF1F1304687
:104F500004B0BDE8F0410BF02EBF322D04D104B0F7
:104F6000BDE8F041FFF72ABE132D2DD8002DDED06D
:104F7000013D122DDBD801A353F825F0E34F0108C2
:104F80005D5001083B5101082F4F01082F4F0108C8
:104F90002F4F01082F4F01082F4F01081951010809
:104FA0002F4F0108A15001082F4F01082F4F010872
:104FB0002F4F01082F4F01082F4F0108DD51010825
:104FC0002F4F010849510108292D00F0E681312DAC
:104FD000C5D01D2DABD1304604B0BDE8F041FFF780
:104FE00045BC3046F1F704FD216C054620461CF017
:104FF00062F9F8F763F918F05CFB00F0FD00012896
:1050000017D102A9284618F067FB02A920461CF018
:10501000AEF94FF6FF7301469842236409D0636BE3
:1050200033F8103003F050031BB9206420461CF005
:1050300042F9236C4FF6FF7293423FF478AF626BF4
:1050400032F8132002F4CA62002A7FF470AF01AA7A
:10505000019323212046F1F75DFC68E7036C4FF6CE
:10506000FF77BB423FF463AF3046F1F7C1FC054622
:1050700018F01FFB00F0FD0001287FF458AF02A9D3
:10508000284618F029FB02A920461CF070F9216C73
:1050900081423FF44CAF20461CF00DF9276446E7EF
:1050A000026C4FF6FF739A422CD0416B31F81230EC
:1050B000180614D55F0612D4DE052AD594F84400EC
:1050C000C50726D423F480739BB221F8123094F8DC
:1050D0004430D80703D5216C20461CF07CFA236CA1
:1050E000626B32F8132012F4C06F0BD012F0500F25
:1050F00008D102AA232120460293F1F70BFC0128D4
:105100007FF415AF216C204604B0BDE8F0411CF0DF
:10511000D2B843F48073D8E7036C4FF6FF72934222
:105120003FF405AF426B32F8132002F07002002A00
:105130007FF4FDAE02AA02938BE7016C1CF0BBF872
:105140004FF6FF732364F2E6836B002B3FF4EFAE60
:105150003046F1F74DFC064618F0ABFA05462EB97D
:105160003046F8F7A1F818F0A4FA054620460AF0F0
:10517000FAFD0AF0B1FA226C4FF6FF739A427FF4FF
:10518000D6AE022D05D0042D7FF4D1AE00283FF419
:10519000CEAE94F84430A26B13F001031CD19342BD
:1051A00018D0616B31F8131001F0500189B101334F
:1051B000F5E700BFD08103083A9203080133934218
:1051C00008D0616B31F8131011F0500FF6D1C905FA
:1051D000F4D51A462264AAE60023F0E7016C1CF01D
:1051E0006AF830460BF0CFFD132821D1236C4FF61F
:1051F000FF72A16B9342606B14BF0133002399428D
:1052000023649CBF00232364256C236C30F8132097
:1052100002F05002002A3FF475AF0133994298BF63
:1052200000239D422364F0D14FF6FF73236469E7A6
:1052300014281CD1226C4FF6FF739A4204BF00233E
:105240002364226C02B9A26B013A606B2264236C66
:1052500030F8131001F0500100293FF453AF23B18F
:10526000013B9A422364F2D1DEE7A36BF8E71228F0
:1052700047D120461CF017F8236C4FF6FF72054605
:10528000934210D10023616B2364236C31F8132007
:1052900002F05002002A3FF435AF0133A26B934273
:1052A0002364F2D3C0E71A01206B865800EB031089
:1052B00019F080FD236C06EB6002A66B4FEA031C1D
:1052C0009E427FF61FAF216B4FEA031E01EB0C08D5
:1052D00001EB0310D8F80470D0F80480B8450EDD57
:1052E00051F80E1091420ADC81682944914206DB94
:1052F000616B31F8131001F05001002996D0013391
:10530000DEE711287FF4FEAE20461BF0CCFF236CB5
:105310004FF6FF720546934210D10023616B236460
:10532000236C31F8132002F05002002A3FF4EAAE59
:105330000133A26B93422364F2D375E71A01206B09
:10534000865800EB031019F035FD226C06EB600067
:1053500013B24FEA021C5E00002BFFF6D3AE226BA5
:1053600002EB0C0E02EBC601DEF80470D1F804E08B
:10537000BE450EDA52F83620521B824209DC8A689A
:10538000824206DB626B925B02F05002002A3FF41D
:105390004DAF013B023E1BB2DEE790F844309B0765
:1053A0007FF5C5AD04B0BDE8F0411BF061BF00BFA3
:1053B0002DE9F84F4FFA82F801230025818680F805
:1053C0003680044680F837300F46C06A40211CF012
:1053D000B2F8294601354022E06A1CF0BBF8072DDF
:1053E000F7D1BFB2414604F1F90ADFF8F8B0384608
:1053F0001CF008F90546414638461CF0D4F906462B
:10540000411C05448B1B01F101090139DBB28D42BE
:1054100037D808F1FF3138461CF0F4F8C6F1010323
:1054200004F22119002700EB0308DFF8B8B0CA46E0
:105430005FFA88F808EB0703B742DBB229D3C5F15E
:1054400001074FF01408DFF89C90292D2FD9204632
:105450001CF0D1F9E06A1CF0AFF84FF6FF739842E8
:1054600003D0F11DE06A1CF039F8204600250CF04D
:1054700076F820460DF0E8FD0646B54225D1BDE898
:10548000F88F14215A4601FB09A01BF048FA49463F
:10549000B8E75A461421484609F114091BF03FFAAF
:1054A000F91D4022E06A01371CF054F8C2E77B196D
:1054B0004A46142108FB05A01BF031FAE91D4022E1
:1054C000E06A01351CF046F8BFE7294620460DF09A
:1054D00088FDE36A834203D022462321F1F71AFABA
:1054E0000135CAE7AAA403082DE9F041394B00258C
:1054F0000C464FF45272384E04F22110374FDFF849
:10550000E080C1E90C33C1E90E5529461BF0D9F9F9
:1055100029462A4604F13C0314254FF0780C40F24A
:10552000211E043351B1481C10F0070F50D006293A
:1055300007D858F8211019600146F2E701201E60D3
:10554000FAE705FB024181F821C115FB02E10132B6
:105550002144D2B238281960EED1224B2046C4F83B
:105560001C31FFF71BFC04F14001E062FFF722FC55
:10557000E06A4FF408711CF010F8002322221A4947
:10558000E06A0BF0E7FBE56A6420FBF781FB01466C
:1055900028460BF06EFDE06A4FF404210AF0C9FDC5
:1055A0002046012118F0F9FBE06A012118F019FCEE
:1055B0002046002202210DF0BBFC204694F9362043
:1055C000A18EFFF7F5FE2046BDE8F0411CF013B9AF
:1055D0003946BFE7E80701019E1D04083A92030817
:1055E000108203083B92030867160308F8B50C46BF
:1055F0000021334F20460DF0F9FD2046002118F020
:10560000CCFB002302222046194618F0D2FB20468C
:10561000FFF720F9002205462A490DF065FC6420B9
:10562000FBF736FB014628460BF03AFD2846F1F71A
:105630001BFE28460BF0CBFD0646014628460BF024
:1056400018FD00230A22394628460BF083FB04216B
:1056500028460AF020FB204601F0B2FB0546032154
:1056600001F062FF0022284602210DF061FC0121B9
:10567000284618F0B6FB2046FFF7ECF80546002256
:1056800011490DF031FC3246314628460BF01FFD22
:1056900000230A22394628460BF05CFB28460421E9
:1056A0000AF0F9FA00232322084920460BF052FBA6
:1056B000204600222321BDE8F840F1F72BB900BFB6
:1056C0000D570108BF1D0408C31D0408D156010869
:1056D00070B519F0CAFE05460DF080FC1CF0CAF842
:1056E0000446012128460DF07CFC94F90230054A5D
:1056F000013B054952F823302288BDE870401DF077
:10570000E8BE00BF50820308C71D04082DE9F0471A
:1057100019F0ABFE80460DF061FC06460DF05EFC14
:1057200007461CF0A7F80021058890F902908478BC
:1057300030460DF056FC80451BD1B9F1010F15D153
:10574000013D0C24ADB2224629463846013CFFF704
:105750002FFE012130460DF044FC0A4B2A460A492F
:1057600053F82430BDE8F0471DF0B3BE013C64B2ED
:10577000E9E7B9F10C0F03D101350124ADB2E2E73D
:105780000134F4E750820308C71D040870B50C46C5
:1057900008460DF023FC0021064620460DF026FDAC
:1057A0000021204618F0F9FA204600F0E1FC0546F9
:1057B00015491CF0BDFF33462322144928460BF03F
:1057C000C9FA0121284618F00CFB204600F0D0FC55
:1057D00005460F491CF0ACFF334623220D492846ED
:1057E0000BF0B8FA2846012118F0FBFA23220A49E7
:1057F000204600230BF0AEFA204600222321BDE80C
:105800007040F1F787B800BF3C1E0408191903085F
:10581000AD200408E9180308791803082DE9F04FB2
:10582000AF48C5B00D460BF07FFA012832D12846AB
:1058300019F01FFE0646284619F017FE012E0446F1
:1058400040F08480F7F73AFD28A917F045FF636917
:10585000289E2046F61A2896F1F780FF0644204637
:105860000BF0B8FC074620461CF0FDF8361A14D59C
:105870000025636EAB420DD0294620461CF0FBF894
:10588000616E20461CF0F7F8002223212046656651
:10589000F1F740F845B0BDE8F08FB74202DA256F66
:1058A000013DE6E794F8743003F00703012B07D1BC
:1058B000236F7D10013B06FB0355B5FBF7F5D8E7D9
:1058C000022B02D1256F7543F7E7032BD0D104F1EA
:1058D0002C001AF027F881460028C9D04FF00008A4
:1058E0006FF0004A454629E099F810100023D9F8D6
:1058F0000000C1F3C001009750F8280004EB8101BB
:10590000CA6D496D1AF057F999F810108642D9F806
:105910000000C1F3C00100974FF0000350F82800C9
:1059200004EB8101CA6D496D0CDD1AF044F9301A9F
:105930008245C4BF4546824608F10108236F984559
:10594000D2D396E71AF037F9801BF1E70B2E06D178
:10595000416E1CF090F86FF0004363669AE71D2ECD
:1059600098D1284604F114090BF005FA14AD00F1A2
:105970001806039049462846324618F0BDFE002816
:1059800051D018AF96E80F0087E80F0095E80F0098
:1059900086E80F0020461CF05EF8049020461CF0BC
:1059A00062F8089020461CF0FCF8054620460BF0F3
:1059B00011FC059020460BF01DFC804628A80EF037
:1059C0001EFB039B28AA002120462C930BF04CF8C9
:1059D0003222002120460CF073FD1090C3B2204605
:1059E00007931CF038F834220021069020460CF072
:1059F00067FD1090C7B22046F1F7B0FE099020462F
:105A00000BF0F0FFD4F868B0BBF1000F25D1D4F84B
:105A10006CA0BAF1000F65D1039B03F1180518AB18
:105A20000FCB85E80F0004F12C031846069319F0FC
:105A3000B9FF054650B994F8743003F00703012B01
:105A400040F09880039920461CF0B3F80399204653
:105A500045B0BDE8F04F1CF030BB049B0FFA8BFA49
:105A60001D44A3691D442B1A0A9363692F93E369AC
:105A70003193079B022B31D9069B002B2EDD17F0AB
:105A8000020505D020461CF08CF8B0FA80F56D09AF
:105A9000FA070AD51122002120460CF011FD1090C2
:105AA00018B90BF1FF3B0FFA8BFA08FB05FB2B46ED
:105AB0005545ACDAA26E01350A99013A03982A934A
:105AC0002DB20B93BBFBF2F20A4428A9C3443092D7
:105AD00032920EF0AEFA0B9B0133E9E70025E4E7C2
:105AE000C8820308089B0FFA8AF8049D1D44636965
:105AF0001D44099BED1AA3693093236A3293079BD7
:105B0000022B34D9069B002B31DD17F0040B06D095
:105B100020461BF0A8FFB0FA80FB4FEA5B1B3B0757
:105B20000AD51322002120460CF0CAFC109018B9A7
:105B30000AF1FF3A0FFA8AF8059B5F4603FB0BFA5E
:105B4000C345BFF669AFE36E28A903980BF1010BBB
:105B5000013B2A970FFA8BFB0137BAFBF3F32B4477
:105B60002F9331930EF065FA059B9A44E8E74FF0C6
:105B7000000BE1E7022B40F0E68010AF32464946C9
:105B8000384618F0B9FD00283FF460AF039B0DF1D3
:105B9000500C03F1180696E80F008CE80F0097E808
:105BA0000F0086E80F0020461BF05DFF814620466F
:105BB0001BF0F7FF804620460BF00CFB8246204688
:105BC0000BF018FB049004F12C0019F0B8FE064607
:105BD00000283FF43BAF294620461BF0D7FE236F39
:105BE0004FF4A0215F1E00FB17A72046B7FBF3F779
:105BF0001BF0CCFE721E079000FB12722046B2FB17
:105C0000F6F6012EB8BF01261BF025FF834620467D
:105C1000F1F7A4FDA9EB000920460BF0E3FEA8EB89
:105C2000000828A8D944F4F74FFF039B28AA4FF493
:105C3000A02120462C930AF0F7FB9DF8CF20AAEB79
:105C400007032F9965F30302C3440593A8468DF813
:105C5000CF20FF22079B8DF8C020226A33440A44DC
:105C600007931B92236FAB4207D8039B03F11805E0
:105C700014AB0FCB85E80F00E8E6012B62690698AC
:105C800018BF03F1FF3309EB020A2B951CBFB8FBC9
:105C9000F3F39A4400232A9319F044FE074608B30D
:105CA0003B7C13F0010314D194F87420109912F086
:105CB000180F06EB0A0202F1FF3208BFFB68CDF8AD
:105CC00060A08A421A9209DA2A9B079A0133924409
:105CD0002A933946069819F02BFEDFE71299226FB6
:105CE0008A4503DD059B01359844BBE7B97A2B440F
:105CF00038898DF8C310ADF8C100B3FBF2F102FB97
:105D0000113C397C7A68C1F30011049B52F82C20B5
:105D100004EB8101486CC96C121A091A5A4392FBB0
:105D2000F1F2A1699A1A0A445A4419927A6852F80F
:105D30002C306FF000429342C6D018AA28A90398CD
:105D40000EF00CFAC0E7032B7FF480AE0CAD3246A8
:105D50004946284618F0D0FC00283FF477AE10AF33
:105D60006FF0004B96E80F0087E80F0095E80F00F2
:105D700086E80F0020461BF06EFE064620461BF00C
:105D800072FE074620461BF00CFF054620460BF02E
:105D900021FA079020460BF02DFA63690490204603
:105DA0001F44F1F7DBFC37443B1A20460593A369F7
:105DB0001D440BF017FE35442B1A18A808930EF05B
:105DC0001EF9039B18AA4FF4A02120461C930AF049
:105DD0004BFE28A8F4F778FE039B28AA4FF4003165
:105DE00020462C930AF020FB4FF4003120461BF094
:105DF000C6FD022200EBD0704FF400314FEA60087C
:105E000020460CF05DFB149000EBD070249B4246C2
:105E1000461004F12C0003EBD371B045A8BF324605
:105E2000B2EB610FC2BF9DF89D2042F004028DF8D5
:105E30009D20012B02BF9DF89D3043F004038DF897
:105E40009D3019F072FD0546002D3FF4FFAD2F7C0B
:105E500017F0010740F0C480AB68ADF88C301B0C24
:105E60008DF88E30AB7A2A898DF8C330ADF8C12019
:105E700094F8743013F0180F059B08BFEF681F9358
:105E800021936B68099753F827300A2B28D0297C77
:105E9000079BC1F3C00128680093002304EB810134
:105EA00050F82700CA6D496D19F085FE059B18440E
:105EB000049B2190297C6868C1F30011009350F87D
:105EC0002700002304EB8101CA6C496C19F073FEB2
:105ED000049B181A089B18444FF0000A22906FE0A8
:105EE0004C4B18462193F7E7219A1F92229A209251
:105EF000099A5244B2FBF3F103FB11294FEA8903DB
:105F00000A936B6853F82900584556D0297C049BA6
:105F1000C1F300110093002304EB8101CA6C496CAA
:105F200019F049FE049B181A089B1844079B2290FD
:105F3000297C2868C1F3C0010093002350F8290090
:105F400004EB8101CA6D496D19F035FE059B1844BB
:105F50002190BAF1000F26D01F9BA3EB0802434407
:105F60001693209B14929A1B3344159217936B68D7
:105F700053F827205A4515D04FEA89029B585B45B4
:105F800010D00AF1FF3718A903981B970EF051F8AB
:105F9000B8F1000F06D02EB114AA28A903982B97A8
:105FA0000EF0DCF84F46236F013B9A4504D16B6835
:105FB0000A9A9B585B4519D1B9460AF1010A4F4626
:105FC000236F9A4590D31A9B01331A932A9B01336E
:105FD0002A93039B03F1180710AB0FCB87E80F0040
:105FE0002946069819F0A8FC05462DE7219B28A90B
:105FF0000398A3EB08024344CDF8ACA01693229B70
:1060000014929A1B3344159214AA17930EF0A6F813
:10601000D2E700BF010000E00E4B10B5CB620C468A
:1060200091F83030204643F0010381F830300221EE
:106030000AF07FF8204608210AF07BF820464FF44A
:1060400080610AF076F820461021BDE8104009F082
:1060500022BE00BFF62004082DE9F047434888B06F
:106060000D460AF061FE012864D1284619F001FAB4
:106070000646284619F0F9F9342E04465DD1284623
:106080004FF0000919F0F9F95A220746002120467D
:106090000CF016FA0546069017F0D9FA5C2206466F
:1060A000002120460CF00CFA5B228046002106906D
:1060B00020460CF005FA6FF0604203460690CDF8DA
:1060C000008006A8CDE901292A46E16A1AF060FBA2
:1060D0004946152220460CF0F3F9122281464FF46E
:1060E0000031059020460CF0EBF9054613224FF4E1
:1060F0000031059020460CF0E3F935448246102229
:106100004FF400310590204655440CF0D9F9112286
:10611000804605904FF4003120460CF0D1F9069BE3
:1061200046441D4406444D443D60079B9E42ACBF1F
:106130007E607B6008B0BDE8F0871B2E0ED128463C
:1061400019F09BF905464FF4003120460AF058FD3E
:106150002B688342ACBF2B602860EBE71D2EE9D192
:10616000284608B0BDE8F0471CF095B8EC8203085B
:106170000146044810B5F0F771FB04460AF073F8C5
:10618000204610BD3483030838B5154A00230C4659
:10619000CB622046C1E90C32C1E90E33C1E91033AC
:1061A0004FF6FF738B6491F84C3023F03F0343F0BC
:1061B000380381F84C304FF4806109F0BAFF094987
:1061C00020461CF0EDFA20460CF000FF0146064880
:1061D000F0F744FB05460AF046F8E562EC6238BD8C
:1061E0000C2104081021040810830308806B024B63
:1061F000002808BF184670473B9203082DE9F04776
:10620000084688B0884619F034F9202807461CD182
:106210004046EA4619F029F9404619F026F9C46AC1
:1062200040460AF0A8FDE26A00F11805064614325D
:106230005046294618F060FA002873D141465D485F
:1062400008B0BDE8F0470AF06FBD414659480AF072
:106250006BFD01283FD1404619F007F90B2F04468A
:10626000C66A41D1F7F72AF817F053FA064690BBF1
:10627000E46AF7F723F8054617F01BFA04280CD157
:10628000236C2046636409F06EFD074609F024FA8A
:1062900018B13146384609F0BAF9284617F009FA1C
:1062A00001281BD104A9284617F016FA05992046A3
:1062B0001CF01BFAC4E9100020461CF0E2FC236B22
:1062C00013B920460BF04BF9236C04AA2321204676
:1062D0000493F0F71FFB08B0BDE8F087284617F0DD
:1062E000E8F90328E8D1DDE7012F59D1F6F7E6FFF9
:1062F00005460028EFD017F0DCF901280CD104A9DD
:10630000284617F0E9F9059930461CF0EEF9B0641B
:1063100020460BF024F9DEE7284617F0CAF90328D7
:10632000D9D1ECE795E80F000DF1100989E80F00CD
:106330009AE80F0085E80F0094F84C309B0627D5AB
:10634000A26C236C9A4207D12123314620461CF0CF
:1063500074F92123A26C12E03B46314620461CF022
:106360006CF93B46A26C314620461CF0F6F801233E
:10637000226C314620461CF060F90123226C314624
:1063800020461CF0EAF899E80F0085E80F0055E771
:106390003B46A26C314620461CF04FF93B46D9E7FC
:1063A0000C2F98D14FF6FF73B36408B0BDE8F047E7
:1063B0000BF0D5B81083030873B55D480E460AF09C
:1063C000B3FC012822D1304619F053F80546304677
:1063D00019F04BF8132D044612D109F0C4FC09F052
:1063E0007BF90546F6F76AFF17F063F904280DD12B
:1063F000002D71D0204602B0BDE870401CF042BBB9
:106400001D2D25D8102D03D80B2D72D002B070BDD4
:10641000113D0C2DFAD801A353F825F08164010831
:10642000FD6401080D640108DD640108DD640108F4
:106430000D6401080D6401080D6401080D64010874
:106440000D6401080D6401080D640108236501084D
:10645000322D03D0342D06D0312DD7D102B0BDE876
:1064600070400AF0FABE304619F007F85A22054685
:10647000002120460CF024F817F0E9F86860C5E721
:1064800030460AF080FCA0F11203012B11D82046FF
:106490001CF00AFC0028ADD0236CE26B0133934260
:1064A000B4D223640121204602B0BDE870401BF045
:1064B000FCBF142804D00DD80A2815D01128A5D166
:1064C00020461CF0F1FB002894D0236C002B9DD0BB
:1064D000013BE6E71B2899D1636C2364204602B098
:1064E000BDE870401CF0CDBBF6F7EEFE84428DD0C7
:1064F000204602B0BDE870401CF0DFBB1CF0D4FBAE
:1065000000283FF477AF30460AF049FC236C18446A
:10651000E36B013B9842A8BF184620EAE070206474
:10652000C0E7304602B0BDE870401CF0A9B900BF1A
:106530003483030838B591F8583000250C460846D6
:1065400023F07F03CD6243F0030381F858300AF053
:106550003BFEE06320460AF03AFE4FF480732A4681
:106560002946C4E9123394F8583043F08003C4E953
:10657000100584F8583004F1340018F02FFC0C4A50
:1065800004F15000114618F029FC94F85930092202
:106590002046022162F3030384F8593009F07BFBA3
:1065A00020464FF48031BDE8384009F0C2BD00BF3D
:1065B000320000200146044810B5F0F74FF90446B8
:1065C00009F051FE204610BD588303082DE9F04F15
:1065D0000D46ABB0084618F04CFF29460646A948C0
:1065E0000AF0A2FB012814D105AF284618F03DFFA0
:1065F000044639461CF0B3FB322E0DD194F85830C6
:1066000003F00303022B40F08880E16A20461CF06F
:106610009FFD2BB0BDE8F08F202E1DD8152EF8D988
:10662000163E0A2EF5D801A353F826F02367010879
:10663000136601081366010813660108B3670108B1
:106640007166010813660108B36701081366010843
:1066500013660108B3670108312E47D0342ED8D114
:10666000284618F00AFFE36B0360236C4360D0E711
:10667000284618F002FF636C05463BB9A36CB3F5DE
:10668000807F03D1E36CB3F5807FC2D020460AF04F
:106690009BFD804620460AF09AFD0297B4F84C30E4
:1066A00002460646414601930FA8B4F848300093CD
:1066B000636C0DF060FB0F9A2B6852429A42B8BF90
:1066C0001A462A60109B5B429342B8BF13462B6068
:1066D0001199A1EB08019942B8BF19462960129B94
:1066E0009B1B8B42ACBF2B60296092E794F859202A
:1066F0004FF4D04302F00F02D340DA0789D5204689
:106700001CF0A2FC636C43B9A36CB3F5807F04D189
:10671000E36CB3F5807F3FF47CAF20460AF0DCFAEF
:1067200077E7284618F0A9FEE66B054620460AF0F2
:106730004BFD864238D1266C20460AF048FD864241
:1067400032D1A36CB3F5807F05D1E36CB3F5807FC4
:1067500001D1636C43B320460AF036FD064620465D
:106760000AF035FD0297B4F84C30024631460FA8C6
:106770000193B4F848300093636C0DF0FCFA616942
:106780000F9B0B440F93109BA26913441093119B12
:106790000B441193129B13441293002229680FA8F3
:1067A00017F0E6FF287134E70FA920460AF08AFFA8
:1067B000F3E7284618F05DFE0646284618F055FE19
:1067C0001A2E044660D1284618F057FE0378054675
:1067D000022B3FF41EAF94F85800830702D5012323
:1067E0002B7016E7C0F38400FAF79EFA01460028E2
:1067F000F5D1442220460BF063FE0F90C0B2FF2873
:10680000EDD1626C002AEAD1A36CB3F5807F0ED182
:10681000E36CB3F5807F0AD104F11401686818F0C5
:1068200027F80028DBD0236B002BD8D1F1E60BAF83
:10683000204639461CF093FA20460AF0C5FC06466D
:1068400020460AF0C4FC0297B4F84C3002463146A8
:106850000FA80193B4F84830009300230DF08BFA91
:1068600061690F9B0B440F93109BA2691344109313
:10687000119B0B440FA91193129B134400221293F6
:10688000CCE700BF588303081D2E7FF4C2AE036C13
:10689000002B3FF4BEAEC36B002B3FF4BAAE836C4B
:1068A000002B3FF4B6AEC36C002B3FF4B2AE2846CB
:1068B0000AF061FA94F85830804613F0020640F06E
:1068C000BE800FA808F11807F3F758FB31460FAA4E
:1068D00020460DF11C0ACDF84C800AF04CF825AD8D
:1068E00097E80F008AE80F0020A920461CF037FA2D
:1068F000A36C1C93E36C1D93636C1B9394F858205A
:1069000094F85930C2F3C012C3F3031343EA0213DD
:106910009DF88D2022F01F0213438DF88D30236BDC
:106920002993E36A1693206CE36BD4E905121044B3
:106930000B440138013B0090284617F0A9FE0C22B9
:10694000314620460BF0BCFD0B901A900BAE94F82C
:10695000593003F00F02092A0CD8A36B294604F121
:1069600014000093636B18F084F895E80F0086E834
:106970000F005AE003F00F03A3F10D02012A26D8FD
:10698000D4F848B020460AF01FFCE36B5A46534344
:1069900048BFFF33A0EB232000EBD0704FEA600923
:1069A00020460AF014FC236C5A464946534348BF1C
:1069B000FF33A0EB232000EBD0704210284617F0E5
:1069C0008EFE2846D4E90D1217F089FECDE70C2B78
:1069D000CBD104F114023946384617F08DFE284613
:1069E000D4E90D1217F07BFED8F81C30269A2598B2
:1069F0009A1AD4E90F14631ED21AD8F818301B1A49
:106A0000481E1B1A284693FBF1F392FBF4F25943FC
:106A1000624317F064FE97E80F0086E80F009DF8C8
:106A20008D3043F020038DF88D3032460FA940465B
:106A3000F3F77EFB9AE80F0087E80F00E9E503F023
:106A40000303022B7FF4E5AD0FA804F11405F3F75F
:106A500053FC0FAA00212046CDF84C8009F022FFFC
:106A6000E36A28461693E66B18F0A4F9864230D004
:106A700094F85930626B03F00F03012B38D80AB930
:106A8000A36B03B300266FF06043199A07A8169909
:106A9000CDE901361B9B00931C9B19F079FE089BE6
:106AA000324631460BA80093079B17F0F1FD94F88E
:106AB0005920A36B28460BAD02F00F0200930BA9DF
:106AC000636B17F0D6FF2A460FA940460DF06FFA08
:106AD0009FE5266C284618F072F994F859308642E2
:106AE000626B03F00F03C8D112B9A26B002AEAD07F
:106AF000092BE8D8C6E700BFF8B590F84D3004463A
:106B0000164F13F0010507D090F84C3057F82310BA
:106B1000BDE8F8401AF0D6BC806B4000FAF7E8FCFC
:106B200094F84C30A26B064657F82310520019F027
:106B3000C6FEB21E2B46A16B8B4208D320463146BF
:106B40001AF0C0FC3046BDE8F840FAF7EBBC32F86A
:106B5000021F013321F480611180ECE7BC030024A3
:106B600010B5064B044690F84C2053F82210FEF75F
:106B700021F92046BDE81040FFF7BEBFE403002422
:106B800038B50C4604210025204609F084F8B4F8F5
:106B90004C302A46204623F4FF730521A56423F0D8
:106BA0000103A4F84C302B460AF0BEFA2B462322F0
:106BB000064920460AF0CEF820462A4629460CF01F
:106BC000CCF92046BDE83840FFF7CABFD16B0108B9
:106BD00070B518F04AFC04461AF0EEFC4FF6FF734D
:106BE0000146984200F0D0802046FEF751F9054654
:106BF000002800F0C980654919F06DFE58B9644B52
:106C000084F84C0019682046FEF7D4F82046BDE809
:106C10007040FFF771BF5F49284619F05CFE28B944
:106C2000012384F84C305A4B5968ECE75A492846FE
:106C300019F051FE28B9022384F84C30544B99685E
:106C4000E1E75649284619F046FE88B90022272177
:106C50002046EFF75FFE012840F09680A06C0028E8
:106C600000F0928000222721BDE87040EFF752BE6D
:106C70004B49284619F02FFE0028E7D049492846FD
:106C800019F029FE024658B926212046EFF742FEA8
:106C9000012879D1A06C002876D000222621E3E7D4
:106CA000A36C002B70D04049284619F014FE60B93F
:106CB000A06C0A2103F082FDA06C1EF04BFD0028A1
:106CC00062D000222621A06CCEE73849284619F070
:106CD00002FE0028ECD03649284619F0FCFD20B908
:106CE000A06CBDE870401EF0B2BD3249284619F0D4
:106CF000F2FD20B9A06CBDE870401EF0A4BD2E4985
:106D0000284619F0E8FD20B9A06CBDE870401EF0DF
:106D100042BD2A49284619F0DEFD064670BBA06C2C
:106D20001EF013FD0546A06C1EF006FD03782D2B0A
:106D300010D10121A06C03F069FBA06C1EF02BFDAB
:106D40002B21A06C03F03AFD2946A06CBDE87040F1
:106D500003F05CBB2B2BA06C07D1012103F056FB89
:106D6000A06C1EF018FD2D21EBE7314603F04EFB21
:106D70002D21A06C03F022FD691CE6E72946A06CDA
:106D8000BDE8704003F092BC70BD00BF5121040803
:106D9000E403002455210408592104085C21040857
:106DA000602104084D1D0408642104086A210408B8
:106DB000BF1D0408C31D04086E21040872210408C5
:106DC0000146044810B5EFF749FD044609F04BFAB7
:106DD000204610BD048603082DE9F04F95B0C46A23
:106DE000924606460991224600210BF09AFC059036
:106DF0002078A8B9059BCAF80400022B09D0032B00
:106E000002D130460AF0E6F9CAF8000015B0BDE834
:106E1000F08F30460AF0DEF900EBD0704010F3E757
:106E2000304600251CF0EEFA444B099907461B68D2
:106E30002046984780463046AB461CF0CBFA069079
:106E400030461CF0CFFA049030461CF0D3FA07907D
:106E500016F0FDFB10A9089030460AF0DBF910A8E7
:106E600017F0A8FF0A9010A817F0A9FF089A069B30
:106E70000B9003EB42030C93069B13440D93635D4D
:106E80006019002B34D1A946B8F1000F0FD004EBE4
:106E9000080313F8013C0A2B01D00D2B07D114F87D
:106EA000083023B9069B4546089A13449B442C445A
:106EB000049B079AA8EB05012046009719F02BFCCC
:106EC000099B224605999D4203971CBF049BC0184D
:106ED00010AB0293049B0F900FA80193079B0093A4
:106EE000A9EB05031CF0FAF90F9BCAE9003B8DE7FB
:106EF0000C9B0B9A5B449A4208DA96F85C3003F0DC
:106F00000F03012B04BF47F00407FFB20023079AC9
:106F10004FF0FF31029701930A9B0093049BFAF70D
:106F2000B3F805EB0009C845AED314F80930002BBF
:106F3000AAD00D9B4D469B44A1E700BF508103089A
:106F40002DE9F04F0C4697B00B6805461222002140
:106F500007930BF0B5FA6468102200210690129096
:106F600028460BF0ADFA231A12A91290284608936E
:106F70000AF050F912A8D5F82C9017F01BFF0990D1
:106F800012A817F01CFF0A90284600261CF032FABF
:106F9000824628461CF01EFA044628461CF022FAB7
:106FA0000490504616F053FB804628461CF02AFAFF
:106FB00004EB080307460B9319F8063009EB060BA0
:106FC0000BB934462BE00B9B43440593059A0A9B6F
:106FD000934208DA95F85C3003F00F03012B04BFED
:106FE00047F00407FFB2002352464FF0FF315846E6
:106FF0000193099B02970093049BFAF745F8089BBD
:10700000341843455EDC344B11A9484611941B6883
:1070100098470A2803D019F8043003B901344FF017
:107020000008EA6A28464146CDF838800BF079FB23
:1070300012AB01465A4602930EA8049B0397CDE972
:1070400000A3A31B1CF04AF98DF83780CDF83C80D3
:107050005CB307F00807DDE906239D1A0F9B334454
:10706000A34222D20FAB11AA10A9584619F042FB35
:1070700047B10F9B0DF137001BF8031019F0C7FA49
:107080000028EBD15046DDE9101216F0ADFA0E9B48
:107090001844854207DB0F9B9A19A24203D009EBE3
:1070A0000802925D92B9CDF83C800C4B58460F997E
:1070B0001D68A847044631464846A847204417B0F3
:1070C000BDE8F08FDDF81480264675E7049A9846EF
:1070D00010440E90C2E700BF548103084C8103089E
:1070E0002DE9F047C36AA4B00446002B00F00981E3
:1070F0004FF0FF3308A90DF11808836390F85C3056
:1071000043F0800380F85C300AF084F808A817F098
:1071100051FE814620461CF06DF9064620461CF0C3
:1071200059F9074620461CF05DF9054620461CF03B
:1071300069F9824620461CF01CF932462B4640462F
:107140000097CDE9019AE16A19F022FB04F160038E
:1071500098E8030083E8030020460AF07EF894F8DC
:107160005C2002F00F02022A40F0E2806622002139
:1071700020460BF0A5F967220C9007460021204617
:107180000BF09EF905460C9038B942F210724FF49C
:107190009671282017F0B5F905460CA8F9F7DAFB27
:1071A00021460CA817F0F1F94FF0FF310CA817F0A9
:1071B00007FA4FF496710CA817F000FA1A990CA868
:1071C00017F000FADDF8188008A817F0F3FD8045E5
:1071D00055DD08A817F0EEFD069B0021A0EB030883
:1071E0000CA8424617F0DAF99A490CA817F0CFF923
:1071F00098492046F9F7ECFB00283DD090F85C60F8
:10720000D0F83490C6F3400642460021284617F0D5
:10721000EFF94845A8BF4846804619904EB19DF801
:107220008C30179A43F002038DF88C30159B159221
:10723000179329460CA817F0ACF929460CA817F0AB
:10724000BBF93FB194F85C2039460CA802F00F025C
:107250001CF070F80CA8F9F7C9FCB8F1000FBCBF1E
:107260000023636508A817F0AAFD7B492046F9F7BB
:107270008BFB0023A36541E006468146C4E77549C0
:1072800020464FF00009F9F77FFBDDF81C8008A8C5
:10729000C4F8549017F093FD8045E6DD08A817F078
:1072A0008EFD079BA0EB0308304616F0D0F9494647
:1072B000A8EB00020CA817F071F967490CA817F0A9
:1072C00066F965492046F9F783FB189BE0B903EAA4
:1072D000E373199329460CA817F05BF929460CA80B
:1072E00017F06AF93FB194F85C2039460CA802F017
:1072F0000F021CF01FF80CA8F9F778FC20460AF0E2
:107300002EF924B0BDE8F08790F85C20416B9942DB
:10731000D4BF199119939307DCD59DF88C30179A37
:1073200043F002038DF88C30159B15921793D1E72B
:10733000032A40F093806622002120460BF0C0F81B
:1073400067220C900746002120460BF0B9F805464D
:107350000C9038B942F210724FF49671282017F051
:10736000D0F805460CA8F9F7F5FA21460CA817F055
:107370000CF94FF0FF310CA817F022F9DDF8188056
:1073800008A817F017FD804530DD20223046114651
:1073900016F02AF9069AA0EB80000021821A0CA8A8
:1073A00017F0FCF82B490CA817F0F1F829460CA8A7
:1073B00017F0EFF827492046F9F70AFB064600B117
:1073C000466B179A2846159917F012F9B042C8BFB4
:1073D00019963FB194F85C2039460CA802F00F02D0
:1073E0001BF0A8FF0CA8F9F701FC3BE71949204660
:1073F0004FF00009F9F7C8FADDF81C8008A8C4F8B6
:10740000549017F0DCFC80457FF72FAF079A304689
:10741000C2F1000816F01BF94946A8EB00020CA8BF
:1074200017F0BCF80C490CA817F0B1F829460CA8C5
:1074300017F0AFF808492046F9F7CAFA034600B139
:10744000436B002F7FF44FAF189A9A42C8BF19932D
:1074500051E700BFBF320308B9320308012A7FF4A5
:107460004DAFDDF81C8008A817F0A9FC80457FF718
:1074700045AFDDF81C80304616F0E9F880457FF70F
:107480003DAF264BE06A1B68984703287FF636AF6E
:1074900008A817F08FFC2E2280463046114616F0C1
:1074A000A3F8431908A8A3EB830343440C9317F0F4
:1074B00086FC0546304616F0CAF8384495FBF0F8CD
:1074C00000FB1858304616F0C2F88045A5EB0805B9
:1074D0001DDB304616F0BBF8054400220CA92046FF
:1074E0000D95FFF72DFD0646E06A19F0EEF90C4BFD
:1074F00031460C4E05461B68E06A98470590059991
:10750000CB1C9D4205D320461BF049FFF6E6ED1B40
:10751000E3E7336805A9E06A9847F0E74881030884
:10752000508103085481030838B505460C461149BB
:10753000F9F72AFA10492846F9F726FA002205F148
:107540005400114617F04AFCA31E04F00F0428460D
:10755000022B8CBF0023012344EA831495F85C308E
:1075600023F04F031C4385F85C40BDE83840FFF72B
:10757000B7BD00BFBF320308B932030870B591F838
:107580005C300C4600254FF0FF3623F03F0304F13A
:1075900054002A46CD624E6381F85C30294617F0CC
:1075A0001DFC4FF6FF7320460221A663C4E9113388
:1075B000C4E90F5508F06FFB29462046FFF7B4FFDA
:1075C00020460249BDE870401BF04CBFD2210408A0
:1075D0002DE9F04F5348ADB00E4609F0A5FB012848
:1075E00040F09280304617F044FF0546304617F0D1
:1075F0003CFFA5F131030446012B04D82DB0BDE8B2
:10760000F04FFFF76DBD1B2D0DD11BF0F3FE16F0F3
:107610001EF8011E3046B8BF033189102DB0BDE8F9
:10762000F04F09F0C8BB342D7ED190F95C30002BAF
:107630005BDA1BF0DFFE804620461BF0D3FE81465E
:1076400020461BF0C7FE94F85C3082460021C3F34D
:1076500040175A0620464FF001024FEAC70748BFBD
:1076600047F001070AF02CFF6FF040431190984259
:1076700003D194F82B301B0749D5204609F0AAFD09
:1076800005460522002120460AF01AFF8542119086
:1076900006DB0522002120460AF012FF0546119064
:1076A000D4F834B020461BF064FE4B46424604F149
:1076B0004C00CDF800A0CDE90157E16A19F068F857
:1076C000594620461BF06BFE256D072200212046FF
:1076D0000AF0F6FE854211901CDA206D94F85C30B9
:1076E00020656FF3C71384F85C30304617F0C5FE91
:1076F000E36C02689A42ACBF026003604268236D8B
:107700009A42ACBF426043602DB0BDE8F08F6FF08D
:107710006045B6E70722002120460AF0D1FE11900D
:10772000DCE700BF048603081D2DEDD1304617F0BD
:107730009CFE0446304609F01EFB05A98046204603
:1077400009F068FD20461BF05DFE054611A8F2F722
:10775000D3FDE36A9DF8A020189394F85C30C3F33E
:10776000001363F341028DF8A020636D1F93A36D96
:10777000209319ABD4E9180183E8030094F85C3036
:1077800003F00F03032B08D005A817F018FBB0F582
:10779000806FA4BF04F1380329939DF89F3011AA8C
:1077A0000021204665F3C703CDF854808DF89F3043
:1077B00009F078F89DF89D3013B901238DF89D30BC
:1077C000616C4FF6FF7322919942A26C239226D0EE
:1077D0009A4224D058224FF4802120460AF070FEAD
:1077E0004FF480210246049020460AF09DFEC0F32B
:1077F00007431C220D90ADF890004FF480212046E5
:107800008DF892300AF05CFEC0F30722C0F3074304
:107810000D908DF893008DF894208DF895306122AD
:10782000002120460AF04CFEC0F30722C0F30743B4
:1078300000210D908DF8A90020468DF8AA20602225
:107840008DF8AB300AF03CFE5F220D908DF8A80059
:10785000002120460AF034FE2B9094F85C300D9005
:1078600003F00E03022B0DD19DF89D30023B012B3E
:1078700008D8256E05A817F09DFA8542C4BF0123DC
:107880008DF89D3008F1180509AF05A92A4638463C
:1078900016F032FF00283FF437AF94F85C1011F077
:1078A0000F0609D120460AF09DF83146424205A84C
:1078B00016F015FF236A089394F85C300DAE03F0C0
:1078C0000E02022A03D003F00F03042B4FD195E8D8
:1078D0000F0086E80F0097E80F0085E80F0005AA63
:1078E00011A940460CF063FB96E80F0085E80F00F5
:1078F00095E80F0086E80F0097E80F0085E80F0075
:1079000094F85C3003F00F03032B2BD105A8D4E9C6
:10791000189717F04FFA814511DD2022636D1B98EF
:107920001146994415F060FE05AA00EB400011A92C
:1079300048441F904046A36D20930CF038FB05A8E7
:1079400017F03DFA87420DDD636D1B981F93A36D01
:107950001F4415F07CFE05AA11A907444046209754
:107960000CF025FB96E80F0085E80F00CCE605AA91
:1079700011A940460CF01BFBBAE700BFF8B590F820
:107980005C3004460D461746DB0622D409F0E7FDBD
:10799000E06A18F09AFF0646384618F096FF31184C
:1079A000E06A0131F9F7C8FDE06290B14FF6FF736C
:1079B0009D4203D1074B1B68984705462946E06A5C
:1079C0003A4618F03DFE20460021BDE8F8401BF085
:1079D00049BDF8BD4881030870B50846A8B00D46FA
:1079E00017F047FDA0F11D030646012B0ED92946CD
:1079F000054809F099F9012840F0D981284628B0B6
:107A0000BDE8704017F031BD28860308284617F0FE
:107A10002CFD1D2E044640F0CA81284609F0ABF922
:107A200005460CA8F3F750F800210CAA2046109543
:107A300008F0FAFC17F0E8FAC0F307239DF852208B
:107A40008DF80000C0F307408DF801309DF85130EB
:107A50008DF8020043EA02239DF8530043EA0040F8
:107A600017F0E5FB00990246E06A17F06FFBC0F3E0
:107A700007238DF85100C0F307408DF852308DF880
:107A8000530017F0C1FAC0F307238DF80400C0F3C8
:107A900007408DF805308DF80600159817F0C7FBE4
:107AA00001990246E06A17F051FBC0F307238DF8F5
:107AB0005400C0F307408DF855308DF8560017F08C
:107AC000A3FAC0F307239DF85A208DF80800C0F3ED
:107AD00007408DF809309DF859308DF80A0043EAC7
:107AE00002239DF85B0043EA004017F0A0FB0299D7
:107AF0000246E06A17F02AFBC0F307238DF859000D
:107B0000C0F307408DF85A308DF85B0017F07CFA0F
:107B1000C0F307239DF88A208DF80C00C0F30740BE
:107B20008DF80D309DF889308DF80E0043EA022360
:107B30009DF88B0043EA004017F079FB0399024659
:107B4000E06A17F003FBC0F307238DF88900C0F348
:107B500007408DF88A308DF88B0017F055FAC0F386
:107B600007238DF81000C0F307408DF811308DF811
:107B70001200BDF86E309DF8700043EA004017F027
:107B800056FB04990246E06A17F0E0FAC0F30723B7
:107B90008DF86E00C0F307408DF86F308DF87000DF
:107BA00017F032FAC0F307238DF81400C0F3074032
:107BB0008DF815308DF81600BDF87A309DF87C00F0
:107BC00043EA004017F033FB05990246E06A17F0DC
:107BD000BDFAC0F307238DF87A00C0F307408DF893
:107BE0007B308DF87C0017F00FFAC0F307239DF867
:107BF00052208DF81800C0F307408DF819309DF819
:107C000051308DF81A0043EA02239DF8530094F88E
:107C10002F20069943EA004017F098FAC0F3072393
:107C20008DF85100C0F307408DF852308DF85300A5
:107C300017F0EAF9C0F307238DF81C00C0F30740E2
:107C400094F82F208DF81D308DF81E000799159897
:107C500017F07CFAC0F307238DF85400C0F30740F7
:107C60008DF855308DF8560017F0CEF9C0F3072384
:107C70009DF85A208DF82000C0F307408DF8213080
:107C80009DF859308DF8220043EA02239DF85B00ED
:107C900094F82F20089943EA004017F057FAC0F3F0
:107CA00007238DF85900C0F307408DF85A308DF83E
:107CB0005B0017F0A9F9C0F307238DF82400C0F387
:107CC000074094F82F208DF825308DF82600BDF858
:107CD0006E309DF87000099943EA004017F036FABB
:107CE000C0F307238DF86E00C0F307408DF86F30A6
:107CF0008DF8700017F088F9C0F307239DF88A20EB
:107D00008DF82800C0F307408DF829309DF88930A0
:107D10008DF82A0043EA02239DF88B0094F82F2067
:107D20000A9943EA004017F011FAC0F307238DF8CF
:107D30008900C0F307408DF88A308DF88B0017F06A
:107D400063F9C0F307238DF82C00C0F3074094F8C3
:107D50002F208DF82D308DF82E00BDF87A309DF84B
:107D60007C000B9943EA004017F0F0F9C0F30723B9
:107D70008DF87A00C0F307408DF87B308DF87C00D9
:107D8000284694F82F30239A503B26995343AF222C
:107D900093FBF2F3239394F82F30503B4B430CA901
:107DA00093FBF2F304F1140226930CF0D7F928B0F8
:107DB00070BD00BF2DE9F04F644897B00D4608F044
:107DC000B3FF012816D1284617F053FB0646284674
:107DD00017F04BFB1B2E04460FD1482200210AF05E
:107DE0006FFB04460690284617F047FB0368A34242
:107DF00000DA046017B0BDE8F08F342E34D1036B85
:107E0000002BF7D0C36A002BF4D028466FF06046F1
:107E100017F033FB0023276B1A461946BB4202D1E9
:107E2000C0E90012E6E7E56A05EBC30C55F83350EC
:107E300005F0C04EBEF1005F03D125F0C04EB6453F
:107E400002D1A942B8BF2946DCF8045005F0C04C65
:107E5000BCF1005F03D125F0C04CB44502D1AA4269
:107E6000B8BF2A460133D9E71D2EC3D1284608F0F2
:107E700082FF236B8146002BBCD0E36A002BB9D074
:107E800002A9204609F05EF9029D2046002709F06C
:107E90009FFDA5EB000A039D204609F09EFDA5EB82
:107EA000000806A80CF0ABF806AA00212046CDF881
:107EB000289008F0D9FD236B013B9F429AD22046BF
:107EC00009F082F98346204609F081F9E36AFA0055
:107ED0000546594653F8370003EBC7060192009355
:107EE0001BF01FFC5044294601370D9070681BF0B1
:107EF00018FC019A009B06460E9002F108005946B4
:107F00001A18185800921BF00CFC009A504429468D
:107F10000F9050681BF005FC94F8343006A9DB077D
:107F200047BFAE1B2D1A08EB0005464444BF46442C
:107F3000454448460E9610950CF07BF89DF8553058
:107F40006FF300038DF85530B5E700BF4C8603088A
:107F50002DE9F0410C4601210025454F204609F04E
:107F6000D8F82046002115F018FF94F86A30042153
:107F700004F15C0023F01F03A4F8685084F86A3011
:107F800017F028FC2046EEF75BFC0121E06208F0C8
:107F9000D0F8214665646565A5643648C4E9135583
:107FA000EEF75CFC064608F05EF93946304609F00B
:107FB00077F83046012115F014FF3046012115F005
:107FC000ECFE30464FF4804108F0B3F83046022111
:107FD00007F061FE314626632748EEF73FFC064670
:107FE00008F041F96FF040423946304609F06FF829
:107FF0002946304615F0D1FE0223294630461A465E
:1080000015F0D7FE3046022107F045FE4FF48041BF
:10801000304608F08EF8A6633046FCF71BFC064697
:1080200023460A22154908F095FE30464FF4804158
:1080300008F07FF82946304615F0AFFEE66330467B
:10804000FEF7B8FA0E491BF083F8A06BFEF7B8FEF6
:108050000646012108F06DF8234620462664656334
:108060002322A5650749BDE8F04108F073BE00BFB3
:10807000640000202487030800870308C939030827
:10808000BF1D0408BF3703082DE9F04F9BB006461B
:1080900001911BF0EAFC054600285AD01BF0E0F9DC
:1080A0000021024628460AF03CFB022854D003284F
:1080B0005ED00021284608F0A3FF002130461BF0C7
:1080C000CDFC804630461BF0D3FC8146404615F07F
:1080D000BEFA8346304609F08DF867220746002134
:1080E00030464FEADB740AF0EBF9019B80464FEA19
:1080F000D77AD9440290002B43D0002841D05C4469
:10810000BA44336B6410C4EB6A0403FB194402A83D
:10811000F8F720FC294602A816F037FA264902A8EB
:1081200016F035FA284609F029F82246014602A839
:1081300016F034FA414602A816F02BFA1F4902A89D
:1081400016F036FA02A81E4916F02EFA02A8F8F721
:108150004DFD1BB0BDE8F08F304609F03BF80446FA
:10816000284609F031F8231A03EBD3735910A1E71D
:10817000304609F02FF80446284609F025F8211A60
:1081800098E75C44BA44304664101BF0B0FC336B93
:10819000C4EB6A0403FB1944019B13B1B8F1000F4F
:1081A000B5D105492846F8F7EFFB214628461BB014
:1081B000BDE8F04F08F03BBF593A03086B3B03089A
:1081C00045E502082DE9F0430846B1B00C4617F02A
:1081D00050F91D2805467ED1204617F046F9204665
:1081E00017F043F905460AF0F9FE0646204608F066
:1081F000C2FD814615A8F2F77FF8304615AA002186
:10820000CDF8649008F04EFB28461BF072FA002867
:1082100040F08D8009F1180401AF0DF1140894E8C5
:108220000F0087E80F0006F114022146404616F0C1
:1082300063FA002878D098E80F0084E80F003046F1
:1082400009A91BF01DFC6B690DAE21460D93AB69AE
:10825000324630460E93EB690F930A9B109316F04B
:108260004BFAB8B10DF1440894E80F0088E80F000C
:1082700096E80F0084E80F0028461BF0F1F805F19E
:10828000140215A91C9048460BF091FE98E80F00C7
:1082900084E80F006B693246214630460D930C9BF3
:1082A0000E93EB690F932B6A109316F025FA68B1C1
:1082B00096E80F0084E80F0028461BF0D1F805F17E
:1082C00014021C9015A948460BF071FE97E80F00A8
:1082D00084E80F0028E02146184808F025FD012811
:1082E00022D1204617F0C1F81B2D064609D0312DAA
:1082F0001AD10AF073FE002131B0BDE8F043FFF758
:10830000C3BE204617F0B9F8054630460AF066FEAF
:108310001BF05BFD0446304608F056FF2B68241A1C
:10832000A342ACBF2B602C6031B0BDE8F0839DF858
:10833000AF3043F040038DF8AF306BE71C89030882
:1083400038B591F83C300C4600256FF30103204608
:108350004D6381F83C30C1E90B55102107F09BFCBF
:1083600020464FF4007107F096FC21460548EEF7D1
:1083700075FA07F078FF2A4620460349BDE83840E1
:108380001BF04ABD1C890308D82204082DE9F04FD0
:10839000BF4885B00E4608F0C7FC012811D1304611
:1083A00017F067F80546304617F05FF8342D04469D
:1083B0000AD1304617F061F8054620461BF005FD4E
:1083C000286005B0BDE8F08F202D47D8002DF8D0EB
:1083D000013D1F2DF5D801A353F825F08B8401082A
:1083E000C184010807850108C3830108C38301080C
:1083F000C3830108C3830108C3830108C383010841
:10840000AD84010807850108C3830108C3830108FF
:10841000C3830108C3830108C38301089D86010843
:10842000E7860108578601088B860108C383010887
:10843000C3830108C3830108C3830108C383010800
:10844000C38301080F870108C38301081D87010842
:10845000C3830108C38301081D870108312D0ED095
:10846000322DAED11BF001FB18B100222946EEF7E8
:1084700051FA204608F0F1FE0021204600E00021DC
:1084800005B0BDE8F04FFFF7FFBDC36A012B98D9D7
:1084900090F83C306FF3820380F83C301BF0E5FA33
:1084A0007C4905B0BDE8F04FF8F76EBA90F83C3063
:1084B0005B0786D5304605B0BDE8F04F16F0E1BF4A
:1084C000C36A012B7FF67DAFF4F7F8FE02A915F021
:1084D0002AF902A920461BF029FC039B002B3FF43C
:1084E00070AF20461BF0C1FA054608F065FE0399FF
:1084F0000144284608F09BFD94F83C3043F0040307
:1085000084F83C305DE7C36A012B7FF65AAF1BF05D
:10851000ACFA064600283FF454AFF4F7CFFE80468D
:1085200015F0C7F804280DD1236B2046636307F0CC
:108530001AFC054607F0D0F840B10021284607F0A4
:1085400066F803E0022801D1236B6363404602AF63
:1085500015F0AFF8012837D194F83C5015F0040518
:108560003FD0002120461BF079FA054620461BF03B
:108570007FFA8146284615F06AF8A569236A814486
:108580005B1BD8E9180103EBD37387E80300394676
:10859000204605EB63051BF0C9FB98F82510039BEB
:1085A0000022C1F164016420002B4FD1B3691A4449
:1085B000E36AAD1A95FBF9F525EAE5759D42A8BF7A
:1085C00003F1FF352DB229E0404615F072F803287B
:1085D000C2D0236B3A46232120460293EEF79AF944
:1085E000EFE64046394615F077F8B269039B394605
:1085F0003046AA469B1AA946DFF89CB00393029B1B
:1086000072699B1A01220293FEF79AFC804630465B
:108610001AF026FF06460195D04507D1002DD8DB7C
:108620000122294620461BF07EFCD2E7DBF8003011
:1086300001A9304698470A2803D1C8451CBF6B1CC6
:108640001DB2DDF804900AF1010AE5E71A444B4334
:1086500093FBF0F3A8E707F086FB0546F4F72EFE40
:1086600015F027F804280DD1284607F035F8226BBD
:1086700008B16263A5E6636B9A423FF4A2AE0121A2
:108680002363FAE6236B63639BE6D0E90C23F3E7ED
:1086900040890308593A030858810308C36A012B2B
:1086A0007FF68FAE304608F06EFBA0F11203012B6F
:1086B00008D8216BE36A01319942BFF482AE656B41
:1086C00001220BE0142802D011287FF47AAE216B2E
:1086D00000293FF476AE656B0122013920461BF07C
:1086E00022FC65636DE6C36A012B7FF66AAE3046F5
:1086F00008F055FBD4E90B13013918448142A8BF97
:10870000014621EAE17199423FF45BAED7E71BF0E5
:10871000ACF905B0BDE8F04F08F0DEBA304605B060
:10872000BDE8F04F1BF029BA2DE9F04FB0F84870C2
:1087300085B0036C0646C7F30E0700250293DFF8E9
:10874000989007F1FF3B436C0393BD4202D305B001
:10875000BDE8F08FB36C19EA030408D0C3F3CE333D
:10876000B5FBF3F403FB1454B4FA84F46409039BDB
:1087700006F12C0A5A46002100932846029B17F066
:108780001AFA8046504617F0D0F8014608B901356C
:10879000DBE7CB6843451ADC0B69434517DB4B69C4
:1087A000FF2B01BF91F834304D6164F3000381F871
:1087B00034308B69FF2B07D191F834308D6164F32D
:1087C000410381F8343002E04B69AB42F4D15046AA
:1087D00017F0B2F8D9E700BF0080FF3F10B50C4694
:1087E000382104F12C0016F0F5FF012364224FF428
:1087F000877184F83C30002320462366A363C4E9D4
:108800001032094AA26494F84C2063F3000284F801
:108810004C208722C4E91633C4E914121021BDE8A4
:10882000104007F038BA00BF0B8002402DE9F04F2E
:10883000B0F84890A7B00446C9F30E09B9F1010F8A
:108840006DD990F83C30102B69D0082B67D006A862
:1088500000270BF0D4FB06AA4FF40031204608F0A5
:1088600003F916A80BF0CBFB16AA4FF4A021204663
:1088700008F0FAF8A36C684A12EA030608D0C3F3BA
:10888000CE33B7FBF3F603FB1676B6FA86F6760917
:10889000636C04F12C0A09F1FF3200210093384681
:1088A000236C354617F087F98046504617F03DF89F
:1088B000834680B1DBF80C30434539DCDBF81030FF
:1088C000434535DB76B34FF40033DBF8042006A9CB
:1088D00020461BF053FC04AB2A4639462046009341
:1088E00002AB1BF0A9FEB4F84820129BC2F30E02A3
:1088F0002299002E08BF0B46BA422AD02FB994F80D
:108900003C20082A01D0102A2FD150465FFA87FB5D
:1089100017F00BF8054675BB0137B945AAD827B043
:10892000BDE8F08F4FF4A023DBF8082016A9CFE7AD
:1089300006AA20464FF4003108F096F8204616AA01
:108940004FF4A02108F090F85946504616F0F4FF75
:10895000AEE794F83C20082AD7D0102AD5D0022AB6
:1089600001D0042A05D1E365CFE7022A01D0042A09
:10897000F9D12366C9E7EB6898450BDB2B6998456D
:1089800008DC002E3ED04FF400336A6806A920466A
:108990001BF0F4FB6B695B4515D195F8343005F19C
:1089A0002402DB07DDE902014CBF129B229B82E817
:1089B0000300D80706D594F83C20022A01D0042AE7
:1089C00025D10133EB61AB695B4515D195F83430A6
:1089D00005F12C02990702A94CBF129B229B03C9E7
:1089E00082E80300DA0706D594F83C20022A01D079
:1089F000042A0ED1013B2B622946504616F09CFFFB
:108A0000054688E74FF4A023AA6816A9BFE7013BF3
:108A1000D8E70133EFE700BF0080FF3F2DE9F04FBB
:108A20000446ADF5037D0846059108F0A4F9B4F8B5
:108A300048300646C3F30E03012B3DD94CA8F1F78D
:108A40005BFC4CAA4FF400312046509607F02AFFF9
:108A50001CA80BF0D4FA1CAA4FF400312046209633
:108A600008F002F894F83C30102B01D0082B05D107
:108A70009DF8AD306FF382038DF8AD302CA84FF028
:108A8000000A0BF0BCFA2CAA4FF4A0212046309625
:108A900007F0EAFF3CA855460BF0B1FA3CAA0021CA
:108AA0002046409607F0E0FFB4F84830C3F30E03C9
:108AB0000493049B9D4203DB0DF5037DBDE8F08F1D
:108AC000A36CA94A12EA03090CD0C3F3CE33B5FB59
:108AD000F3F203FB1253002B40F095800AF1010AD8
:108AE0004FF00109636C04F12C0B049A00210093F0
:108AF0002846236C013A17F05EF880465096CDE97F
:108B00004E50584616F011FF0746002842D0FB6829
:108B1000434500F3C3803B694345C0F2BF80B9F1D0
:108B2000000F00F0B680D7F804B0BBF1000F00F0E2
:108B30008A8017AA5821584617F0A7FA012865D14C
:108B4000179BADF85C311B0C17AA592158468DF8BC
:108B50005E3117F09AFA012864D19DF85C008DF817
:108B6000880117AA5B21584617F08FFA012862D1B5
:108B70001798599017AA5A21584617F086FA0128D3
:108B80007FD1179856904FF400337A681CA920467D
:108B90001BF0F4FA0DF1340B0BAB4A462946204684
:108BA000CDF800B01BF048FD94F84B305F0640F163
:108BB000BE81B9F1000F00F0BE814FF0000917AF80
:108BC000059808F0D8F810220290494618A8C7F86E
:108BD00000901DF0B4FAA26B002A00F0B9801FFAD1
:108BE0008AF3A16D8B4270DC03F18043013B52F8A4
:108BF0002330002B69D053939DF88C3169F3000327
:108C00008DF88C3163E04FF000096BE758224FF488
:108C10000031204609F054FCC0F307436790ADF8DB
:108C20005C0191E759224FF40031204609F048FCDD
:108C30006790C0B293E75B224FF40031204609F001
:108C40003FFC679095E758224FF40031204609F029
:108C500037FCC0F3074359224FF400316790ADF859
:108C60005C0120468DF85E3109F02AFC5B2267909A
:108C70008DF888014FF40031204609F021FC6790FF
:108C800059905A224FF40031204609F019FC6790A0
:108C900078E74FF4A023BA682CA978E74CAA2046BD
:108CA0004FF4003107F0FEFD1CAA20464FF40031BE
:108CB00007F0DAFE20462CAA4FF4A02107F0D4FEDC
:108CC0003946584616F038FE1EE7002353936C22AF
:108CD0004FF40031204609F0F3FB6D224FF40031D0
:108CE00067900746204609F0EBFB702203904FF493
:108CF00000316790204609F0E3FB94F83C30814650
:108D00006790022B00F0AE80082B33D030D8012BB7
:108D100040F2A880042B00F0A58008AF0BA93846CC
:108D200016F057F823AB97E8030083E803000DA97A
:108D3000384616F04EF825AB97E80300CDE91E58EB
:108D400083E803001CA9304601350BF072F9B0E648
:108D50004346064A1421384617F0E1FD9DF88C3150
:108D6000539743F001034BE70080FF3FAAA4030899
:108D7000102BD2D177224FF40031204609F0A0FB0E
:108D80000E224FF4003106906790204609F098FBC0
:108D900067A9679000F10F0B204608F03BFA67A81F
:108DA00016F008F8079067A816F009F8079A00EB84
:108DB000D07002EBD272431067A8B3EB620F40F39E
:108DC000968015F0F7FF00EBD070679A4FF40031F2
:108DD000431020461A4407930F92689A1A4410923F
:108DE000032209F06DFB216DB4F848204FF00A0C06
:108DF0006943069BC2F30E0213900CFB01F1013A8A
:108E0000B1FBF2F1626D0CFB0311079B0CFB02112D
:108E100094F83C20082A6DD1181A599B5B44C01A5B
:108E20000F9A19F4801F0FAB17445A680744039830
:108E300002441197C9F31207129203D019F4002FBC
:108E40000F4462D1002211A8CDE900324FF48073A3
:108E50001A4615F0A1FF13AB11AA4CA920461BF02E
:108E6000EFF810E0DBF800304CA9039A20463B44B1
:108E7000C9F312076793DBF80430134467AA6893B9
:108E800013AB1BF0DDF8002F13AA4BDD1021029865
:108E90000AF048FF13AA4CA903900BF088F813A816
:108EA00015F088FF814613A815F089FF834667A84F
:108EB000F1F764F8039B0BEBDB7B13AA6E9309EBD2
:108EC000D97367A902985B10739778934FEA6B0385
:108ED0007993F1F7E1F89DF88C31DA077FF51DAF52
:108EE000002262F3000353928DF88C3115E715F0E0
:108EF00066FF68E7102A05BF599A1B1800205A44DC
:108F000008BFD0188CE7A7F56167B7F5616FFADC89
:108F10006FF4617040F2DA523818904298BF07F54A
:108F2000E1678FE74CA902980BF041F8D3E7B9F15C
:108F3000000F7FF4F2AE08AF0BA9384615F049FFD9
:108F400033AB97E8030083E803005946384615F031
:108F500040FF35AB97E80300CDE92E5883E80300C6
:108F60002CA9F0E670B51F480D4607F0DDFE01287C
:108F700026D1284616F07DFA0646284616F075FAE0
:108F80001D2E044616D190F94B30002B18DBFFF74D
:108F9000CBFB2046FFF74AFC94F84C30294620468C
:108FA000DB070ED51BF044F929462046BDE870408A
:108FB000FFF734BD202E0CD190F94B30002BE6DBAF
:108FC00070BDFFF72BFD29462046BDE870401BF021
:108FD0002FB91B2EF4D128466421BDE8704007F05C
:108FE000EABE00BF648903082DE9F04FC44887B08A
:108FF0000E4607F099FE012846D1304616F039FAA0
:109000000546304616F031FA04461BF022FD162DB7
:1090100007463CD1304616F030FAA568804605B1C7
:10902000AD6AD4F884302A46294602A80293D4F8BF
:1090300088300393D4F88C300493D4F8903005939F
:1090400015F040FB0022D8F8001002A815F090FBA4
:10905000064688F80400B8B9022F15D1636F2A4676
:10906000294602A80293A36F0393E36F0493D4F8F5
:109070008030059315F026FB3246D8F8001002A880
:1090800015F076FB88F8040007B0BDE8F08F1D2DC1
:1090900040D8102D1ED8013D0A2DF5D80A2DF3D841
:1090A00001A353F825F000BF439101086191010825
:1090B0006F91010889900108899001088990010841
:1090C0008990010889900108899001088990010818
:1090D0006F910108113D0C2DD6D801A353F825F04E
:1090E0000593010869930108059201088990010818
:1090F00089900108899001088990010889900108E8
:10910000899001088990010831920108899001082D
:109110008F930108312DB7D120461BF025FC002884
:109120007ED04FF40071204607F003F84FF48071B1
:10913000204606F0B0FD204607B0BDE8F04F07F02E
:10914000CBBD04F19405F4F7B9F8294614F0C4FA3C
:1091500003222946204607B0BDE8F04F08F006B9C3
:109160000121204607B0BDE8F04F1BF07CBC002178
:1091700020461BF078FC94F8A030002620466FF3C0
:109180000003C4F89C6084F8A03008F0E8F9204699
:1091900006F0E9FD054606F09FFA0746F4F78EF85B
:1091A00014F087FA04281BD1002F3FF46DAF20463E
:1091B0001BF04FFC02280CD194F8A030980704D47F
:1091C00043F0020384F8A0305EE766F3410384F8BD
:1091D000A0303146284607B0BDE8F04F06F017BA78
:1091E00001287FF451AF20461BF0BEFB38B14FF48D
:1091F0000071204607B0BDE8F04F06F09ABF4FF46B
:109200008071F6E7F4F75AF814F053FA042802D004
:1092100002287FF439AF94F8A0306FF34103D1E70F
:109220004FF48071204606F084FF4FF400717FE711
:1092300012224FF44031204609F042F913224FF434
:10924000403102908246204609F03AF910224FF44C
:10925000403102900746204609F032F911224FF4BE
:10926000403102908146204609F02AF96A224FF4E3
:10927000403102908046204609F022F96B220546D3
:109280004FF440310290204609F01AF94FEA450B9D
:10929000CDE90100204607F097FF00EB4505204689
:1092A00007F095FF019A00EB4200530085421FDA58
:1092B000204607F089FF83444FEA6B0357454FF47C
:1092C00040312046B8BF57464F45B8BF4F46474587
:1092D000ACBFDB1943449D1C07F092FC05443046AB
:1092E00016F0CBF80368AB42ACBF03600560CBE679
:1092F0002046019307F06BFF019B03445B10DDE701
:1093000088890308304607F03EFD20F00203112B48
:1093100013D194F8A0302046990733D417F06FFF8B
:1093200001228118204617F002FF00222321204647
:1093300007B0BDE8F04FEDF7EDBA142802D01228BF
:109340007FF4A2AE94F8A03020469A0704D417F018
:1093500056FF0122411EE5E717F057FF0122411E8B
:10936000204617F02DFFE0E7304607F018FD94F88F
:10937000A030054620469B0704D417F040FF012289
:109380002918CFE717F041FF01228118E8E730469E
:1093900007B0BDE8F04F1BF0CFBC00BF08B540F2EE
:1093A0000470F8F7A5F8024BC3F8CC0108BD00BF64
:1093B000309100242DE9F04300268BB004460E22A4
:1093C000314606A805961CF0BAFEE26F636FB24202
:1093D00042DAB3420DF11505B4BF2D222B228DF8D0
:1093E0001420002B01AF2F4A4FF00E01B8BF5B4293
:1093F000384617F094FA384617F067FA94F88490D4
:1094000009F00F09B9EB0002C84628D194F884206E
:109410000F2A01D94FEA121838460023984502DD79
:1094200010F8011B51BB0F2A2CD805A9204601F0CA
:109430003DFA94F88410D4F880300A2201F00F012C
:10944000092B2BDC4145204688BF0131891B00F0E8
:10945000DDFF0BB0BDE8F083012605ADC1E73B1889
:10946000002806DA22EAE272302138461CF067FE54
:10947000CCE7197801389954013BF1E7013305F83D
:10948000011BCBE72E2205F8012B9945CDDDFA5CB7
:10949000002ACAD0013305F8012BF6E793FBF2F35B
:1094A0000139CDE7AAA4030838B50022104B0125E5
:1094B0000C46C1E91D230F4B2046C1E91F35B1F809
:1094C000843023F4FF6323F0070343F4806343F005
:1094D0000503A1F8843029461CF0F8F820462946F7
:1094E0001CF0EDF82046BDE83840FFF763BF00BF31
:1094F0009F8601006179FEFF70B557480D4607F061
:1095000013FC012840F0A780284615F0B2FF06465C
:10951000284615F0AAFF0B2E044678D1F3F7CEFEAD
:1095200014F0C7F8042835D1204606F01CFC06F0DC
:10953000D3F878B394F8842002F00F02012A40F2A5
:109540008A8094F88530D4F8805003F00603042B09
:1095500012D1012D04DD2046BDE870401BF093BC04
:10956000023A0A20002116F00DFBC4F880002046C4
:10957000BDE870401BF093BC013A0A20002116F0B0
:1095800001FB85424FEAE5738B41F0DB0A23C4F807
:109590008030E0E720461CF0CFF8054617F095F93B
:1095A000E36CEA5C2E2A21D120461CF050F9E26CD3
:1095B00094F88430B2EB131F03D90F2B88BF02F14C
:1095C000FF3203F00F0300210A20013B9B1AE26FD8
:1095D000002A4FF00102B8BF0133994214D120464E
:1095E000C4F88020BDE87040FFF7E4BE984204D183
:1095F000411E204600F00AFFD9E7002BD7D1E36FC8
:10960000002BD4DA0121F4E742430131E5E7112EC2
:1096100021D1F3F753FE14F04CF80646284615F016
:109620002CFF01682046132905D1042E94D1BDE8F2
:1096300070401BF046BC142905D1042E98D1BDE81A
:1096400070401BF05EBC1129F1D01229F7D0BDE8A3
:10965000704001F0B3B870BDAC89030870B59AB022
:1096600004460E4600211546F7F78EF902A8F7F7D3
:1096700071F9214602A814F088FF02A81E4914F0CF
:1096800086FF02A84FF0FF3114F09AFF314602A87E
:1096900014F07FFF05F5B472294602A814F07EFF8E
:1096A00002A8F7F7A3FA02A8144914F07DFF4FF4BB
:1096B000806302A840F2512200934FF4D771002337
:1096C00014F08BFF4FF4B47202A8002114F066FF6F
:1096D0000B4902A814F05BFF02A8F7F787FA4FF4D2
:1096E000B4722046002117F0CDFC4FF4877120465C
:1096F00017F0D4FC1AB070BD454F03086DE50208A1
:10970000414F03082DE9F041524898B00E4607F04A
:109710000BFB012849D1304615F0ABFE044630461C
:1097200015F0A3FE1B2C054648D112224FF4403100
:1097300008F0C6FE132280464FF4403100902846C0
:1097400008F0BEFE102204464FF440310090284637
:1097500008F0B6FE112207464FF44031009028462B
:1097600008F0AEFE44454FF440310090B8BF444687
:10977000BC42B8BF3C468442B8BF0446284607F006
:109780003FFA02340444304615F077FE036806467B
:109790004FF400319C42B8BF1C460460284607F0D5
:1097A0002FFA844204DD3068306018B0BDE8F081E3
:1097B0004FF40031284607F023FAF5E7232C41D176
:1097C0006722002108F07CFE0746009090B32846EF
:1097D00006F0C1FAEC6A00F00106631C30D1002EDD
:1097E0004FEA06260CBF4FF480740024002128465F
:1097F000F7F7CAF86846F7F7ADF82946684614F057
:10980000C4FE1549684614F0C2FE32462146684639
:1098100014F0C4FE1149684614F0CAFEA11B684644
:109820000029B8BF49427943090A14F0B2FE6846DC
:10983000F7F7DCF9284618B0BDE8F04107F08FBE15
:109840003602D3E71D2CB0D1304618B0BDE8F04148
:109850001BF0AFBBF4890308714F0308654F030881
:109860002DE9F04F0546ADF51B7D15F0FEFD0446D4
:10987000284614AE07F07FFA00F11807054604F1F8
:1098800014013A46304614F037FF002879D00DF124
:10989000600C97E80F008CE80F0096E80F0087E84F
:1098A0000F0030220021204608F00AFE002104901B
:1098B0007E9020461BF05FFC11220021089020467C
:1098C00008F0FEFD00210D907E9020461BF045FC27
:1098D0000021099020461BF047FC238DA26A0B93C0
:1098E000A74B0A9062A8134043F40023A362F1F748
:1098F000EBF862AA4FF4A0212046669506F094FD8D
:109900002CA8F0F7F9FC4FF4A0212CAA20463095A2
:1099100006F0C8FF0B9B2046089A238594F82A304E
:109920006FF3C30384F82A30A36913445F1E08F061
:1099300054F8049B3F1A20461F441F9700271C978A
:10994000BB461E9708F044F827220C903946204663
:1099500008F0B6FD7E90C3B20793236BBB420BD9D0
:10996000A36B53F827201F9B013399181D930139CE
:109970001F91F1688B4208DD18AB18350FCB85E8D5
:109980000F000DF51B7DBDE8F08F079B012B0FD15C
:109990000A99E3695B1A0C99013B5B1A04995B1AFB
:1099A0001C9302EBD2724FF0000953100E934CE05F
:1099B000099963690B440C99013B5B1A04990B44A8
:1099C0001E93EEE74FEA8B030593636B03EB8B0269
:1099D00053F82B3083B193F800A0079BE16B012B68
:1099E0000CD11C9B013B1E9351F829001B1A01331B
:1099F0001C9309F101081EE09A46EEE71E9B013315
:109A00001C9351F829000344013B1E93F1E752F8DF
:109A1000043B93B11B78D8070FD5079851F828302D
:109A200008F1010801280BBF1C981E98C01A1B18CA
:109A30000CBF1C901E93C445E9D1A8EB09031F9AE3
:109A40009B4473689A4206DAC146D4F82CC0CC45D0
:109A5000B8D8013781E79DF8D131DDF870E003F027
:109A60001F01DDF874C01E985B07CDF880E0CDF8CB
:109A700084C00691CDE922020AD5636909990B4495
:109A80007345BFBF739B03EBD373AEEB63032093AC
:109A9000069B99070AD5A36908990B446345BFBF84
:109AA000739B03EBD373ACEB63032193069B1B0700
:109AB0000ED5E3690A995B1A013B834208DD739B6B
:109AC00003EBD37C03F0010303EB6C030344229309
:109AD000069BD9070ED5236A0D995B1A013B9A4262
:109AE00008DA739B03EBD37103F0010303EB61030B
:109AF00013442393636CBB4247D1236C4B4544D141
:109B0000228D02F0600302F00400A3F120014B4219
:109B10004B4102F0080192074FEA431327D543F067
:109B2000020328BB41BB23857EA894F82A3043F06A
:109B3000080384F82A30F0F7C7FF47A88295F0F7AA
:109B4000DBFB7EAA4FF4A02120464B9506F06CFC6F
:109B500047AA4FF4A021204606F0A4FE0B9B2385C4
:109B600094F82A306FF3C30384F82A3017E010B159
:109B700043F00403D6E729B143F00803D3E700BF5D
:109B80000000F7FF002B40F09680702262A97EA8AB
:109B900016F095FE6C222CA947A816F090FE20AA7C
:109BA0007EA92846CDE98079CDE949790AF0D6FA2F
:109BB000636B059A9B58002B3FF446AF4FF4A021EE
:109BC00020461BF0CAFA4FF4A021069020461BF055
:109BD000CBFA4FF4A0210F9020461BF0CCFA1122B3
:109BE00081464FF4A021204608F06AFC069A1C9B8F
:109BF0001AF0020A289013440F9A539924931E9B3B
:109C00000F91A3EB020314BF0122524626931D9B22
:109C100011924B44059A25931F9BA3EB000324A8A4
:109C200027931EBF9DF8773143F008038DF87731F5
:109C3000636B9B5803F10809369B0693549B109362
:109C400015F0B8F8119A0F99109B00914946CDE98B
:109C50000102069A12A816F09BFDBAF1000F0BD173
:109C60000E9B1D9A1A44139B03EBD3735B105B424C
:109C7000D118D21A259127920DF1A00A1CAA3146BB
:109C8000504614F039FD00283FF4DEAE05F1180906
:109C90009AE80F0089E80F00059A47A9636B2846E8
:109CA0009B5824AA08334E930AF081F914AB0FCBCA
:109CB00089E80F00C8E6202335E700BFF0B59A48D1
:109CC00085B00E4607F030F8012819D1304615F05E
:109CD000D0FB0546304615F0C8FB322D044604D1B2
:109CE00005B0BDE8F0401BF0C0BB132D00F017819C
:109CF0001ED80B2D00F0938004D8013D012D3AD9D8
:109D000005B0F0BD112DFBD1304615F0B6FB4FF676
:109D1000FF730768D4E91001984202D0994240F0DD
:109D2000A58000232046C4E910331BF066FBF5E054
:109D30001D2D00F0E180342DE2D1304615F09DFB61
:109D40000022E16A13468B4209D10023256B194694
:109D5000A9420AD1013A013B02604360D0E7E56BBA
:109D600055F8235001332A44EDE7A66B56F82160DD
:109D700001313344ECE7F3F7A1FA13F09AFC00F059
:109D8000FD000128BCD1F3F799FA02A913F0A4FC55
:109D9000029D204607F01CFE272205440021204694
:109DA00008F08EFB0190C0B2012826D1E66900219F
:109DB00020461BF0D9F9361A751B0026E26A334695
:109DC000B24222D10027039D204607F006FEA36978
:109DD000054400212046ED1A1BF0CDF90023216B2C
:109DE0002D1A1A4699428BD0A06B50F823000244DA
:109DF0009542C0F287800133F4E763690021204671
:109E0000ED1A1BF0AAF92D1AD7E7E16B51F82610CD
:109E10000B44AB4201DC0136D2E70127D3E707F060
:109E20009EFBF3F74BFA13F074FC216C4FF6FF73B3
:109E3000024699420DD1F3F741FA13F03AFC00F0D3
:109E4000FD0001287FF45CAF4FF6FF73C4E91033C7
:109E500056E7616C9942EED00028ECD123212046D0
:109E6000ECF758FD01287FF44BAFE4E7E66A256B79
:109E7000B042B4BF02460022A942B4BF0B46002341
:109E8000142F24D1013A96422EDC6A1E9A42C6BF94
:109E90000133002206F1FF329D42D4BF05F1FF33AA
:109EA00023EAE373904202D199423FF429AF20465E
:109EB000C4E9102307F053FB20461BF09EFA002252
:109EC0002321204605B0BDE8F040ECF723BD132F59
:109ED00001D10132D7E7112F01D1013BD3E7122F76
:109EE0007FF40EAF0133CEE7002AD5DA13B1721E2C
:109EF000013BD1E71A46CFE7304605B0BDE8F04058
:109F0000FFF7AEBC002F3FF4FBAE226CB24203D190
:109F1000626C9A423FF4F4AEC4E91063204605B087
:109F2000BDE8F04007F01BBB188A03084B1E2DE963
:109F3000F04104460F46072B4ED8DFE803F02A4BCA
:109F40004D044D4D4D280121204613F026FF20469B
:109F50001BF0FAFA054620461BF0F3FA064636498E
:109F600007F087F80121304613F03BFF0021284617
:109F700013F013FF0021304613F00FFF032130468A
:109F800007F0EDFC0021304607F0F6FC2AE009213D
:109F9000DAE70021204613F000FF20461BF0D4FA38
:109FA000054620461BF0CDFA0646234907F078F80F
:109FB0000121304613F015FF0121284613F0EDFE74
:109FC0000121304613F0E9FE0021304607F0C7FCBE
:109FD0000321D8E70821DDE71BF0B6FA0546204645
:109FE0001BF0AFFA94F8303013F00C0F14BF0122BD
:109FF000002217F00C0814BF012300239A4212D04C
:10A000002046EEF7EBF8EFF777F906466420B8F153
:10A01000000F0CD006EBD676F6F73AFE014672102A
:10A02000284607F054F884F83070BDE8F081F6F760
:10A030002FFE31460246F3E764000020F8B5194AC6
:10A040000D460026184F284681F83060114607F06B
:10A050003EF82846ECF7F4FB2846ECF7F1FB044603
:10A06000314613F09AFE334639463322204606F035
:10A0700071FE33460E223946204606F06BFE31460D
:10A08000204607F047FC28460421FFF74FFF2046F3
:10A09000802106F04EF820464FF48061BDE8F8407C
:10A0A00005F0F9BD640000204F55030808B51BF00A
:10A0B0004BFA0249BDE8084008F0CABFAC8103086A
:10A0C0002DE9F3470646C1620D4691461BF039FA69
:10A0D000044630461BF038FA80463046FFF7E6FF6C
:10A0E00085422FD274B33046EDF7BEF896F83010A3
:10A0F00011F00C0129D015220021204608F0E0F9CA
:10A1000082460190204607F065F800212722074685
:10A11000304608F0D5F95744C3B201902046012BD0
:10A120000DBF69424A4605FB07F14A4608BF79431D
:10A13000EDF770FC0024134E124A0021404608F04F
:10A140005FFF90B902B0BDE8F0871422204608F006
:10A15000B7F906460190204607F04CF881194A46A7
:10A1600020466943EDF76AFCE4E7631B01340121F3
:10A170005A425A4105F0DEFD32462146404608F07B
:10A180003FFFDEE7AC81030838B50B480C4606F00C
:10A19000CBFD01280ED1204615F06BF9054620466F
:10A1A00015F063F9312D05D10022C16ABDE83840B0
:10A1B000FFF786BF38BD00BF3C8A030830B599B0B1
:10A1C00067224FF4C021054608F07AF90446009052
:10A1D00058B918492846F6F7D7FB95F8643043F08C
:10A1E000010385F8643019B030BD6846F6F7B2FB5C
:10A1F0002946684614F0C9F968460E4914F0C7F9B3
:10A200002146684614F0C5F92146684614F0D4F991
:10A2100000226846012114F0C1F96846064914F08D
:10A22000C3F968464FF0FF3114F0CAF96846F6F7F3
:10A23000DDFCD8E7335603085FE502082DE9F04F4F
:10A24000044689B01BF017FA5C22002180462046A4
:10A2500008F036F904900746E06AD4F84CB019F0DB
:10A26000FFF8674B814659461B689847654B0021AC
:10A2700006461B68009309EB000318460193009BF8
:10A2800098478246404613F0E2F9BAF10D0F01906B
:10A2900000F2B18042F2014222FA0AF212F0010FFA
:10A2A0000CBF514620210022404613F09DF959462B
:10A2B00002AA0546E06AFCF78FFDD4F82CB0584698
:10A2C00019F0CEF800210246584608F02AFAE36A4F
:10A2D000029A59690A44D9692A448A422ADD94F8C3
:10A2E00070B01BF0080B25D1032823D0019B039AE3
:10A2F0001F44CDF808B03A440392BAF1000F7CD065
:10A30000414B09EB06001B68984706445946009BE1
:10A3100009EB060098470D28014606D842F2014392
:10A32000C34013F0010F18BF20210022404613F054
:10A330005BF90546266630224FF4C021204608F01E
:10A34000BFF88246049010224FF4C021204608F046
:10A35000B7F8112200EB0A0604904FF4C021204602
:10A3600008F0AEF8122200EB0A0804904FF4C02166
:10A37000204608F0A5F8132200EB0A0704904FF4DA
:10A38000C021204608F09CF8039B049050449E1B7B
:10A390009844019B029A9844E36AD71B1044596978
:10A3A00008F1FF38226D0544A06D0A44013D0844C0
:10A3B00004A904929A69636D06902046D318059308
:10A3C000E36D1A44079207F09FF8E36A04A9204658
:10A3D000C4E91476C4E916585A6917441544049719
:10A3E0009B6906951E4443440596079307F08CF835
:10A3F00009B0BDE8F08F514655E7202195E700BF31
:10A40000508103085881030860810308F7B5C36CC5
:10A4100004460E468B4265D0C06A19F021F8324BD3
:10A420001B689847002E0546B8BF3618B04204DBBB
:10A4300047F6FF739E4218BF35462046E564ECF7A9
:10A4400013FF20461BF017F9064629466A46E06AC4
:10A45000FCF7C2FC304613F0FAF8019E0546204690
:10A4600007F0C0FA864204DA012201992046EDF78E
:10A47000E5FA204606F0BEFE019B07462046EE1890
:10A4800007F0B0FA331ABB4206DD019901222046DB
:10A49000C91B2944EDF7D2FA009E2046EDF75EF97C
:10A4A000864204DA012200992046EDF7B3FA2046ED
:10A4B00006F090FE009B07462046EE18EDF74EF999
:10A4C000331ABB4206DD009901222046C91B2944EC
:10A4D000EDF7A0FA009B2046A364FFF76FFE20462D
:10A4E000FFF7ACFE03B0F0BD4881030840F2DC5337
:10A4F000084670B54B64012300250C46CB6491F8E7
:10A5000064308D6423F0030343F0030381F8643067
:10A5100091F8703023F00E03C1E90D5581F87030C9
:10A52000C1E90F55C1E90B55FCF74AFC0646E0624C
:10A530006420F6F7ADFB01463046134E06F099FD58
:10A54000E06A124918F08EFF2B4631463222E06A4B
:10A5500006F000FC2B4631223146E06A06F0FAFB99
:10A5600020464FF4806105F0E4FD20464FF4006181
:10A5700005F091FB20462946FFF748FF2046BDE83D
:10A580007040FFF71BBE00BF875603083B920308CD
:10A5900010B5846B88B064B91BF06DF8234642F2A5
:10A5A0002202694612F0D2FF034C044B002808BF78
:10A5B0001C46204608B010BD6623040875990308A0
:10A5C0002DE9F84F90F8703004465B0735D5C06A26
:10A5D00018F046FF1A4B1B689847064668B320469A
:10A5E0004FF00008FFF7D4FF814616F06EF900FB2C
:10A5F00006FA07460AF10100F6F77AFF0546834698
:10A6000008F1010858463A46494616F058F94645B9
:10A61000BB44F5D10023294605F80A30E06A18F05A
:10A6200021FF2846F6F77EFF20460649F6F7ACF9EB
:10A630002046BDE8F84FFFF701BEBDE8F88F00BF28
:10A64000488103080756030810B5436C98B00446C8
:10A6500023B918B0BDE81040FFF7B2BF6846F6F75F
:10A6600079F92146684613F090FF68460C4913F0CB
:10A670008EFF616C684613F08CFF01226846002152
:10A6800013F08CFF6846074913F08EFF06496846B1
:10A6900013F08EFF6846F6F7A9FA18B010BD00BF98
:10A6A000075603085FE502084F570308F7B590F80F
:10A6B000703004460D465A0701D5FFF781FFE36B62
:10A6C0000BB9236C9BB100232A4E2B4F0193019BA6
:10A6D000EB5C0BB903B0F0BD01A93368284698477D
:10A6E0003B6898470146204600F068F8EFE72946A6
:10A6F000204600F045F80128ECD1D4E90B0333B132
:10A7000018F0AEFE037813B9204606F028FF2A465B
:10A71000E16CE06AFDF732F920461BF020F894F86E
:10A7200070305B0715D5606B16F0CFF806462846EB
:10A7300016F0CBF83118606B0131F6F7FDFE60635F
:10A740000028C7D02A46E16C15F07AFF2046FFF7B3
:10A750007BFF0A4B2846E66C1B6898478119204608
:10A76000FFF754FE00222321204603B0BDE8F0404D
:10A77000ECF7D0B8588103085C81030848810308CE
:10A7800070B500230C4E0A460C4624210546336062
:10A79000ECF7C0F8306808B9012070BD037843B108
:10A7A000214616F098F80028F6D031682846FFF7C1
:10A7B0007DFF0020F1E700BF049300247FB590F8EF
:10A7C00070300446180703D50A2926D00D2924D055
:10A7D000002502910091204602A90395FFF7D0FFC2
:10A7E00001281AD12F4B294668461E68B047236CB2
:10A7F000054643B120461AF09FFF2B4B1B68984734
:10A80000236C984209D2E36B6BB11B785BB10023D8
:10A810000193E06B019BC35C0BB904B070BD01A94F
:10A82000B0478542F5D194F870305A0702D52046DA
:10A83000FFF7C6FED4E90B0333B118F011FE03781D
:10A8400013B9204606F08BFE02AAE16CE06AFDF720
:10A8500095F820461AF083FF94F870305B0715D501
:10A86000606B16F032F8054602A816F02EF829188B
:10A87000606B0131F6F760FE60630028CDD002AA5C
:10A88000E16C15F0DDFE2046FFF7DEFEE16C2046B0
:10A890000131FFF7BBFD002223212046ECF73AF8F7
:10A8A000BBE700BF5881030848810308F7B5044699
:10A8B0000D461AF054FFE36B13B9236C002B43D001
:10A8C0002749E06A18F0CEFD47F6FF712046254E75
:10A8D000FFF79CFD94F87030234F13F0040F4FF0F6
:10A8E00000031CBF626B13700193019BEB5C03BB05
:10A8F000236B3BB1E06A18F0B3FD037813B920462F
:10A9000006F02DFE94F870305B070AD5606BF6F701
:10A9100009FE284615F0E1FF6063F8B12046FFF715
:10A920004FFE00222321204603B0BDE8F040EBF7A4
:10A93000F1BF01A93368284698473B68984701460C
:10A940002046FFF73BFFD0E72946E06A18F08AFD72
:10A9500047F6FF712046FFF759FDC9E703B0F0BD88
:10A960003B920308588103085C8103082DE9F047F6
:10A97000B048BEB00D4606F0D7F9012840F0AF80D0
:10A98000284614F076FD0646284614F06EFD132E78
:10A99000044604D13EB0BDE8F047FFF70FBC1D2EC2
:10A9A00000F0BE8100F29E80112E00F0238100F2A3
:10A9B0009680032E00F29080002E00F09080F2F737
:10A9C0007DFC0646002800F08A80284614F04DFDE4
:10A9D00090F8643004469F0740F18180304612F0C1
:10A9E00068FE02287BD0304612F063FE042876D041
:10A9F00022A9E06A06F0A6FB01A9304612F06CFE1F
:10AA000003A9304612F08FFE019A002A67DB029BF1
:10AA1000002B64DB22992846521A0792239A9B1A2C
:10AA2000089314F026FD0646E06A06F0CDFB079B6E
:10AA3000E56A002BC0F23E81984240F33E8101223C
:10AA400007A92846FCF77CFA07A90746E06A18F030
:10AA500080FD80F00103DBB294F87020900702F0D3
:10AA6000010140F14281002940F02B81002B40F090
:10AA70003F81012E33D14FF6FF7342F001024FF4B4
:10AA800040712046A766E36684F8702005F003F95C
:10AA900039462046FFF7BAFC94F87030D9071ED526
:10AAA000696CD4E91A32934240F226818A4202D17B
:10AAB000A96C8B4205D06A64A36E2046AB6406F095
:10AAC0004EFD26F00806032E09D194F870306FF37E
:10AAD000000384F8703002E00B2E3FF470AF3EB0FC
:10AAE000BDE8F087202EFAD1284614F0BEFC0446BB
:10AAF000284606F040F90546E06A18F0B1FC94F8E3
:10AB000064308046DB07EAD522A84FF0000AEFF751
:10AB1000DBFF22AA4FF4C0212046269505F084FCD5
:10AB2000E06A236D4269E66D1344D4E91517039377
:10AB300083693A44284619443344059203AA049190
:10AB400022A9069309F00AFB30224FF4C0212046C7
:10AB500007F0B6FC074612224FF4C02107902046AA
:10AB600007F0AEFC102200EB07094FF4C02107905C
:10AB7000204607F0A5FC07900744CDE901AA236E03
:10AB800008EB03062C4B0DF104081B683046984770
:10AB900031460246404615F092FE039B582251462C
:10ABA0004B440393049B3B440493E06A07F088FC06
:10ABB000C0F307430790ADF8000007A88DF80230F6
:10ABC000EFF79AFB07AA4FF4C02120460B9505F03A
:10ABD00069FE9DF8A830022B40F20B819DF8783079
:10ABE00003AA07A9284643F00103CDF838808DF861
:10ABF0007830FBE0284614F040FC0168132905D1A9
:10AC000020463EB0BDE8F0471AF01DBE142915D805
:10AC1000012915D98B1E122B12D8DFE803F0353C21
:10AC20001111111129113F1111111111111D2311B0
:10AC3000170000BF608A0308608103087F291DD0C8
:10AC400020463EB0BDE8F047FFF7B8BD20463EB015
:10AC5000BDE8F0471AF0FBBD20463EB0BDE8F04726
:10AC60001AF027BE20463EB0BDE8F0471AF0F5BD09
:10AC700020463EB0BDE8F0471AF08DBD20463EB0FC
:10AC8000BDE8F0471AF0D0BD002120463EB0BDE837
:10AC9000F047FFF7BBBB47F6FF71F6E794F870305B
:10ACA0001B07CDD50022262120463EB0BDE8F04747
:10ACB000EBF730BE01230027CEE6012347F6FF77EE
:10ACC000CAE6022E0FD0032E02D00B2E7FF4E0AE88
:10ACD00020464FF4407105F02CFA94F87030D807F4
:10ACE0007FF5FDAED4E6E766D2E600297FF4D0AE6C
:10ACF000012E7FF4F4AECBE608D28B4203D1A96CCF
:10AD00008A423FF4DEAE6B64E36ED6E64FF6FF7325
:10AD1000994203D1AA6C9A423FF4D3AE6B64CCE65D
:10AD2000284614F0A2FB0446284606F024F80746FD
:10AD3000E06A18F095FB0378002B7FF4D0AE236B0C
:10AD4000002B3FF4CCAE1B78002B3FF4C8AE22A8FA
:10AD5000EFF7D2FA22AA4FF400212046269705F0F9
:10AD6000A1FD94F87030002120461A074FF012021E
:10AD700042BF9DF8E33043F008038DF8E33007F05D
:10AD80009FFB1322054600210790204607F098FB01
:10AD90001022814600210790204607F091FB1122E6
:10ADA000064600210790204607F08AFB30228046A5
:10ADB00000210790204607F083FB034607901D44BF
:10ADC000216AD4F814C099441E4443446544C91A06
:10ADD000D4E906020A9122A9A2EB090206440795CA
:10ADE0003846099207AA0896236B299309F0DFF8E1
:10ADF00075E60099129814F0BEF800283FF4EEAE04
:10AE00006DE600BF10B50D4A0C461146204606F00F
:10AE10005EF900230E220A49204605F09BFF2046DA
:10AE2000802105F086F92046032106F098FD204692
:10AE30000321BDE8104006F09FBD00BF6400002064
:10AE40000159030810B5054A0C461146204606F084
:10AE50003EF92046BDE81040ECF706BA6400002039
:10AE600070B508460C4608F0B9F8064606F0ACF98D
:10AE700005463046194E06F0AAF9294602462046F4
:10AE800006F025F90121204612F087FF2046EBF756
:10AE9000D7FC05462046EDF7A1F9EEF72DFA31462D
:10AEA00000EBD0704210284606F011F92846002128
:10AEB00012F073FF0223002128461A4612F079FF90
:10AEC0002046EBF7BDFC0446012112F08AFF314613
:10AED0002046BDE8704006F0CCB800BF64000020FA
:10AEE0002DE9F341234C20461AF0C6FE002838D045
:10AEF000F5F7AAFB2048F8F781FEDFF88080204BA9
:10AF00002046204EC8F800301F4B204D3360204FA4
:10AF10002946204B41F8044B3B60A3681E4C1B6A3A
:10AF20009847E988A888EEF7BDF82060E0B1294687
:10AF3000EEF7A0FA206800F071F8C0B900903A6806
:10AF4000D8F800303168206808F0CAFB0221206878
:10AF5000EEF7ECF900F038FA00EAE07002B0BDE874
:10AF6000F0816FF01200F9E76FF00B00F6E76FF079
:10AF70008500F3E768660308B159030810930024BD
:10AF8000007017000C930024007017D01493002455
:10AF900008930024000000D02C93002470B5124EBA
:10AFA00088B0124D4FF0FF3202A94FF0FF33304608
:10AFB00000F01EFC0298EEF767FA0446029808F0CB
:10AFC000E8FB80F00100079A8DF81A002068BDF8B0
:10AFD0000C1083680092BDF80E209C6804ABA0475B
:10AFE000284600F067FCDDE7C0040024600500246B
:10AFF00010B500220023074800F090FC40B94FF044
:10B00000FF324FF0FF330448BDE8104000F086BC2B
:10B0100010BD00BF700500246005002438B504464B
:10B02000EEF732FA05462B492046EEF791F92B7CD4
:10B03000102B35D00BD8013BDAB2072A0DD8072BDD
:10B040000BD8DFE803F0273B0A3B0A0A0A17402B1C
:10B050002CD0802B30D0202B22D000212046EEF7A0
:10B060006FF9204623463522002108F09CFB6FF043
:10B0700085000EE010212046EEF7AEF91649204675
:10B08000EEF75EF9234635220021184608F08BFBC7
:10B09000002038BD0F212046EEF79EF90F49EEE75C
:10B0A00012212046EEF798F90D49E8E706212046DF
:10B0B000EEF792F90B49E2E71521F2E70721204666
:10B0C000EEF78AF908492046EEF73AF92346352289
:10B0D0000649DAE7F1AF0108D95A0308955A03087F
:10B0E000535A0308135A030825B10108C559030828
:10B0F00010B50446084800F037FC4FF0FF324FF01F
:10B10000FF33214605481AF0FDFD054800F0D2FB4B
:10B11000BDE8104000F0EEBF60050024C00400242C
:10B12000700500242DE9F04F8C6890460B6891B0B3
:10B1300001344A680E460690E41ACB6808F1080804
:10B140000133A4B29B1A1FFA83FBEEF79DF9C36883
:10B150000546076803F004030698039308F019FBFB
:10B160005B4B297CD3F8009004395A4B0290484637
:10B170001B6818BF4FF0FF311A46C9B205931AF089
:10B18000DEFF4FF0000CE64661468B4555D94FEA8D
:10B19000DE030CF1FF3000220793CB08089004FB7C
:10B1A0000393099301F007030A93CB4303F00703CA
:10B1B0000B932FE00EEB02030898DB08801A18F8B7
:10B1C000033000F007000341DB0722D5EB68D80706
:10B1D00003F0020A25D5099BBAF1000F03EB020028
:10B1E000DDE90A3A18BF534690F800A0CDF810A048
:10B1F0004FF0010A0AFA03F35FFA83FA2B7C042B5F
:10B20000049B0BBF43EA0A0323EA0A0A037080F88F
:10B2100000A001329442CDD80131A644ACEB040C1D
:10B22000B3E7079B03EBD200D3B24844BAF1000F57
:10B2300000D0DB4303F00703D6E7059B49464046B1
:10B24000A3F108021AF053FF039B53B12B7D43B9BE
:10B25000029B33B9BB681B680BB138469847012382
:10B260002B750BFB04F33846ADF83C40DB08ADF81A
:10B270003840ADF83AB00D93029B83F001038DF88E
:10B280003E30BB68CDF800809C680DABB288318839
:10B29000A047EB681B0708D5BB683846CDF800808F
:10B2A0009C680DABB2883188A047039B53B1029BC9
:10B2B00043B12B7D33B1BB685B680BB1384698470F
:10B2C00000232B75069808F061FA11B0BDE8F08FE5
:10B2D000349300243093002410B50146EFF3118419
:10B2E000102383F31288BFF36F8F044801F0F6FF39
:10B2F00084F31188BFF36F8F10BD00BF3893002413
:10B3000010B50A46EFF31184102383F31288BFF3BC
:10B310006F8F0146034802F01DF884F31188BFF3D4
:10B320006F8F10BD38930024014610B5EFF31184E0
:10B33000102383F31288BFF36F8F044801F0ABFF33
:10B3400084F31188BFF36F8F10BD00BF38930024C2
:10B350004FF400420149024802F02AB8A80C002428
:10B360003893002470B50D6906460C4615B96FF088
:10B37000150070BDF1F768FF28600028F7D031464E
:10B3800012F08AF90F49286812F08DF921462868D1
:10B3900012F08CF963685E685EB10020EDF772FF11
:10B3A000044620B1EEF770F803689E4204D00024F2
:10B3B00002E0EDF761FF04462868214612F086F9A5
:10B3C0000020D6E71B5B030801481AF041BC00BF10
:10B3D000E866030810B50446E6F720FD034801219E
:10B3E000034A02F0CAFB20461AF051FC9C6D030888
:10B3F000B02304082DE9F843044600AF0D46EFF3EF
:10B400001188102383F31288BFF36F8F0428294A11
:10B41000E9468AB098BF284B9668117C6A4694BF6B
:10B4200053F82030254BC2E9073140F2013324485C
:10B430009384244BC2E9050442F8103F00234FF4E3
:10B4400031512148E6F7BAFDCD4645B1EB69C3F36A
:10B45000080323B11D4A01211B4802F08EFB2EB1C7
:10B4600030461AF0E2FC08B1037803B91848E946FF
:10B470008AB06A46174BD061C2E9053640F2013303
:10B480001384154B42F8103F00234FF411510E481E
:10B49000E6F794FD29462046CD46FFF79BFF88F34B
:10B4A0001188BFF36F8F3046E7F710FDBD46BDE84A
:10B4B000F88300BFB8930024FC8A0308BF23040864
:10B4C000D5230408050000019C6D0308FD23040832
:10B4D000CD2304081E2404080400000138B50A4BDB
:10B4E00053F82040013053F82050A54200D838BD11
:10B4F000606830B1037FDB0701D41AF0D0FB083459
:10B50000F3E723689847FAE7108B03082A4B0122D8
:10B51000032070B5294C86B0294D1A70FFF7DEFF65
:10B5200001F0E2F90420FFF7D9FF26463034AE429D
:10B5300010D3224C00F08EFD224EAC4226D300F0F8
:10B540009DFDE5F7CFFB204A137B23F00103137326
:10B5500006B070BD54F80C3C059354F8103C0493AD
:10B5600054F8143C039354F8183C029354F81C3CD0
:10B57000019354F8203C009354E90A2354E90C0148
:10B5800000F0BCFB54F8303C5E65CEE7D4E90A23FA
:10B59000B3F1FF3F08BFB2F1FF3F05D052EA03010C
:10B5A000206803D100F026FE3034C6E7314618305B
:10B5B00000F0CCFFF8E700BFF9930024B86B030854
:10B5C000186C03081D5F0308288D00240348002120
:10B5D000034A08B5121A1AF079FB08BD9005002439
:10B5E000FC93002470B5002386B00122144E019311
:10B5F0000446144D06EBC0161349CDE904230F226F
:10B60000CDE9023214234FF4A07203FB00554FF42E
:10B61000C0700E4B00FB04113046009500F06EFB2D
:10B62000737B0B4A23F00403EE602C7473734FF4A6
:10B63000046304FB033313446B6006B070BD00BFAA
:10B64000A88C0024B893002480B80024D55C03089B
:10B6500040B00024BFB50020FFF740FF284B83F324
:10B660000888284D0024F023274F85F82230EC77F6
:10B670002C766C76AC7685F820406B6A43F4E02338
:10B680006B62E7F7F3FBE7F713FD4FF0FF33AB62B5
:10B69000EB62E7F747FE1D4DE7F78EFDE6F720FB6F
:10B6A0001B4800F0A5FB1AF0E6FAE6F7C3F9012003
:10B6B000FFF714FF0220FFF711FF00F013FD154BF9
:10B6C00015494FF480525D612846144B0094059350
:10B6D0000123CDE90144CDE903433B4600F00EFBD5
:10B6E0006A7B0646284622F004026A731AF0D9FBE8
:10B6F0002046FFF777FF3A4631462846E7F7BAFC7F
:10B7000080B8002400ED00E00DB50108288D00246C
:10B71000488E0024B893002400BA00247B910308CB
:10B720002DE9F34104460E469DF8200004F1080877
:10B73000EFF31187102181F31288BFF36F8F256A11
:10B74000E1688D4241D22568AC4219D0C5B1284686
:10B750001AF0CBFA05F118001AF06BFCA26800246D
:10B76000314628691AF0C3FC2846AC671AF099FBE9
:10B770004046394600F048FC204602B0BDE8F08162
:10B78000A268A8B13146E0691AF0B1FCE369A26889
:10B79000134462699342E36101D12369E361236A3F
:10B7A00000200133236287F31188BFF36F8FE4E732
:10B7B000A16923699942314604BF6369A361A06905
:10B7C000801AA0611AF093FCE9E752EA03010AD05B
:10B7D0000649404689680E613946CDE90023224674
:10B7E00000F0F0FBC9E76FF02200DCE7B89300241B
:10B7F000F7B50446084604F10807EFF31186102157
:10B8000081F31288BFF36F8F216A002939D0A268B3
:10B81000A1691AF06CFCA369A268256813446269E7
:10B820009342A36104BF2369A361AC42236A03F17D
:10B83000FF33236233D02846002D31D01AF055FA59
:10B8400005F118001AF0F5FBA2682969E0691AF001
:10B850004EFCE369A2682846134462699342E3619F
:10B8600004BF2369E361236A013323620024AC67C8
:10B870001AF017FB3846314600F0C6FB204603B0ED
:10B88000F0BD52EA030110D00949896808613146C8
:10B890003846CDE90023224600F094FBEFE7002074
:10B8A00086F31188BFF36F8FE9E76FF02200F7E7A7
:10B8B000B893002470B5EFF31186102383F3128838
:10B8C000BFF36F8F0468A0421AD0CCB1002504F1F9
:10B8D0001800D4E9003213605A60637BA56023F03E
:10B8E0000203C4E9005563731AF0A3FB2046A56761
:10B8F0001AF0D7FA31460848BDE8704000F084BB22
:10B90000D0E902329A4218BF0133836086F311886E
:10B91000BFF36F8F70BD00BFFA93002413B5EFF330
:10B920001181102484F31288BFF36F8F846844B1AF
:10B93000013C846081F31188BFF36F8F002002B057
:10B9400010BD52EA030406D181F31188BFF36F8F53
:10B950006FF00F00F3E7CDE900230246014800F045
:10B9600031FBECE7FA9300242DE9F0410546EFF3B3
:10B970001187102383F31288BFF36F8F00236FF0BA
:10B980000A081E462C68A54216D0ACB104F1180076
:10B99000D4E9003213605A60637BA66023F002038F
:10B9A000C4E9006663731AF044FB2046C4F878804B
:10B9B0001AF077FA0123E5E70022AA602BB1394695
:10B9C0000548BDE8F04100F01FBB87F31188BFF3C5
:10B9D0006F8FBDE8F08100BFFA930024074B07B5D5
:10B9E0004FF40062009306494FF0FF33054800F022
:10B9F00011F9002003B05DF804FB00BF288B030899
:10BA000040CA0024A88D00242DE9FF4104461027D8
:10BA10004E4EEFF3118887F31288BFF36F8FD4F87F
:10BA20008450F5B9022104F19C001AF07EF9002837
:10BA300068D004F194050022012128461AF0C0FACA
:10BA40000028F8D100234FF0FF32414640480293CE
:10BA50004FF0FF33CDE9002304F18C0200F094FC99
:10BA6000D7E7D4F888202B689542C4F8843008BF03
:10BA7000C4F88830D4F89C3043F00203C4F89C30FA
:10BA8000EB6823F0040343F00103EB606B6888F379
:10BA90001188BFF36F8F28469847EFF3118887F31B
:10BAA0001288BFF36F8FEB68D80623F0010236D4FB
:10BAB000EA60EB689A0716D523F002033068EB6062
:10BAC00088B10368002170B14268954235D103689E
:10BAD00069BB72683360824200D17360002340F812
:10BAE000083BFFF7E7FED4F89C3023F00203C4F8CC
:10BAF0009C3088F31188BFF36F8FDB0589D400F089
:10BB0000F9FA86E7D4F89C30D9069BD5C4F89C0096
:10BB100088F31188BFF36F8F04B0BDE8F08123F084
:10BB20001103EB6005F11000FFF7C4FEC1E70B60E5
:10BB30007368834208BF7160D0E723B11A68014679
:10BB400018461346BFE71A46F9E700BFD89300240A
:10BB5000FA930024F8B5C36804460F469A07C3F366
:10BB600040062DD45B071BD40B680BB983680B60B0
:10BB7000E368DD0745BFA368022601263B603D68F8
:10BB8000002D3CD01F4B9A68D5F880309A420AD0DD
:10BB9000D5F89C30D807C3F3800214D46FF0120696
:10BBA00000233B6025E01AF037F9D5F89C300028D7
:10BBB000F0D1D907C3F3C002F0D552B15B0708D466
:10BBC0006FF00F06ECE7002AFAD1C3F3C003002B95
:10BBD000F6D100232360D5F8883063B9C5E9214444
:10BBE00028461AF0BCF8E36843F00403E3603B68BE
:10BBF000A3603046F8BD1C60C5F88840F0E76FF0E0
:10BC00001506CDE7B8930024014601481AF0E8B8BC
:10BC1000A88D0024F0B50446002089B0C4E92100B5
:10BC200004F18C000E9DC4E9230004F19400C4E9E2
:10BC3000250055B32879002840F2011008BF0120E3
:10BC4000C4F89C0000204FF0FF364FF0FF370094FF
:10BC5000CDE90330CDE901000D4B2046CDE9066763
:10BC600000F09AF855B1296811B120461AF0DAF8B7
:10BC70006B791BB1237B43F001032373204600F053
:10BC8000B9FAC4F8804009B0F0BD0120D8E700BF80
:10BC900009BA0108F7B50C4616461D460190EFF3A8
:10BCA0001187102383F31288BFF36F8F08461AF0B1
:10BCB00047F855EA060309D101A92046FFF74AFFD4
:10BCC00087F31188BFF36F8F03B0F0BDE36832468E
:10BCD000064904F1100043F00803E360019BA362EE
:10BCE0002B4600F033FC0120EAE700BF6D5D03083E
:10BCF00001460148FFF7CEBFA88D002407322DE989
:10BD0000F04322F0070285B00E461F46109900F15D
:10BD100058037F3204460173042122F03F0206F1EA
:10BD2000400941733F2AA2F14008C0E916334FF0A1
:10BD3000000383600F98E373A073C4E9063305D84A
:10BD400083F31188BFF36F8F084602DFB5182046D2
:10BD50002946E6F733FE07300E9B314620F00700F8
:10BD6000C4E91898A0662D1A029320460D9B2A4616
:10BD700001930C9B00933B46E7F750F90023636562
:10BD8000044B9B6803B1DB6E2846E36605B0BDE853
:10BD9000F08300BFB8930024F0B5002587B00446B7
:10BDA0000595109D04950F9D03950E9D02950D9D83
:10BDB00001950C9DDDE912760095FFF79FFFB6F126
:10BDC000FF3F08BFB7F1FF3F05D056EA070305D193
:10BDD000204600F00FFA204607B0F0BD3A46334641
:10BDE00004F11800014900F0B1FBF4E71D5F0308FE
:10BDF00040F201138381002310B5C0E918330446D3
:10BE000000F06CFD014B9C6010BD00BFB893002496
:10BE1000094A6FF00A0193689967084958674B68A7
:10BE200043F080534B60002383F31188BFF36F8F7F
:10BE30009368986F704700BFB893002400ED00E04E
:10BE400070B590F90D20437B002A36DBD90634D13A
:10BE50001B4C63F07F0322464373E16952F8183F9D
:10BE6000934207D1C0E900210860E06111E09942E6
:10BE7000F8D01B68002BF5D090F90E5093F90E60A6
:10BE8000B542F4D0AE42F2DD5968C0E90031086035
:10BE90005860A569954200D005B9E568A3685A7B4A
:10BEA000D20604D1DA897F2A01D9AA6932B1AB421C
:10BEB00002D0284600F0A8FA656170BD6361FCE716
:10BEC000B893002438B590F90D200146437B002A31
:10BED00004DA03F07F03437319F0A9FF0D4D2A46DE
:10BEE000AB6852F8184F944200D004B9EC688B420A
:10BEF00007D05A7BD20604D1DA897F2A01D9A269F8
:10BF00002AB1A34202D0204600F07EFA23466B619C
:10BF100038BD00BFB8930024B3F1FF3F08BFB2F1B2
:10BF2000FF3F03D00249183000F010BB704700BF3C
:10BF30001D5F030870B590F90D200146437B002A70
:10BF400004DA03F07F03437319F071FF4B7B1C4C41
:10BF500063F07F0322464B7352F8183FE069934227
:10BF600007D1C1E900200160E16111E09842F8D0F9
:10BF70001B68002BF5D091F90E5093F90E60B54275
:10BF8000F4D0AE42F2DD5868C1E90030016059607A
:10BF9000A569A368954200D005B9E5688B4207D032
:10BFA0005A7BD20604D1DA897F2A01D9AA692AB13B
:10BFB000AB4202D0284600F027FA2B46636170BDE1
:10BFC000B8930024F8B50E4B0C4611460D4A9868FC
:10BFD000DDE906671060EFF31182102282F3128808
:10BFE000BFF36F8F9D68284619F033FF284632460D
:10BFF0003B46FFF791FF2046BDE8F840FFF708BF3A
:10C00000B8930024E093002449B9EFF3058030B9D8
:10C01000054B5A699B689A4201D0FFF7F9BE81F33C
:10C020001188BFF36F8F7047B8930024034648B957
:10C03000EFF3058232B9064A51699268914201D004
:10C04000FFF7E6BE83F31188BFF36F8F704700BF21
:10C05000B8930024EFF31181102383F31288BFF308
:10C060006F8F054B9A68D37B013BD37381F31188A3
:10C07000BFF36F8F704700BFB893002470B5EFF324
:10C080001186102383F31288BFF36F8F144DAB68B2
:10C09000DA7B0132DA732A4652F8184F944200D004
:10C0A00004B9EC685A7BD20604D1DA897F2A01D917
:10C0B000A2692AB1A34202D0204600F0A5F9234686
:10C0C0006B6186F31188BFF36F8FEFF3118010233C
:10C0D00083F31288BFF36F8FBDE87040FFF7A6BFF0
:10C0E000B8930024024B03F11802C3E906227047FB
:10C0F000B893002470B5EFF31186102383F31288F0
:10C10000BFF36F8F1B4CA168E0690B68814214BFBD
:10C110001A46002249680B605960A368E1692AB990
:10C12000154AC3E900210B60E3610CE093F90E00AE
:10C1300092F90E50A84218D0854216DD5168C3E925
:10C1400000210B605360A5690B4B9D4200D005B9DF
:10C15000E568A3689D4202D0284600F055F93046B4
:10C160006561BDE87040FFF753BE8A42D8D01268BF
:10C17000D5E700BFB8930024D0930024F8B550EA67
:10C18000010306460C4603D1FFF7B4FF0020F8BDBB
:10C19000EFF31187102383F31288BFF36F8F124DD3
:10C1A000124BA8681860FFF78DFEA8682346324638
:10C1B0000F49183000F0CAF9AA6804463846537B84
:10C1C00043F004035373FFF723FEAB68D3E90A235C
:10C1D000B3F1004F08BF002AD8D119F052FF201A3E
:10C1E00020EAE070D3E700BFB8930024E093002476
:10C1F0001D5F030838B50446EFF31185102383F360
:10C200001288BFF36F8F437B5B070FD5183019F08F
:10C2100010FF637B204623F004036373FFF710FED7
:10C2200029460548BDE83840FFF7EEBE85F3118882
:10C23000BFF36F8F38BD00BFFA930024014B98689D
:10C24000704700BFB89300242DE9F8430446077BEC
:10C25000EFF31185102383F31288BFF36F8F437BB5
:10C26000190705D585F31188BFF36F8FBDE8F883F3
:10C27000D90943F008025DD14273A36813B1204687
:10C2800019F0DDFD04F1180004F1580819F0D1FE91
:10C29000A66DB04511D04FF0000976B1304619F0C7
:10C2A000CEFD06F1180019F0C4FE3046C6F87890AD
:10C2B000FFF7C6FDA66DB045EFD1DFF8C080D8F816
:10C2C00008309C423ED1EFF30589B9F1000918BF4F
:10C2D0004FF00109D8F81860294A964200D00EB9EB
:10C2E000D8F80C60B34202D0304600F08DF82046FA
:10C2F000C8F8146001F06DFDB9F1000F02D02148BB
:10C30000FFF776FDD8F808309C4231D1EFF3058372
:10C3100073BB227BD20718D42846FFF779FDFB07B1
:10C32000A4D5002383F31188BFF36F8F042318462D
:10C3300002DF9BE703F07F0343F00803437319F028
:10C3400076FD9AE74FF00009C4E785F31188BFF343
:10C350006F8F83F31188BFF36F8F0423184602DFBA
:10C36000EFF31180102383F31288BFF36F8FD4E7AC
:10C3700085F31188BFF36F8FD1E700BFB893002416
:10C38000D0930024488E0024D3B5DDE90667089CCD
:10C39000CDE90067FFF716FE1CB1034B9B681B69D4
:10C3A000236002B0D0BD00BFB8930024044B01222B
:10C3B000C01A044BC0105843034B1A54704700BFB7
:10C3C000C88E0024ABAAAAAAFA930024C3897F2BA3
:10C3D00012D80A4B1B6863B1094B90F90E201B68F9
:10C3E0009A4209DB437BDB0606D1064BC31A18BF12
:10C3F000012303F0010070470023FAE70C04002436
:10C40000E4930024A88C00240E4B70B51E7C0546D6
:10C410000D4C06EB460304EBC304204619F009FE5D
:10C420000A4B002228469A55FFF7D0FF48B1084B27
:10C43000204608491A68013ABDE87040D31700F059
:10C4400085B870BDB8930024C88E0024FA930024E8
:10C450000C040024ADC3010838B5EFF31185102397
:10C4600083F31288BFF36F8F104B114A9C681068DA
:10C47000A04206D1FFF7C8FF85F31188BFF36F8F85
:10C4800038BD00211B7C11600A4AD35C002BF3D01D
:10C490002046FFF79BFF0028EED0637BDB0602D12E
:10C4A0002046FFF747FD2046E4E700BFB89300248D
:10C4B000E0930024FA9300240748084A0849121A16
:10C4C00008B519F005FC0748074A0849121ABDE8E3
:10C4D000084019F0FDBB00BF0000002490050024B7
:10C4E000D82404080000002400000024D8240408F4
:10C4F000024B1868984208BF0020704710040024BF
:10C50000034B1B680BB9E9F7AFBD0020704700BFB4
:10C51000E893002430B570B10B4B5B6898420AD0A9
:10C52000036843B1D3E90421D0E90445121941EB72
:10C530000501C3E90421D0E9003213605A600023E9
:10C54000C0E9003330BD00BF10040024B3F1FF3F49
:10C5500008BFB2F1FF3F2DE9F84F04469946154652
:10C560001F467AD08160EFF31188102383F312887D
:10C57000BFF36F8FB9F1000FDFF8E4A020DBFFF706
:10C58000BFFF0135064649F100092D18DAE90027F9
:10C5900049EBE0734FF00109C4E90453AD1843EBD4
:10C5A0000707FFF7A5FFDFF8BCE00346DEF804A0AD
:10C5B000EBB9C4E900EACAF80040CEF8044028E02C
:10C5C000DAE900126FF001035B1A4FF0FF3161EB03
:10C5D00002025B1B62EB0902012B4FF0000972F1B2
:10C5E0000001BCBF01230022C0E90432D9E7D3E92E
:10C5F000041CD4E904208A4270EB0C0B24DA891A5B
:10C600005A686CEB0000C3E90410C4E900321460FE
:10C610005C60FFF76DFF84420ED1134B1B685BB962
:10C62000B9F1000F02D1FFF76BFF0646304619F053
:10C63000E9FC0021E9F79AFC88F31188BFF36F8FBA
:10C6400028463946BDE8F88F521A60EB0C009A452F
:10C65000C4E90420ADD01B68AAE700252F46EFE708
:10C66000E08E002410040024E89300242DE9F04714
:10C67000EFF31185102383F31288BFF36F8FDFF878
:10C68000A4900026DFF8A0800027C9F80000FFF77B
:10C690002FFFD9F80030D8E900ECD91750B1D0E914
:10C6A0000442A34271EB020A1CDAE41A62EB0102B3
:10C6B000C0E9044213EB0E034FF000044CEB010100
:10C6C0002046C9F80040C8E9003119F09BFC21461A
:10C6D000E9F74CFC85F31188BFF36F8FBDE8F04795
:10C6E000FFF7BABE14EB0E024CEBE473C0E904672B
:10C6F000C8E90023FFF70EFF85F31188BFF36F8FA2
:10C7000083689847EFF31185102383F31288BFF3F2
:10C710006F8FD9F800301B1BC9F80030FFF7E8FE17
:10C72000B7E700BFE8930024E08E002410B5EFF3D4
:10C730001184102383F31288BFF36F8FFFF7E0FE9D
:10C74000054A0346D2E90001181841EBE37184F36E
:10C750001188BFF36F8F10BDE08E0024F8B5054639
:10C76000EFF31187102383F31288BFF36F8F0368F1
:10C7700023B187F31188BFF36F8FF8BDD0E90A4664
:10C78000611C46F10002022972F1000236D3012C2D
:10C7900076F10002BCBF01241E46013C46F1FF3683
:10C7A00019F073FC013041F10001001946EB010161
:10C7B000012871F1000130DB19F067FC01306FF0E6
:10C7C000020341F10001001946EB010183426FF0C1
:10C7D00000438B4126DB19F058FC01306FF0010259
:10C7E00041F10001001946EB0103121A4FF0FF312D
:10C7F00061EB03031C492846FFF7A8FE2B6B0133AE
:10C800002B632B6A93B93C462B4653F8185F9D4225
:10C8100000D0D5B984F31188ADE76FF001024FF075
:10C82000FF33E7E700224FF00043E3E787F3118887
:10C83000BFF36F8F2B6A28469847EFF311841023BC
:10C8400083F31288BFF36F8FDEE7284619F038FBB9
:10C850000023AB6784F31188BFF36F8F2846BDE8D0
:10C86000F84019F01EBB00BF5DC701082DE9F0417B
:10C8700005461C4690461F46EFF31186102383F3AE
:10C880001288BFF36F8FB4F1FF3F08BFB2F1FF3FD3
:10C8900005D186F31188BFF36F8FBDE8F081002CBE
:10C8A00009DB012A74F10003BCBF0122002412F14C
:10C8B000FF3844F1FF37284619F0BBFB00234246FE
:10C8C0002B633B46DDE90601C5E90A01284602491A
:10C8D000FFF73CFEDDE700BF5DC70108014BC36603
:10C8E000704700BFAC040024014800F011BE00BF37
:10C8F0008C24040838B5064C064DAC4201D3002008
:10C9000038BDD4E901122046143419F0E8FBF4E7ED
:10C91000AC040024C00400240CB430B58BB0044631
:10C920000D462022002102A819F009FC02238DF8EF
:10C930000A30002D0C4B0393069412DB01D06B1EC2
:10C940001C440FAA0E99079402A8019200F00EF859
:10C9500015B1069B00221A700BB0BDE8304002B042
:10C9600070470024EDE700BF356203082DE9F04F62
:10C970008DB043680293837815469A07804640F14C
:10C980000D8100240E78002E00F00A81252E0BD098
:10C990004B1C03930134029B4146304698470028C4
:10C9A000C0F2F6800399EDE74E788B1C252E039399
:10C9B000F0D00027B946BB46BBF11F0F38D8A6F10F
:10C9C0002003102B0AD8DFE803F02A0909300909EF
:10C9D000092109090928092D09091F00A6F13003B9
:10C9E000092B33D92A2E37D11BF0400F55F8043BC1
:10C9F00040F08280002BA7BF4BF0200B9946C3F17B
:10CA000000094BF0280B01E04BF0010B039B13F8DE
:10CA1000016B0393002ECFD130E04BF0020B4BF0B3
:10CA2000040BF3E74BF0080BF0E74BF0100BEDE7CE
:10CA3000BBF17F0F19D8A6F13003092BD2D81BF018
:10CA4000400F03D00A2101FB0737DFE70A2101FB72
:10CA500009394BF0200BD9E72E2E06D11BF0400FE1
:10CA600040F09E804BF0400BD0E76C2E31D02BD89D
:10CA7000682E36D06A2E3CD04C2E3AD0002F46F08D
:10CA80002003B8BF2BF04002A3F16501BCBF1FFA21
:10CA900082FB0027022901D9612B2FD1073525F010
:10CAA0000705DFF8ACA2083507271BF0080F66D092
:10CAB0000AEB070B56465E4563D1A4EB0A0A06EB68
:10CAC0000A02A9EB07096FE1742E9FD07A2E9DD040
:10CAD000D4E71BF0800F18BF4BF4007B4BF0800BAA
:10CAE00094E71BF4807F18BF4BF4007B4BF4807BF2
:10CAF0008CE74BF4207B89E71F4687E7A6F16301AB
:10CB0000122900F2F080DFE811F013004F00EE0070
:10CB1000EE00EE00EE004F00EE00EE00EE00EE0044
:10CB2000EE00FE00E900EE00EE001B00EE00AF009C
:10CB300055F8043B8DF8183001270DF1180AB4E7B9
:10CB400055F804AB834BBAF1000F08BF9A461BF0AF
:10CB5000400F14BF39464FF0FF31504619F007FB24
:10CB60000746A2E7029B41462020984700280FDB9A
:10CB7000013EB742F6D34C44A41BB14698E74E465B
:10CB8000F7E716F8010B029B41469847002892DA16
:10CB900098F8023043F0040388F802304FF0FF3475
:10CBA00020460DB0BDE8F08F1BF0800F34D01BF491
:10CBB000007F2CD0073525F00705AA4669685AF88A
:10CBC000080B2BF010050029ADB237DA404261EBBB
:10CBD000410145F480650DF1180B0A235A4619F0FE
:10CBE000D2FAA0EB0B0301936B0662D5019B25F0F3
:10CBF00001019F4289B240F3A180002E00F099808C
:10CC000015F0100240F09C80BB460D4623E0AA467A
:10CC10005AF8040BC117D4E7AA461BF4807F5AF8D0
:10CC2000041B01D10846F5E71BF4007F15BF48B28D
:10CC300008B241F3C01141F3C031C2E750EA010329
:10CC4000C9D11BF0400FC6D0002FC4D12BF0110268
:10CC500095B2BB46019740F2064115EA01021CBF9E
:10CC60000BF1010B00222CE02BF010021FFA82FBCB
:10CC70000A231BF0800C49D01BF400711DBF07353F
:10CC800025F00705AA46AA461ABF5AF8080B696894
:10CC90005AF8040B50EA010545D12BF016051BF09C
:10CCA000400FADB242D0002F40D12BF0170295B209
:10CCB000019715F0100248D0019B002E42D103F1DC
:10CCC000010B29075AD4EB0706D5D9456FDD019929
:10CCD000A9EB0B035F18CB465B4649E04BF0100B0A
:10CCE00010237826C5E7782B04D1C6F1780343F0EA
:10CCF0001003BEE7029B4146252098470028FFF617
:10CD000047AF023447E608230026B2E7AA461BF4E1
:10CD100080715AF8040BBDD01BF400711ABFC0B269
:10CD2000614680B2B6E72BF0060295B20DF1180B02
:10CD300054E725F01105ADB2BB468CE70D46B8E7C8
:10CD40003B460D4603F1020BBBE7DDF804B082E77A
:10CD5000CE240408C7240408CDE904324146029BCE
:10CD6000202098470028FFF613AF049B059A013353
:10CD70009945F1DCA4EB0B01CC189B460AB3029B4E
:10CD80004146302098470028FFF602AF8EB90134A3
:10CD90002744019B391B994224DC1D465DBB019A47
:10CDA000A9EB0B09224455461446914435E0019FF6
:10CDB00092E7023441463046029B98470028E7DA62
:10CDC000E6E640F206410D42E2D015F0020F14BF34
:10CDD0002B20202015F4806F04F10104414618BF78
:10CDE0002D20E9E7029B414630209847002804F1B6
:10CDF0000104CEDACCE606AB013D4146585D029B0C
:10CE000098470028CADAC3E6029B4146202098478B
:10CE1000002804F10104FFF6BBAEA9EB0403002BCC
:10CE2000F2DCBFE5F0B589B004460D461646002198
:10CE3000202268461F4619F082F902238DF802303D
:10CE4000002D0C4B019304940BDB07D13A4631467D
:10CE500068460594FFF78AFD09B0F0BD013D2C44FA
:10CE600005943A4631466846FFF780FD049B002250
:10CE70001A70F1E73562030870470A2180FB01014F
:10CE800019F066B8836800EBC101B3F5004F2CBF01
:10CE900051F8220031F81200704700EBC1018068A0
:10CEA000B0F5004F2CBF41F8223021F81230704706
:10CEB000012208B5FFF7E6FFD04008BD836800EB0C
:10CEC000C101B3F5004F08D34B681AB143F0010319
:10CED0004B60704723F00103FAE74B881AB143F027
:10CEE00001034B80704723F00103FAE7530001224E
:10CEF000FFF7D3BF8368B3F5004F34BF0423082383
:10CF0000C91A081AC0087047B0F5004F01F10100B6
:10CF100034BF042308230833A0EBD300B0FA80F019
:10CF2000C0F11F0070472DE9F0410E46174603225D
:10CF30000446FFF7A7FF8642054607F104080AD119
:10CF40000122E368BA4023EA0203E360002344F8C5
:10CF50002830BDE8F081314602222046FFF792FFDB
:10CF600006462B4601460322204644F82850FFF788
:10CF700094FF3346294620460222BDE8F041FFF7E0
:10CF80008CBF70B586680D460446FFF791FFB6F575
:10CF9000004F014601D3012809D03046FFF7B4FF06
:10CFA000294602462046BDE87040FFF7BCBF70BD71
:10CFB0002DE9F04705468068FFF7A6FF884605EB98
:10CFC000800A0646DAF81090B9F1000F1BD003274B
:10CFD000DAF8104028462146FFF76AFF404507D39C
:10CFE000324621462846FFF79EFF2046BDE8F087DF
:10CFF000032221462846FFF745FF013FCAF81000EB
:10D0000001D08145E4D101364FF0FF34EB68B440E4
:10D010001C40EAD094FAA4F2B2FA82F2131D55F839
:10D020002340DEE72DE9F04114460E460546FFF7A2
:10D030003FFF371BA4EB060831460744424628460B
:10D04000FFF754FF3A4621462846FFF74FFF434675
:10D05000002221462846FFF720FF21462846FFF7F9
:10D0600027FF3B46211800222846BDE8F041FFF784
:10D0700014BF2DE9F041164604460F46FFF718FF8E
:10D08000054631462046FFF713FF05443946204642
:10D090002A46FFF72BFF31462046FFF709FF2B46B4
:10D0A000311800222046BDE8F041FFF7F6BE2DE919
:10D0B000F04186680D460446FFF7FAFEB6F5004FCC
:10D0C000014601D3012832D03046FFF71DFF04EBA3
:10D0D00080010E6996B90122E3688240204613431D
:10D0E0000222E3602B460D612946FFF7D6FE03229C
:10D0F00029462046BDE8F041FFF7CFBE0222314667
:10D100002046FFF7BFFE2946034607462046FFF7A5
:10D11000C4FE0322334629462046FFF7BEFE3946A9
:10D120002B462046FFF7B9FE02223146E1E7BDE873
:10D13000F081F8B50C460546FFF7BAFE0122261825
:10D1400028463146FFF79EFEC3070CD431462846D9
:10D15000FFF717FF21462846FFF7AAFE21462218AF
:10D160002846FFF786FF002221462846FFF78AFE61
:10D17000271A012228463946FFF784FE10EA0206E4
:10D1800013D139462846FFF7FCFE21463246284691
:10D19000FFF778FE2246211A2846FFF76AFF21464C
:10D1A00032462846FFF76EFE241A21462846BDE87F
:10D1B000F840FFF77CBF2DE9F84305460C46FFF722
:10D1C00099FE0646A86802F00701B0F5004F01F18C
:10D1D00007012CBF0827042707EBC60339442B445B
:10D1E000E31A03F007042144DC0804EBD20404EB47
:10D1F000D1043146844228BF04462846FFF758FE32
:10D20000074684420ED012D2344431462846224684
:10D21000FFF708FF314601222846FFF74FFE21465F
:10D22000FFF787FF4FF001084046BDE8F88306EBA3
:10D230000009012228464946FFF724FE10EA0208A9
:10D2400026D149462846FFF733FE38448442EBD8BE
:10D2500049462846E71BFFF794FE49462846FFF754
:10D2600027FE874209D23444494628462246FFF722
:10D27000D9FE21462846FFF71AFF4A46314628467E
:10D28000FFF7F7FE012231462846FFF717FEC9E7F0
:10D290004FF00008C8E738B571B10568002228468C
:10D2A000FFF728FE044601462846FFF707FE214601
:10D2B000BDE83840FFF73DBF38BD70B505680C4686
:10D2C0002846FFF717FE064601462846FFF7F0FD01
:10D2D00005EBC605C4EBC000284470BD70B50568F9
:10D2E00009B9002070BDAB6801F007042846B3F50A
:10D2F000004F04F107042CBF082204221444E40860
:10D3000004EBD1049C4228BF1C462146FFF750FE87
:10D3100006460028E5D001462846FFF7C9FDA04291
:10D3200009D93444314628462246FFF77BFE214680
:10D330002846FFF7BCFE284601223146FFF7BEFD16
:10D34000AB68B3F5004F34BF0423082303EBC603D7
:10D350001844C7E7F8B5054616460C4621B91146EC
:10D36000BDE8F840FFF7BABF22B9FFF794FF0024E9
:10D370002046F8BD0068FFF71EFF0028F8D13146AF
:10D380002846FFF7ABFF07460028F0D02146284685
:10D39000FFF793FF86423246214628BF02463846B1
:10D3A00018F0A5FE214628463C46FFF774FFDFE74C
:10D3B000B2F5802F2CBF08230423D21A2DE9F041A7
:10D3C0008C18CD1D002625F0070524F00704641BEA
:10D3D0000560EE60E40821462046AC60FFF794FD4E
:10D3E000421D013031464FEA820205F1100002F180
:10D3F0000707A2F11002B8BF3246FF0818F09FFEDF
:10D4000031463A462846FFF771FDA4EB070833463C
:10D41000324631462846FFF740FD28463146012274
:10D42000FFF74CFD42463946FFF760FD3B4632466A
:10D4300039462846FFF731FD21462846FFF756FDBD
:10D440004346324621462846FFF727FD2146284617
:10D450000122FFF733FD3946BDE8F041FFF727BE53
:10D460002DE9F04706460D46174698462BB398F827
:10D4700000404FF0000A93F80190A400DB7804EB21
:10D48000430498F802301C444444CA4509D308F1C7
:10D490000803D8F8042039463046AC46BDE8F047CA
:10D4A000604714F8013B0AF1010A204648F823407E
:10D4B000E2F76EFF01300444E7E76FF01500BDE8C6
:10D4C000F08770B5002502462846144614F8013B43
:10D4D0000BB9184609E098B18D4207D1702B04D0E2
:10D4E000A3F140023A2A0BD8002070BDA3F14006F8
:10D4F0003A2E05D853780135941C002BE9D0002032
:10D50000252B224608BF80F00100DEE7002070478F
:10D510000FB407B504A951F8040B019100F0AAFA61
:10D5200003B05DF804EB04B0704710B50369024620
:10D5300013F0080009D11368D4689C4297BF126A9F
:10D54000E31A0120D31A0B6010BD00231846FAE736
:10D5500013B501A90446FFF7E8FF20B1019BE2687B
:10D56000013B13440193206A019BC01A013802B0A9
:10D5700010BD10B5044650182269236AD20702D59F
:10D58000013B184010BD984228BFC01AFAE710B5F9
:10D5900004460A46C168FFF7ECFF2369E06023F008
:10D5A0000803236110BD38B58B00C2690D460168C0
:10D5B00043F00203044642F821302A460168FFF78F
:10D5C000D8FFE36861682A4698422060204602BF7F
:10D5D000236943F008032361FFF7CBFF606038BD88
:10D5E0002DE9F74FC7689B46C669044688469146B1
:10D5F00006EB8703009316F8273003F00303022B92
:10D600004FF000030BD01360CBF8003023699B0769
:10D6100013D44FF0000A504603B0BDE8F08F56F81F
:10D62000271013608908CBF80030EFD0FFF7AFFF69
:10D63000E368A3604FF0010AEDE7A36906EB8700FA
:10D64000984716F82720054612F0010AE1D012F09B
:10D6500002021FD0B8F1000F03D041462046FFF769
:10D66000A2FF61682A462046FFF783FF6060D4E985
:10D670000221914206D14FF0000A2A462046FFF7C8
:10D6800078FFA060A2682260E260226942F008028E
:10D690002261C0E7014620460192FFF778FFE36868
:10D6A000A360B8F1000F04D02168E369019A43F840
:10D6B000212005EB08022046CBF800202168FFF767
:10D6C00058FF2369206043F00803236116F82730D0
:10D6D0006FF3000306F82730009BC9F80030A9E774
:10D6E00070B504461546FFF744FF2368834205D111
:10D6F0002369216023F00803236170BDAB00E26958
:10D70000204643F0020342F821302A466168FFF7C1
:10D7100030FF6060F1E738B5036904465B0706D562
:10D72000456AFFF715FF85422CBF6562606238BD10
:10D7300038B50D461C220021044618F000FDEB68A8
:10D740000022A361AB6863612B68E3616B6862626E
:10D7500023622A6923B1591E194208BF42F001020F
:10D760002261012204F128000021BDE8384018F0B0
:10D77000D0BA2DE9F04F87B0002504460E4600933D
:10D780009246036AA94603958B42059539D3EFF378
:10D79000118B102383F31288BFF36F8F059AD8463D
:10D7A0002AB129462046FFF79BFF0023059304A9D1
:10D7B0002046FFF7BAFE04990746B1422AD32268F1
:10D7C0002046E36913F8221003EB820921F00301DC
:10D7D00003F8221032462168FFF7CBFEE368206091
:10D7E000984212D0002788F31188BFF36F8F0399F6
:10D7F00029B162690AB12046904700230393002FA4
:10D80000C5D1484607B0BDE8F08F236943F008034F
:10D810002361E7E718B12046FFF7C5FEE3E7009B69
:10D820005AEA03021CD0019118F0F6FA0199B8B92E
:10D83000BBF1000F14D187F31188BFF36F8F5246ED
:10D84000009B04F12800FEF769F8EFF3118810231C
:10D8500083F31288BFF36F8FB0FA80F77F09C2E7B6
:10D8600005AB03AA20462568FFF7BAFE0746BAE7CC
:10D8700070B50446836908460D4698470246EFF3A3
:10D880001186102383F31288BFF36F8F2B78204605
:10D8900043F001032B706168FFF76BFE6060204668
:10D8A000FFF739FF86F31188BFF36F8F70BD2DE945
:10D8B000F04104461027EFF3118687F31288BFF377
:10D8C0006F8F236913F0080FA36802D16268934237
:10D8D00000D9226AD21AE16932B986F31188BFF3FE
:10D8E0006F8F4FF0000833E011F8232001EB83081D
:10D8F00012F00300F1D0022803D151F82350AD08F3
:10D9000005D1D00712D4A369404698470546A168BF
:10D910002A462046FFF72DFE2946A0602046FFF745
:10D9200036FE86F31188BFF36F8FC4E742F0020220
:10D93000404601F82320A568A36998472946024676
:10D940002046FFF716FEA06086F31188BFF36F8FA5
:10D950004046BDE8F081F8B50446836908460D46A7
:10D9600098470646EFF31187102383F31288BFF31D
:10D970006F8F2B786FF300032B7023699B0705D5FE
:10D98000E268E36903EB82039D421AD12B786FF3BF
:10D9900041032B70D4E90231994204D1324620462A
:10D9A000FFF7E7FDA06031462046FFF7F0FD87F363
:10D9B0001188BFF36F8F04F12800BDE8F840FDF730
:10D9C00079BF2B6860F39F032B60F0E7EFF31181C1
:10D9D000102383F31288BFF36F8F036913F0080FCE
:10D9E000836802D14268934200D9026AD31A81F354
:10D9F0001188BFF36F8F181E18BF01207047704742
:10DA000008B518F042FB0A220023E2F795FC08BD96
:10DA100082B00A210190019820EAE07080FB0101A8
:10DA200002B018F095BA03785B075FBF03684288BD
:10DA3000C3F34A2303EB12105DBF173020F0070039
:10DA4000800800207047002070470346BFF35B8FBB
:10DA500053E8000F421C43E800210029F8D1BFF32E
:10DA60005B8F704708B518F010FB0A220023E2F71D
:10DA700063FC08BD1FB50023CDE902011A46194613
:10DA80001846CDE90033E4F71DFB05B05DF804FB53
:10DA90000120E4F7CBB8002070474368DA71012217
:10DAA0004368196043685A71E4F7B2B870B5154617
:10DAB0000C4669B1D2E901369B1B99420AD813681A
:10DAC0000A460146981918F012FBAB682344AB6074
:10DAD000204670BD6FF01B00FBE770B50E46154683
:10DAE0001946044618B9BDE87040E4F79FB833B151
:10DAF000C2F34A231030120D184418F0F8FA2046E9
:10DB0000C4E90056BDE87040E4F738BA2DE9F341A6
:10DB10005F1C06460C4615464FEA870808F11700B9
:10DB200020F007008008E4F703F900238DF8047063
:10DB3000ADF805308DF8073068B1019A0346A8F1B9
:10DB4000040143F8102F2A46294452F8045B8A4204
:10DB500043F8045FF9D1A2010023314602F4E072D8
:10DB600042EA482222F07F4222F4700222F03F0271
:10DB700002B0BDE8F041FFF7B0BF07B50123019245
:10DB800001AAFFF7C3FF03B05DF804FB07B5CDE9B9
:10DB9000002302236A46FFF7B9FF03B05DF804FBD8
:10DBA0001FB5CDE90123069B01AA03930323FFF7C9
:10DBB000ADFF05B05DF804FBF8B506460D4614460A
:10DBC0001F4604B9F8BD214628463A46B047241AF4
:10DBD0000544F6E710B54268044681680068D2E95A
:10DBE0000023FFF7E9FF636800221A6010BD38B513
:10DBF0004B6805460C461A68CB689A4202D1084623
:10DC0000FFF7E8FF6368BFF35B8F53E8002F511CF9
:10DC100043E800100028F8D1BFF35B8FA368002011
:10DC20009D5438BD0A2838B504460D4602D10D2052
:10DC3000FFF7DDFF29462046FFF7D9FF002038BD5A
:10DC40002DE9F043054687B008460E8891F800900C
:10DC50000C46D1F808801746E4F784FA011EC6F393
:10DC60008216C9F3C2091FDB4846E4F799F9034657
:10DC70002146608851F8102BC0F30B100196C2F3B7
:10DC80004A22002A01EB02044FF0000208BF0021E3
:10DC90000092CDE90407CDE9021428464146E4F795
:10DCA0008DFA07B0BDE8F0830023E1E74368002068
:10DCB0001B685B681961704743681B681A68526883
:10DCC000536070472DE9F041436801211B685A6891
:10DCD00011751D68D5E901362F68D3E900481CB9D4
:10DCE0006B681C60BDE8F081214630464246B8476B
:10DCF000241A0644F3E743681B681868E4F7C8BBB6
:10DD000070B543680C461D686B681869E3F76AFFD5
:10DD1000214603460F222868BDE8704018478368F3
:10DD20005B681847F0B589B004460D4617460021D8
:10DD30001C2201A81E4618F002FA062301AA294651
:10DD40008DF8043020460E9B8DF80870CDE905361D
:10DD5000FFF7E5FF09B0F0BD2DE9F04389B00446B7
:10DD60000D469046109F1E46C7B1012F0CBF4FF0C5
:10DD700015094FF039091C22002101A818F0DFF91C
:10DD800001AA294620468DF808808DF80490CDE937
:10DD90000376FFF7C4FF09B0BDE8F0834FF0050933
:10DDA000E9E713460A460121FFF7F0BE0146006885
:10DDB000E4F7A4BD08B5E4F7FDFDBDE80840E4F7CD
:10DDC0001DBE0A460121FFF7D8BE00210120E4F75D
:10DDD00095BD6FF08500704761B662B680F311881B
:10DDE000BFF36F8F704772B6002383F31188BFF3C0
:10DDF0006F8FBFF34F8F30BF62B6BFF36F8F704727
:10DE00007047202809D9B0F1004F08D80138B0FA7E
:10DE100080F0C0F11F0040007047082070473E208E
:10DE2000704708B5D1E904319847002008BD08B50E
:10DE3000E5F752FB002008BD08B5062201210020AD
:10DE4000E5F7D8FB002206201146E5F7A5F80121E9
:10DE500007220846E5F7CEFB002207201146E5F72A
:10DE60009BF8082201210220E5F7C4FB00220820CC
:10DE70001146E5F791F8092201210320E5F7BAFBE5
:10DE8000002209201146E5F787F80A220121042023
:10DE9000E5F7B0FB00220A201146E5F77DF80521E1
:10DEA00017220846E5F7A6FB002217201146E5F7E2
:10DEB00073F8282206210A20E5F79CFB002228207F
:10DEC0001146E5F769F8002008BD01F01F010120A7
:10DED000884070474FF0B042D2F8803023EA000308
:10DEE000C2F8803070470022122008B51146E5F7CD
:10DEF00053F81220BDE80840E5F740B800227F2023
:10DF000008B51146E5F748F87F20BDE80840E5F779
:10DF100035B80A460121FFF730BED0E92432C0F8F7
:10DF200098205B681A68936823F0004323F03F034E
:10DF300043F00403936070470346083810B4BFF3FE
:10DF40005B8F50E8002F511C40E80014002CF8D1E2
:10DF5000BFF35B8F12B910BCFFF7DFBF6FF00F028A
:10DF600010BC9A65704738B583680446DA0715D443
:10DF700001230A250360836823F0004323F03F0355
:10DF800043F0010383602368DB0707D4642017F0A4
:10DF900063FE013DF7D16FF0730000E0002038BD53
:10DFA0008368D90726D583685A070AD5836823F082
:10DFB000004323F03F0343F01003836083685B0753
:10DFC000FCD4836819070AD5836823F0004323F043
:10DFD0003F0343F02003836083681A07FCD48368FF
:10DFE00023F0004323F03F0343F002038360836880
:10DFF000DB07FCD4704703460A46F0B41979DB8886
:10E0000000681343DA0706694FF00105876848BFC7
:10E0100083F4402334688D4023F48012DB074CBF27
:10E020002C43AC4334603B68F0BC184703460A46B7
:10E0300000681979012303FA01F103691B68194289
:10E0400018BF82F0010212B18368DB681847836849
:10E050001B69FBE7002914BF6FF0850000207047A3
:10E060000369D3F8B8007047082910B5046917D0C0
:10E07000102904D001290CD06FF0850010BD0022BA
:10E080000221204601F0E3F84FF40473A4F8A8300D
:10E09000F4E70022204601F0DAF840F20133F5E718
:10E0A00000222046114601F0D2F84FF48163EDE7DB
:10E0B0000B461022002110B50469184618F03FF8ED
:10E0C000D4E90E12521A0280D4E91012521A428078
:10E0D0001922426094F8A820027310BD2DE9F8437C
:10E0E000D0F804901C4606694FF00008D9F80000EB
:10E0F000D6F8B85096F8A93000FB0211089F01FB32
:10E100000355E2881FFA88F39A4202D80020BDE83E
:10E11000F883A388294696F8A92038465A4317F071
:10E12000E6FFA18896F8A9305943384608F101085E
:10E13000E5F710F896F8A930D9F8002002FB03554E
:10E14000228903FB0277DCE70022582008B511463C
:10E15000E4F722FF5820BDE80840E4F70FBF10B5F0
:10E16000046923689A6BD10716D55A6BD20713D569
:10E17000D4E92D2191420CD02046C4F8B820C3F830
:10E18000AC2050F8BC2B536A43F001035362FDF7F7
:10E1900091FB23680122DA6310BD03460A46F0B4FE
:10E1A0001979DB8800681343DA0706694FF0010527
:10E1B000876848BF83F4402334688D4023F480127D
:10E1C000DB074CBF2C43AC4334603B68F0BC1847C2
:10E1D00003460A4600681979012303FA01F103692D
:10E1E0001B68194218BF82F0010212B18368DB6814
:10E1F000184783681B69FBE738B50B464568046917
:10E2000010220021184617F09AFFEA8A02802A8B12
:10E21000428011224260227802736278427338BDD4
:10E22000FFF7B4BC0A2180FB010117F091BE102951
:10E23000036903D0012901D0E6F744BC002019701E
:10E240007047F8B5074615468C1C0026013614F8B1
:10E25000013C224614F8021C7868E6F741FCB542FE
:10E2600002DD07340028F1D0F8BD07B501238DF891
:10E2700007100DF1070251214068E6F731FC03B0A9
:10E280005DF804FB436800205B681B690B60704706
:10E29000436800205B689961704743680904002067
:10E2A0005B689961704710B503699868F8B1884256
:10E2B00019D1DC680868A142986000D1D8600020BC
:10E2C00008602AB19A680A60DA68996002B9D96070
:10E2D000002010E0814206D108682060D8688142A1
:10E2E000EDD1DC60EBE7044600680028F2D1002A9B
:10E2F000E8D16FF0150010BD12F4003CF8B50546EA
:10E300000C4613461DD0960714D550075DD55022F4
:10E31000D90611D542F4007203F4C061B1F5806FE3
:10E3200042D0B1F5C06F19D0B1F5007F18D142F0DD
:10E33000800215E01022EBE79F06EDD542F48062E3
:10E34000EAE7D60305D5D00605D4C2F340129202FF
:10E35000E2E73022E0E74FF40072DDE742F4C072FA
:10E3600013F440372E6908D0306920FA04F1C90748
:10E370005FBF0121A14001433161BCF1000F06D014
:10E38000180314D5696801234968A3408B610023F1
:10E3900021466868E6F7AEFD27B9336923FA04F22F
:10E3A000D2070CD40020F8BD42F48072D8E759039C
:10E3B000EDD501212846A140FFF76FFFE7E70122D5
:10E3C000A24023EA02033361ECE76FF08500EAE73D
:10E3D00070B50B468968054611B15E680C6801B9D5
:10E3E00070BD8A682A4002D04B68304698471CB1FD
:10E3F000236821461C46F2E72346FAE7F8B51F4694
:10E40000044640680E461546E6F774FD112F07D105
:10E4100001212B0501FA06F104D563685B68996157
:10E420000020F8BD2046FFF738FFF9E700225F2003
:10E43000114608B5E4F7B0FD5F20E4F79FFD002228
:10E4400060201146E4F7A8FD6020BDE80840E4F72D
:10E4500095BD2DE9F74398460B7A1546066943F0BA
:10E46000040307460C4601220B720B46AA420AD946
:10E4700006F110094FF0FF324FF0FF3348460026F7
:10E48000FDF74CFA20E00AD2197A187D81EA000CD7
:10E490001CF0010F01D040071FD589071DD40132A0
:10E4A0000C33D2B2E2E7012D384614BF04F1140355
:10E4B0000023CDE9003894E80E0000F0CEF8061EE7
:10E4C00004DB013D0C34EDB2002DECD14846FDF7E4
:10E4D000F1F9304603B0BDE8F0836FF01506F8E7B8
:10E4E000036993F84C200AB9E6F780BD1B6A002047
:10E4F0000B60704700F04CB800F090B843680169B9
:10E50000DB681A6822F002021A601A6822F004021C
:10E510001A601A6822F020021A601A6822F01002AB
:10E520001A601A6822F040021A6091F84D201AB958
:10E530001A6822F080021A607047C3681A6842F0B5
:10E5400020021A601A6842F010021A601A6842F03B
:10E5500040021A601A6842F080021A60704738B5AB
:10E5600043680569DC68FFF7C9FF6368DB0103D511
:10E57000636823F08073636095F84D301BB923689E
:10E5800023F0010323602846BDE83840FDF792B927
:10E5900010B504694368626CDB688AB19A699207B6
:10E5A00002D5A26C12789A629A69510702D5A26CC0
:10E5B000596A1170A26C0132A264626C013A626401
:10E5C0009A69D20613D49A6991061BD49A695206A5
:10E5D00002D49A69110614D5226C127A92070CD4CF
:10E5E000FFF78CFF2046BDE81040FDF763B9DA69FC
:10E5F00042F01002DA610122A2635A6842F48042BA
:10E600005A6010BDDA6942F02002DA615A6822F0DD
:10E6100080725A60BDE81040FFF7A1BF08B543689B
:10E620000169DA6893699B050AD5D36943F40073DD
:10E63000D36101234B63FFF792FF6FF0040008BD25
:10E64000936913F4807306D0D36943F48073D36164
:10E650000123CB63EFE71846F1E72DE9F04F89B0CE
:10E660000546164603AFBDF84CA087E80E009DF89E
:10E67000149029F006038DF81F30049B6968FF2B66
:10E680002C69D1F80C808BBFFF234B460DF11F0284
:10E69000129A84BF04939DF81430049888BF03F045
:10E6A000FD0303998DF8143013F00103C4E911013F
:10E6B00033D14FF0010B284627643946C4F830B0F7
:10E6C000C4E90E3300935346E6F7B0FD6868FFF7E0
:10E6D00034FFD8F8003043F00203C8F8003041F2AC
:10E6E000883200232046FDF719F950B12846FFF77C
:10E6F00036FF4FF0FF324FF0FF332046FDF70EF9A3
:10E700005846E36BD4E90D2100293AD1A3BB8ABB5B
:10E7100000283DD06FF0040044E000232846276421
:10E720003946C4E90C33C4E90E334FF480630093D7
:10E730005346E6F77BFD6868FFF7FFFED8F8003028
:10E7400043F00403C8F8003041F288320023204629
:10E75000FDF7E4F850B12846FFF701FF4FF0FF3214
:10E760004FF0FF332046FDF7D9F80120E36BD4E9E1
:10E770000D21C9E76363CDE702B161630023E36361
:10E78000C8E7002102B16163A163002BF6D1C1E7A4
:10E79000049A039BB61A1344CDE90336002E7FF486
:10E7A0006CAF304609B0BDE8F08F03460A46F0B4BE
:10E7B0001979DB8800681343DC028768066906D58F
:10E7C00013F4402F03D0DA0748BF83F44023012518
:10E7D000346823F48012DB0705FA01F54CBF2C43A3
:10E7E000AC4334603B68F0BC1847A1F11000FDF762
:10E7F0000BBA10B586B0009201220393089B0192D8
:10E800000022049307238DF808208DF814309DF81A
:10E810001430826843F002038DF814300B4694687C
:10E8200069460222A04706B010BD37B50C460569FF
:10E83000836801A95B68984748B9019B2A685A40D8
:10E84000012303FA04F10A4214BF1846002003B062
:10E8500030BD51F8043C0A2201F114005B681B68CA
:10E86000A3FB0223FDF744BA2DE9F0430B464168B0
:10E8700085B004461546087A8A7ADDE90C6782F08D
:10E88000010908B10868C31A487A08B149684D1BE4
:10E890004FF0000803212046CDF80080CDE9026743
:10E8A000E4F76EFE2B464A4603212046CDF8008051
:10E8B000CDE90267E4F764FE05B0BDE8F0832DE919
:10E8C000F04192B044683422002105A8002517F0D9
:10E8D00036FC1022002101A817F031FC2F462368D6
:10E8E0004FF0440805936369AB4234D8022B4CD0F7
:10E8F00023691B68002B0CBF1023082302930022FE
:10E90000237A01A905A80393638904930123019342
:10E9100000F0BEFC606817F043FB022301A900224F
:10E9200005A8019300F0B4FC032301A9002205A867
:10E93000019300F0ADFC0423002205A80DEB0301B8
:10E94000019300F0A5FCA18905A800F0C0FC0020FF
:10E9500012B0BDE8F08108FB05FC06AE8DF84070F2
:10E960002369634403F1280E1868083353F8041C24
:10E970003246734503C21646F6D1216905A8013512
:10E9800061442831E7F752FEADE71823B6E730B50A
:10E99000036813600579046804EBC504A34202D33D
:10E9A0006FF0010030BD5C798C4201D00833F0E794
:10E9B0000020F7E74368C1F34B1001F01F011B680B
:10E9C000C05801238B4003424FF0000014BF0123C5
:10E9D00000231370704710B54368C1F34B1001F06A
:10E9E0001F011A68012384588B4023438350002061
:10E9F00010BD10B54368C1F34B14012201F01F0193
:10EA000018688A40235823EA02032350002010BDCF
:10EA100038B504460D46FFF7DEFF29462046FFF7CE
:10EA2000E8FF002038BDB0F5805F07D0B0F1805F0F
:10EA300009D1002914BF012002207047002914BF0A
:10EA4000032004207047002914BF022003207047D0
:10EA500043681B68D869DA69C0F3C000D107DA6976
:10EA600048BF40F002009207DA6948BF40F0040056
:10EA70005107DA6948BF40F02000D20504D54FF4B1
:10EA8000807240F008001A62C10701D508221A629C
:10EA9000820701D501221A62410701D502221A62BA
:10EAA000820601D504221A62704710B5436810200F
:10EAB0001B68DA691206FCD5EFF3118280F3128825
:10EAC000BFF36F8FDC69240604D482F31188BFF38F
:10EAD0006F8FEEE7996282F31188BFF36F8F10BDDD
:10EAE00043681B68DA69100701D508221A62DA69DF
:10EAF000920603D55B6A00200B7070474FF0FF3021
:10EB0000704710B5026904460B46526812680A60E5
:10EB100042681268126802F4C062B2F5806F33D0A6
:10EB2000A2F5C060424242411A716268126852689E
:10EB300002F44052B2F5805F28D0B2F5405F27D092
:10EB4000002A0CBF012203225A7162681268106801
:10EB5000116800F0102001F4C061FFF764FF9871A4
:10EB6000626800201268926802F44072A2F5407157
:10EB70004A424A41DA7161680968896811F4804F34
:10EB800018BF0322DA7110BD0222CDE70022DBE7B5
:10EB90000222D9E72DE9F04107460D4614461E46EC
:10EBA000FEF72EFF80463B685A6FD2070AD544EA2B
:10EBB0000624069A002044EA024444EA8514DC66EE
:10EBC000BDE8F081FEF71CFFA0EB0800B0F57A7FEE
:10EBD000E9D90320F4E7027C0346012A68D0012228
:10EBE000027400220068C0F8C4201868C0F8C82069
:10EBF000C807996108D51868D0F8C4206FEA124296
:10EC00006FEA0242C0F8C4208A0706D51868D0F817
:10EC1000C42042F4F812C0F8C420480706D518688A
:10EC2000D0F8C82042F00102C0F8C8200A0706D573
:10EC30001868D0F8C82042F00202C0F8C820C80600
:10EC400006D51868D0F8C82042F00C02C0F8C820D9
:10EC50008A0606D51868D0F8C82042F01002C0F81D
:10EC6000C820480606D51868D0F8C82042F020020F
:10EC7000C0F8C8200A0606D51868D0F8C82042F0A7
:10EC80004002C0F8C820C80506D51868D0F8C820CA
:10EC900042F08002C0F8C8208A0506D51968D1F86C
:10ECA000C82042F4F852C1F8C820002018747047F8
:10ECB000022070477047037C012B0ED002680123AD
:10ECC0000374D36A23F01F03D3620268D36A194323
:10ECD0000023D1620374184670470220704730B594
:10ECE000027C0346012A3BD0012202741C68D1E950
:10ECF0000002904238BF1046D4F8982002F0FC225F
:10ED0000C4F898201C68D4F8982042EA00420243D4
:10ED1000C4F898201868D0F89C2002F40042C0F88B
:10ED20009C201868D1E90225D0F89C40120642EADE
:10ED300005420D692A432243C0F89C201868D0F888
:10ED4000A42022F47F42C0F8A42018684969D0F8B2
:10ED5000A42042EA0122C0F8A4200020187430BD8B
:10ED60000220FCE7027C82B00346012A1FD0012268
:10ED700002740020196800904A6842F001024A605B
:10ED80001A68516801F00101009100990190D2F8D0
:10ED9000041441F00801C2F804141A68D2F80424DB
:10EDA000187402F008020192019A02B07047022022
:10EDB000FBE737B5057C0446012D09D00125057414
:10EDC000069D0095FFF7E6FE0023237403B030BDD7
:10EDD0000220FBE72DE9F84F1C46037C05460F4651
:10EDE000012B1646DDE90A9853D001230374FEF780
:10EDF00007FE834629684B6F13F0010A1AD0032CD3
:10EE000020464FF0000328BF032083421ED1E01AA2
:10EE10004344C1F8709018BB013446EA87162B684A
:10EE20002202240292B204F47F0416432643DE66D3
:10EE3000287409E0FEF7E4FDA0EB0B00B0F57A7F43
:10EE4000D8D9032085F810A0BDE8F88F18F8032062
:10EE500001334FEAC30C02FA0CF249EA0209D4E783
:10EE600004284FF0000184460A4628BF4FF0040CE6
:10EE700013F802E04FEAC20801320EFA08FE944588
:10EE800041EA0E01F4D12A68A0EB0C00634411673B
:10EE9000C1E70220D8E72DE9F7431E46037C05466B
:10EEA0000C46012B1746DDF82890DDF830806FD036
:10EEB0000123022E03740DD9C6F3072337220093D2
:10EEC000F3B2FFF767FE28B1002301202B7403B0D3
:10EED000BDE8F083B9F1060F0FD10B9B2A681B0226
:10EEE00043EA841343F00603D366FEF789FD044624
:10EEF000002E27DC00202874E9E7B9F1040F05D1C2
:10EF0000A4012B6844F00404DC66EEE7B9F1140FA9
:10EF100008D198F80020A4012B6844EA022444F0A8
:10EF20001404F1E7B9F1240FCED198F80120A4011F
:10EF30002B6844EA024498F8002044EA022444F092
:10EF40002404E1E72A68536F13F010030DD1042E57
:10EF5000106F324628BF0422D90020FA01F1F9547B
:10EF600001339A42F8D11744B61AFEF749FD001B47
:10EF7000B0F57A7F03D9002303202B74A7E72B6811
:10EF80005A6F5206B4D4D3F8C0309B069CD4AFE776
:10EF900002209CE730B5037C0446012B15D00123E9
:10EFA00003740068836B23F08873836313062068FF
:10EFB00043EA0153856B2B43836300202268936BE4
:10EFC00043F480339363207430BD0220FCE7037C5C
:10EFD000012B13D0026801230374D2F81C3423F0F0
:10EFE000C063C2F81C340268D2F81C3443EA4161A1
:10EFF0000023C2F81C14037418467047022070479F
:10F0000070B505684B68EC68C4F30B441C44D3012D
:10F0100084331D446A6802F470426A6005680E68B1
:10F02000EA681D440136C2F30B42324442EA04420C
:10F030006A600268CD68D4681A44C4F30A042C4498
:10F04000956805F47045956005688A68EE681D440A
:10F050000132C6F30A06324442EA0442AA60026858
:10F060001A44146924F00704146102680C691A44F4
:10F07000146102688D69D41891F8302042EA056263
:10F0800091F8315042EA052291F8325042EA0542A5
:10F09000A26102681A44546924F0FF0454610268B2
:10F0A0004C691A44546104681C44E26922F4E06229
:10F0B00022F00702E2610268D1E907451A442C43B5
:10F0C000D46102684C6A1A4494620A6962B3012AE4
:10F0D0002CD0941E022C2BD9072A14BF0124022401
:10F0E00002681A44D56A05F0E025D5620268D51891
:10F0F000D1E90062921B8E6A62437443073242EA8E
:10F100000442EA6204681C44226B22F4FF6222F08B
:10F11000070222630268C96A1A4411630168CA5867
:10F1200042F00102CA5070BD0424D9E70324D7E796
:10F130000224D5E7704738B50446002857D090F828
:10F14000A13003F0FF021BB980F8A020FFF7F2FF07
:10F150002268022384F8A130936923F070439361FD
:10F160002268D4E9013091690343E06803432069D0
:10F1700003430B4393612268D4E9051343EA014337
:10F1800093602268D4E9071343EA0143D3602268FD
:10F19000D4E9091343EA014313612268D4E90B134C
:10F1A00043EA01435361226894F83500D36A94F826
:10F1B000361003F07F43D362226894F83430D56A66
:10F1C0002B4343EA0023002043EA0143D362226831
:10F1D000536B43F0060353632268936943F00103C2
:10F1E00093610123C4F8A40084F8A13038BD012044
:10F1F000FCE72DE9F04190F8A03006460F46944612
:10F20000012B4FF002031FD034244FF001080D46AC
:10F2100080F8A13004FB020480F8A08038340FCDC0
:10F220000FC40FCD0FC40FCD0FC42B6862463946F3
:10F2300030462360FFF7E4FE3368C3F824800023E0
:10F2400086F8A18086F8A0301846BDE8F08170B538
:10F2500090F8A0300446012B4FF0020315D080F83F
:10F26000A13034230126534380F8A060C518A96457
:10F2700003F138010144FFF7C3FE03685E6280F8C2
:10F28000A160002084F8A00070BD1846FCE770471C
:10F2900070B590F82C3005460E46022BD8B210D02F
:10F2A00000F0FB04012C10D10223286885F82C30D3
:10F2B00000F067F83368022B04D1052385F82C3061
:10F2C000002070BD85F82C40FAE70120F9E738B539
:10F2D00090F82C300446022BD8B20DD094F82C3084
:10F2E000012BDDB209D10223206884F82C3000F014
:10F2F0005AF8002084F82C5038BD0120FCE710B5E6
:10F300004C69CB68013C013B240544EA0334CAB98B
:10F310000B688268013B02F07042234313434A6842
:10F32000013A43EA02138A68013A43EA02230A696E
:10F33000013A43EA02438A69013A43EA026383607D
:10F34000002010BD836823F4700323F4704323432B
:10F350008360C3684A6803F07043013A43EA0213CA
:10F360000A68013A13438A68013A43EA02230A69A8
:10F37000013A43EA02438A69013A43EA0263C360FD
:10F38000DEE710B5D1E9003402692343CC68920D61
:10F3900043EA4423920513438A68013A43EA42133D
:10F3A0000361002010BD436923F47F5323F03E0323
:10F3B00043EA410343610020704770B506460020D0
:10F3C000EDF772FF002504460CB9284670BD2046B3
:10F3D0000EF06FF901280AD020460EF070F986422F
:10F3E00008BF25462046EDF75FFF0446ECE72546BB
:10F3F000EBE72DE9F047037F054688469246DC0798
:10F4000002D50020BDE8F087C668BEB137464FF090
:10F41000010931462846D047B8420446F1D03E465D
:10F42000ACB92B7F1907ECD5B9F1000FE9D028460C
:10F43000C047044636B14FF00009F1E71A07F6D489
:10F4400088470446002CDCD026464FF0000920688F
:10F4500000F081FC030638D4276837BBEB68A34271
:10F46000CFD073B11E682846FFF7A7FF14210246CC
:10F470003046E7F74FFA0128C3D1EB68186802F06D
:10F480006EF8EC6028462468FFF797FF13210246C8
:10F490002046E7F73FFA0128B3D1EB68186802F07D
:10F4A0005EF82B69A3B90120ACE70121384600F0D2
:10F4B00046FC20B9384603F091FD0746CDE701210F
:10F4C000384600F03CFC0028C8D037462646A0E766
:10F4D00028469847E7E770B5064600F044FC044626
:10F4E000002838D0C368E3B11B68B34219D1037F49
:10F4F000DA0744BF6FF30003037710F013FAE368F1
:10F50000834229D1204610F010FAE368984223D1B3
:10F5100005682046FFF751FF142102462846E7F709
:10F52000F9F9E36823B11B68B34204BF0023E36029
:10F53000204610F0F7F9054668B12B6829462046A9
:10F54000B3421CD110F0AEF92846F1F7EBFFB368D7
:10F550000BB100225A6070BD237F2046C3F3C00563
:10F5600043F0080323775B0706D4E7F741F9237FCD
:10F5700065F3C3032377D4E7E7F74EF9F7E710F015
:10F58000D7F9D8E770B50D46044618B30846FFF71B
:10F59000A2FFAB6813B9284600F015FEAB68204601
:10F5A0005C6010F063F90646A0B10560204610F0DB
:10F5B000B9F986420ED1237F2046C3F3C00543F03C
:10F5C000080323775B0706D4E7F712F9237F65F377
:10F5D000C303237770BDE7F71FF9F7E710B1C068E1
:10F5E00000B10068704713B50191FFF7F7FF0446BB
:10F5F00010B9012002B010BD802100F0AEFB002840
:10F60000F7D101AA11212046E7F784F9F2E738B5CE
:10F61000027F0346C2F340048C4217D061F34102DB
:10F620000277FFF7DBFF044680B1DA6818461568F9
:10F63000FFF7C3FE132102462846E7F76BF90128BE
:10F6400004D12046BDE8384001F089BF38BDF8B587
:10F65000064670B100F087FB044650B1017F11F0FF
:10F66000010106D1FFF7D3FF204610F05BF90546F4
:10F6700000B9F8BD2B689E4229D1E36883B11F68A9
:10F68000BE420DD02046FFF798FE142102463846B0
:10F69000E7F740F90128ECD1E368186801F05FFF53
:10F6A0002369E5600BB120469847E36820461D6852
:10F6B000FFF783FE132102462846E7F72BF90128BE
:10F6C000D7D1E3681868BDE8F84001F048BF294683
:10F6D000204610F02DF9CAE710B1007FC0F34000BA
:10F6E000704710F02CB92DE9F3414E680C462EB34B
:10F6F0003046E8F733F80746304602F073F9B5694B
:10F70000804610220021304602F0DAFE2B180190CC
:10F710001222A3EB080300213046A361013B2362C0
:10F72000756902F0CDFE4BF676330544E81B606147
:10F730000138E061636202B0BDE8F08141F6760312
:10F74000F8E72DE9F04FB0F828B089B004468846B4
:10F750008B4507D00A46594602F0EAFE814620B999
:10F76000A4F8288009B0BDE8F08F2046002601F0FB
:10F77000F6FE2046A4F82880354603F014F84FF42E
:10F780002070F1F7BDFE6FEA080307460793628D0C
:10F79000C2F30513B3421BD9202D19D0E168F00044
:10F7A00001EBC60CDCF80430C3F3170E9BB20593D3
:10F7B000DDF814A0079B13EA0A0F38D19CF8073034
:10F7C00013F0020309D00136C2F305139E42E5D3BC
:10F7D00014233E4603FB057566E00A58117A126849
:10F7E000FF2920D002EB8100994220D910F801AB0B
:10F7F000BAF1680F1DD152F8233004E0682B02F1F2
:10F80000080210D14B680EF47F02002106921A689C
:10F8100012F801A0BAF1000F09D0202D07D0002066
:10F820003A4603901BE013781146002BE6D10136CF
:10F83000ADE70133D8E7107A50450CD1506800F499
:10F840007F0E04900698864505D1BDF81000DDF8BE
:10F8500014E070451CD203981432013003900398D1
:10F860008542E8D11422D3F80CE06A43013527F829
:10F8700002E0B8181A6942809A68C2601A68525C3D
:10F8800002725A680261DCF80420C2F31702426077
:10F890000131BCE771684346009614365A4601F4BC
:10F8A0007F012046E8F7E0FBB542F3D13846F1F797
:10F8B00039FE09F0FD03012B08D1FF224FF470211E
:10F8C000204609B0BDE8F04FE8F794BAB9F1020F4D
:10F8D0007FF448AF204601F042FE204609B0BDE863
:10F8E000F04F01F0F9B92DE9F0410546A6B00FF04F
:10F8F000C0FD064628460FF0B8FD1A2E04467DD1FD
:10F9000028460FF0BAFD03780646022B09D02D22B7
:10F910000021204602F0D4FD05460A9020B10223C2
:10F92000337026B0BDE8F08101460C22204602F07B
:10F93000C7FD6A22074629460A90204602F0C0FD0C
:10F940006B22804629460A90204602F0B9FD0A90B3
:10F950006369024641460AA80A93A3690B93E369C7
:10F960000C93236A0D930EF0ADFE3A460AA9706817
:10F970000EF07EFF08B90123D2E71D22294620465A
:10F9800002F09EFD0690C0B2FC28F4D962222946FE
:10F99000204602F095FD0690C0B2FC28EBD920224B
:10F9A0002946204602F08CFD0690C0B288B125227F
:10F9B0002946204602F084FD0690C0B2FC28DAD920
:10F9C00024222946204602F07BFD0690C0B2FC2886
:10F9D000D1D926220021204602F072FD069020B1E6
:10F9E000827A002303309A4201D8002398E703EB80
:10F9F0008301415CFC29BED90133F4E71D2E39D1C6
:10FA0000284601F0B8F905460AA8EBF75DF80AAAFE
:10FA1000002120460E9500F007FD352200212046EA
:10FA200002F04EFD069028B19DF8713043F020039E
:10FA30008DF871306A220021204602F041FD6B22D0
:10FA4000064600210690204602F03AFD06906369C2
:10FA50000246314606A80693A3690793E369089313
:10FA6000236A09930EF02EFE06AA0AA9284604F07E
:10FA700075FB56E7202E7FF454AF284601F07BF942
:10FA800006AA064602A9204602F06EF802A80EF069
:10FA90000FFE002800F0AF800AA8EBF715F81D2232
:10FAA0004FF48031204602F00BFD0190C0B20228D5
:10FAB0008DF8480010D91C224FF48031204602F006
:10FAC000FFFCC0F30722C0F3074301908DF8490003
:10FAD0008DF84A208DF84B3032224FF48031204689
:10FAE00002F0EEFC0190C0B202288DF8700017D928
:10FAF00030224FF48031204602F0E2FC00280190D1
:10FB00001B9040F3C08031224FF48031204602F038
:10FB1000D7FCC0F307430190ADF866008DF868305C
:10FB20003E224FF48031204602F0CAFC0190C3B25D
:10FB3000022B8DF8943023D93C224FF4803120469B
:10FB400002F0BEFC00280190219040F3A0804222E8
:10FB50004FF48031204602F0B3FC3D2201904FF477
:10FB600080312490204602F0ABFCC0F30722C0F3A2
:10FB7000074301908DF881008DF882208DF8833045
:10FB80004FF48031204602F0DEFDFC280BD89DF8B2
:10FB9000483013FB00F3C3F307238DF848308DF88A
:10FBA00070308DF894309DF870209DF848301343E4
:10FBB0009DF89420134324D00C224FF4803120462A
:10FBC00002F07EFC0190119002A80EF071FD30B1A0
:10FBD000002302AA0AA930460C9304F0BFFA06A833
:10FBE0000EF066FD68B1012306AA0AA930460C93FF
:10FBF00004F0B4FA05E006A80EF05AFD00287FF4E0
:10FC00004BAF30220021204602F05AFC0A90002817
:10FC10003FF487AE35220021204602F051FC0A90C5
:10FC200000283FF47EAE00250AA8EAF74DFF0AAA95
:10FC3000294620468DF848508DF863508DF8805045
:10FC40008DF894500E9600F0EFFB6A22294620466C
:10FC500002F036FC6B22074629460690204602F049
:10FC60002FFC069063690246394606A80693A369ED
:10FC70000793E3690893236A09930EF023FD06AA0C
:10FC80000AA93046F3E600238DF8703048E70023D8
:10FC90008DF8943074E770B5436A88B004460D4619
:10FCA000194232D0E6F7B4FEEA0606460CD504AA9D
:10FCB0006946204601F058FF6946204601F024FCC1
:10FCC00004A9204601F020FC636A23EA050363626D
:10FCD000EB070AD5204601F042FC204603F07EF9EE
:10FCE00001F000FA204601F0FDF92046E6F790FE0B
:10FCF000864202D115F0C07F07D0204603F06EF98E
:10FD000008B0BDE8704001F0EDB908B070BD038DDA
:10FD100043EA010231EA030302D01146FFF711BDA5
:10FD200070470A46038D1A4223EA010101D0FFF70A
:10FD300008BD70470AB1FFF7EABFFFF7F2BF436A99
:10FD400099430CBF012000207047436A194214BF39
:10FD5000012000207047008D7047038D194214BFA9
:10FD6000012000207047806800B140687047F0B5FE
:10FD700008460D4689B00FF07CFB064628460FF07A
:10FD800074FB012E044605D1202109B0BDE8F040E6
:10FD9000FFF7BDBF033E2F2E59D8DFE816F04B000A
:10FDA00058005800580058005800580058003000BB
:10FDB0001501580017015800580062005800EF0064
:10FDC0002E015800580095019A019C018F01850170
:10FDD00058008F01580058008F01580058005800F3
:10FDE0005800580058005800580058005301580057
:10FDF0007E01580058005800580030015200202160
:10FE0000FFF78FFF28460FF038FB0DF082FCF0B9AA
:10FE1000636A1E071BD5238D01212046DD0733D4DD
:10FE2000FFF775FF00222321204609B0BDE8F0400E
:10FE3000E6F770BD2021204609B0BDE8F040FFF78D
:10FE400070BF03F001F900250646B54201D109B0A3
:10FE5000F0BDA3681B6853F82500013501F042F995
:10FE6000F3E7436A180715D5284600F08CFF1328DE
:10FE700002D101212046D3E71128FAD0142801D05D
:10FE8000122804D101212046FFF74BFFCAE70A28B8
:10FE9000DDD0C7E703F40163B3F5016FD7D1204686
:10FEA00000F0CBF90028D2D12046E7F757FC0746EF
:10FEB0002046E7F7ABFC0646284600F064FF122810
:10FEC0000ED1204601F089FD0546204601F07FF95C
:10FED000011E4FF00002B8BF033105EBA1010EE097
:10FEE000112812D1204601F078FD0546204601F088
:10FEF0006EF9011E00DA03310022A5EBA1012046B4
:10FF000009B0BDE8F040E7F799BD13281CD12046A1
:10FF100001F048FD8107D4D0002F01DC002ED0DD98
:10FF2000204601F055FD0546204601F04DF9011E21
:10FF30004FF00002B8BF033105EBA101204609B024
:10FF4000BDE8F040E7F766BD142880D1204601F0F7
:10FF500029FD8207C6D0002F01DC002EC2DD20461D
:10FF600001F036FD0546204601F02EF9011E4FF046
:10FF70000002B8BF0331A5EBA101DFE7436A5B05CF
:10FF800002D5012101F0D4FD2046FFF7ECFEFFF77A
:10FF9000A3FB0646EDF792F910B92846E6F728FDCF
:10FFA0000DF087FB022808D0042814BF0221062187
:10FFB0002EB141F008012046E7E60621F8E7204689
:10FFC000FFF7A5FE082136E74021F4E74021FFF7BF
:10FFD000A8FE204601F0DDFC02287FF438AF04AA19
:10FFE0006946204601F0C0FD6946204601F08CFAC2
:10FFF00004A9204601F088FA29E70E211BE70A220E
:020000040802F0
:10000000002102F05DFA16220490054600212046E8
:1000100002F056FA049080B208B9EDB215B120464C
:1000200001F060F82046002503F00EF80646B542C0
:100030003FF40DAFA3681B6853F82500013501F0AC
:1000400051F8F4E70122002102F03AFA02220021DD
:1000500004900746204602F033FA0A220021049059
:100060000646204602F02CFA16220490054600218E
:10007000204602F025FA049080B240B9EDB235B9BD
:100080006FF040439F4202D09E427FF4E0AE204694
:1000900009B0BDE8F04001F025B890F82A3043F0EF
:1000A000020380F82A30F2E7002100F0A9FD0146A2
:1000B000284609B0BDE8F04000F07DBE284609B0F2
:1000C000BDE8F040FFF70FBC2021FFF72AFE4021DA
:1000D000B1E610216FE71021ADE610B508460C46D9
:1000E000F0F75AFE0020E7F77FFE2046E7F744FFCF
:1000F0000120E7F779FE00212046F0F745FC204675
:10010000FFF731FE10B12046FFF7E5F9A3687BB198
:10011000186820B1F1F706FAA36800221A60A068F7
:1001200008300FF088F9A068F1F7FCF90023A3600C
:1001300010BDF0B5436A89B004460D4631EA0303A9
:1001400026D0E6F765FCE907074623D4636A2B430C
:1001500063622046E6F75CFC874202D115F0C07F5F
:1001600007D0204602F03AFF00F0BCFF204600F026
:10017000B9FFEB060CD504AA6946204601F0F4FC51
:100180006946204601F0C0F904A9204601F0BCF9F7
:1001900009B0F0BD204601F0E2F9636A2B436362C7
:1001A000238D9A07D5D52046FFF7DDFD06460028AA
:1001B000CFD0E6F71DFB3046FFF710FA0028C8D075
:1001C00001F0CDF9C5E710B5836804467BB934204A
:1001D000F1F796F9A06050B1438E43F470734386F3
:1001E000A26892F8323043F0030382F8323010BD37
:1001F00018B10068431A58425841704770B50E68EC
:1002000005460C4633681BB10B60FFF7F7FF26600D
:10021000736823B121462846BDE87040184770BD79
:1002200010B50446206883680BB1214698472368BF
:100230001B680BB12360F5E710BD006838B190F87A
:10024000203013F00303F8D0013B58425841704767
:10025000006838B190F8203013F00C03F8D0043B5C
:1002600058425841704738B50446B0B300F03AFFE1
:100270000020E7F7B9FD204610F0C2FB21462068B8
:10028000FFF7BCFF0120E7F7AFFDFF224FF470211D
:100290002046E7F7AFFD204600F0DFFFE6F7A2FAC1
:1002A000024638B12046FFF7D3FF18B12146104669
:1002B000FFF768F9204602F091FE054668B1224634
:1002C0002A21E6F727FB224628462B21E6F722FBC8
:1002D0002046BDE8384001F042B938BD30B504468B
:1002E0000D4685B0582202F0EBF82946024620461A
:1002F00002F01AF903460020DAB262F30700C3F3F2
:100300000722C3F3074362F30F2063F3174005B0DE
:1003100030BDF0B587B006469DF830500193D2B19C
:10032000D2F8390092F83C40039029B10246304699
:1003300002F012FD040E039085B184B129460198A4
:100340000EF0DDFD8DF80F400146039807B0BDE8C3
:10035000F0400EF07CBF02F033FDEBE734B92946E4
:10036000019807B0BDE8F0400EF0C9BD8DF80F4010
:100370002846039B05939DF8143063F307009DF80E
:10038000153063F30F209DF8163063F317409DF886
:10039000173063F31F6007B0F0BDF0B587B00746B4
:1003A0000193134652B3D2F8390093F83A6092F8A9
:1003B000392093F83B5093F83C4049B10246384607
:1003C00002F0CAFCC2B2C0F30726C0F30745040E10
:1003D000314628460EF0F2FDC0F307238DF80C00DD
:1003E000C0F307408DF80D3022468DF80E000199BC
:1003F000039807B0BDE8F0400EF0A8BE02F0E0FCA4
:10040000E0E713B55AB192F8384029B1622202F000
:1004100057F8C0B24443240A204602B010BD02B0CF
:10042000BDE8104002F08FB9F0B50D468BB0144610
:100430000646C2E900011269FFF7E3FF074675B1FE
:1004400002280CD8002384F8203084F83B3084F84C
:10045000483084F8583084F86C300BB0F0BD0C2272
:100460002946304602F02CF894F820300990E061DB
:10047000002B3FD01D222946304602F021F809907A
:10048000C0B2022884F8200034D91C222946304604
:1004900002F016F8294602460390304602F044F86E
:1004A000C0F30743ADF81C0029468DF81E30079BAA
:1004B000226909903046FFF770FFC0F3072384F8E4
:1004C0002100C0F307402946262284F82300304645
:1004D00084F8223001F0F4FF01460990002800F072
:1004E0004881C37A1A0700F044810C2204F12400E9
:1004F00010F0E5F994F84830002B3FD0302229461F
:10050000304601F0DDFF09906064B8B3322229461D
:10051000304601F0D5FF0990C0B2022884F84800A7
:100520002CD934222946304601F0CAFF94F84930CC
:100530003122294660F304030990304684F849309B
:1005400001F0BEFF29460246304601F0EDFFC0F340
:10055000074309902946ADF8240030468DF826302F
:10056000099B2269FFF719FFC0F3072384F83E00B7
:10057000C0F3074084F83F3084F8400094F85830C6
:10058000002B3AD038222946304601F099FF0990D5
:10059000206590B33A222946304601F091FF099038
:1005A000C0B2022884F8580027D93B222946304699
:1005B00001F086FF3922294609906065304601F036
:1005C0007FFF29460246304601F0AEFFC0F30743E5
:1005D00009902946ADF8240030468DF82630099B55
:1005E0002269FFF7DAFEC0F3072384F84A00C0F35C
:1005F000074084F84B3084F84C0094F83B30002BD3
:100600003DD028222946304601F05AFF0990206348
:10061000A8B329222946304601F052FF0990C0B202
:10062000022884F83B002AD9206B03F097FB0228AC
:1006300040F0F7805A222946304601F041FF294612
:10064000099060633046FFF749FEC0F307238DF839
:100650002400C0F307408DF8253029468DF8260088
:100660003046099B2269FFF798FEC0F3072384F800
:100670003800C0F3074084F8393084F83A0094F821
:100680006C30002B4ED03C222946304601F018FF3A
:100690000990E065002845D094F86C30022B41D9D0
:1006A0003E222946304601F00BFF0990C0B20228D5
:1006B00084F86C0036D940222946304601F000FF0C
:1006C0004122294609902066304601F0F9FE422277
:1006D000294609906066304601F0F2FE3D22294627
:1006E0000990A066304601F0EBFE294602460990CB
:1006F000304601F019FFC0F3074308902946ADF8D2
:10070000200030468DF82230089B2269FFF745FE15
:10071000C0F3072384F85900C0F3074084F85A3027
:1007200084F85B00FC2F3FF698AE94F8203013FB62
:1007300007F31B1284F8203094F83B3013FB07F3C7
:100740001B1284F83B3094F8483013FB07F31B125C
:1007500084F8483094F86C3013FB07F31B1284F8CC
:100760006C3094F8583013FB07F31B1284F85830A0
:1007700073E620222946304601F0A2FE94F82F307D
:10078000099060F3030384F82F301B073FF4B2AEE7
:1007900094F823302946B4F82120304684F82630D6
:1007A000A284232201F08CFE29460246304601F045
:1007B000BBFEC0F30743ADF8200029468DF8223078
:1007C000089B226909903046FFF7E7FDC0F3072335
:1007D00084F82900C0F3074084F82A3021222946F2
:1007E00084F82B00304601F06BFE22222946099046
:1007F00084F82800304601F063FE2422294609903F
:1008000084F82D00304601F05BFE25220990294630
:1008100084F82700304601F053FE099084F82C003C
:1008200068E62A222946304601F04AFE2946024659
:100830000790304601F078FEC0F307432B2229468B
:100840000990ADF8080030468DF80A3001F038FE06
:100850000990C0B2029B2946009030462269FFF7FA
:1008600058FDC0F30721030E0890C2B2C0F3074041
:1008700084F83C300EF0A2FBC0F3072384F8380064
:10088000C0F307402C22294684F83A00304684F809
:10089000393001F015FE0990003818BF012084F8A6
:1008A0003D00ECE673B5144605460E46C2E900016C
:1008B000592201F005FE0190C0B2022884F85800C8
:1008C00057D9226931462846FFF79BFDFC289FBF78
:1008D00094F8583013FB00F0001284F8580094F894
:1008E0005830022B45D931462846FFF7F7FCC0F3B4
:1008F00007238DF80000C0F307408DF80130314622
:100900008DF802002846009B2269FFF746FDC0F3E0
:10091000072384F82C00C0F3074084F82D305B22B5
:10092000314684F82E00284601F0CAFD5C2231468B
:1009300001906063284601F0C3FD5D2231460190BD
:100940002063284601F0BCFD94F85B305A22314602
:1009500060F302030190284684F85B3001F0B0FD9B
:100960005E2201903146A062284601F0A9FD84F87C
:10097000590002B070BDF0B587B0144605460E466A
:10098000C2E90001442201F09BFD0590C0B202289B
:1009900084F8500066D9226931462846FFF731FDB8
:1009A000FC289FBF94F8503013FB00F0001284F82D
:1009B000500094F85030022B54D94FF48073002229
:1009C00005F11407A3633846C4E90C230EF0F2F9CD
:1009D00000EBD0704010606438460EF0F0F945220C
:1009E00000EBD07031464010A064284601F068FD4D
:1009F00031460246284601F097FDC0F307434622E0
:100A000031460590ADF8080028468DF80A3001F00F
:100A100057FD0590C0B2029B3146009028462269DE
:100A2000FFF777FCC0F30721030EC2B2C0F3074003
:100A300084F84F300EF0C2FAC0F3072384F84C005C
:100A4000C0F3074084F84D3084F84E0056B1692257
:100A50003146284601F034FD94F8513060F3030329
:100A600084F8513007B0F0BD7FB5144605460E46F8
:100A7000C2E900014D2201F023FD0390C0B202281B
:100A800084F83C005AD9226931462846FFF7B9FC60
:100A9000FC289FBF94F83C3013FB00F0001284F850
:100AA0003C0094F83C30022B48D948223146284675
:100AB00001F006FD0390206300283FD04C22314610
:100AC000284601F0FDFC31460246284601F02CFD87
:100AD000C0F30743ADF8040031468DF80630019BA2
:100AE000226903902846FFF758FCC0F3072384F8D7
:100AF0002C00C0F307404922314684F82E002846D6
:100B000084F82D3001F0DCFC0390606330B14A22A0
:100B10003146284601F0D4FC0390A0634B223146B5
:100B2000284601F0CDFC003894F83D3018BF012074
:100B300060F3000360F3410384F83D3004B070BDFE
:100B40007FB5144605460E46C2E90001502201F069
:100B5000B7FC03902062002850D05322314628462B
:100B600001F0AEFC0390C0B2022884F83C0045D9E5
:100B7000226931462846FFF744FCFC289FBF94F8C1
:100B80003C3013FB00F0001284F83C0094F83C3039
:100B9000022B33D952223146284601F091FC3146CE
:100BA00002460390284601F0BFFCC0F30743ADF8AE
:100BB000040031468DF80630019B226902902846D8
:100BC000FFF7EBFBC0F307232077C0F30740637701
:100BD00054223146A077284601F072FC512202903F
:100BE0003146A063284601F06BFC003894F83D3094
:100BF00018BF012060F3000384F83D3004B070BDDD
:100C0000F7B53C2205460E4601F05AFC0446019019
:100C100080BB002438223146284601F051FC0746AB
:100C2000019090B13A223146284601F049FC0190EA
:100C3000C0B2022809D93B223146284601F040FCC7
:100C400007440190BC42B8BF3C4631466A22284660
:100C500001F036FC074601906B223146284601F030
:100C60002FFCB842B8BF38460028C8BF2418204619
:100C700003B0F0BD3E223146284601F021FC019030
:100C8000C0B20228C5D904EBD474422231462846AA
:100C9000641001F015FC40220134314601900444F7
:100CA000284601F00DFC41220746019031462846B6
:100CB00001F006FC00280190B8BF4042002FB8BFE9
:100CC0007F42B842ACBF2418E41924EAE474A1E7D7
:100CD000806800B1C06A704737B504460023FFF74B
:100CE000F7FF01AA05461B2120460193E5F712FEF6
:100CF000A268019B42B1D362019BAB4202D0204665
:100D000000F02DFC03B030BD002BF5D02046FFF7DE
:100D10005AFAA368019ADA62EEE7806818B190F88F
:100D20003300C0F38100704710B50C4670B90B68F2
:100D3000186868B1C3684BB100232146E360C368FB
:100D40009847207EC04300F0010010BD0068F0E726
:100D50000120FAE72DE9F04107460C4615461E46EC
:100D6000FFF731FAB86833462A4621460830BDE815
:100D7000F0410EF045BB83681C3B052B01D80EF0FB
:100D80007CBB0020704708B58368112B01D0002080
:100D900008BD0EF072FB0028F9D00068F8E708B52E
:100DA0008368122B01D0002008BD0EF066FB0028DE
:100DB000F9D00068F8E710B583680C461B2B06D104
:100DC0000EF05BFB0368A342ACBF0360046010BD80
:100DD00000B9704783682BB193F8333003F00C03EC
:100DE000082B01D04068F3E70120704707B52722A0
:100DF000002101F065FBC0B203B05DF804FB73B5E0
:100E000006461222002101F05BFB302204460190CD
:100E10000021304601F054FB3422054601900021A8
:100E2000304601F04DFB430748BF6419204602B02D
:100E300070BD2DE9F04F8BB00446924670220591AB
:100E400000211D4601F03CFB6E2200210890064661
:100E50008346204601F034FB01280746089081466E
:100E60004FF06F024FF000012046B8BF012701F09C
:100E700027FB012880460890B8BF4FF001082EB923
:100E8000B9F5807F02D1B0F5807F68D07122002152
:100E9000204601F015FB722208900021204601F047
:100EA0000FFB089B099003F0C042B2F1005F18D11C
:100EB00023F0C0496FF06042914512D0B9F1805FD4
:100EC00004F11400A2BFC9F17F6909F57F2909F671
:100ED000FF790DF06FFF642309FB00F090FBF3F046
:100EE0000890099B03F0C042B2F1005F18D123F0D3
:100EF000C0496FF06042914512D0B9F1805F04F1B2
:100F00001400A2BFC9F17F6909F57F2909F6FF79AD
:100F10000DF055FF642309FB00F090FBF3F00990FE
:100F20006269089B1344A2690893099B13440993BF
:100F30004DB14FF6FF73C6F1000BFA184344B2FBF4
:100F4000F7F7B3FBF8F808AB85F001055A465146B0
:100F500005980295CDE900833B460DF055FE0BB098
:100F6000BDE8F08F73B506461122002101F0A8FA02
:100F70003022044601900021304601F0A1FA3422CB
:100F8000054601900021304601F09AFAC30748BF98
:100F90006419204602B070BD73B5064610220021C8
:100FA00001F08EFA3022044601900021304601F013
:100FB00087FA3422054601900021304601F080FA7C
:100FC000830748BF6419204602B070BD73B506465A
:100FD0001322002101F074FA30220446019000210E
:100FE000304601F06DFA342205460190002130466A
:100FF00001F066FA030748BF6419204602B070BDCD
:1010000037B500230C4601AA0821054601F06CFA09
:10101000012804D1019BA34203D103B030BD0028B5
:10102000FBD100222146284601F017FFF5E737B52E
:1010300000230C4601AA0921054601F055FA0128B2
:1010400004D1019BA34203D103B030BD0028FBD1E2
:1010500000222146284601F007FFF5E738B504468F
:101060001546FFF7CDFF29462046BDE83840FFF77B
:10107000DEBF37B500230C4601AA0121054601F069
:1010800033FA012804D1019BA34203D103B030BD40
:101090000028FBD100222146284601F0C9FEF5E7D1
:1010A00037B500230C4601AA0221054601F01CFABF
:1010B000012804D1019BA34203D103B030BD002815
:1010C000FBD100222146284601F0C0FEF5E738B5E5
:1010D00004461546FFF7CDFF29462046BDE83840B7
:1010E000FFF7DEBF08B590F82A2042F0010280F831
:1010F0002A2001F06BFF90F82A2042F0040280F8C9
:101100002A20E7F76BF800223821BDE8084002F0FA
:101110004EBB10B50446002289B201F017FF2046ED
:10112000BDE81040FFF7DEBF70B5044615461E4609
:10113000002201F0A0FE294632462046BDE870405C
:10114000FFF78CBF43690B6083694B60C3698B6099
:10115000036ACB60704738B5044601F03FFF05468F
:10116000646948B14269A41A00F032FC044428467C
:10117000FFF745FE201A38BD2046FCE738B5044687
:1011800001F02CFF0546A46948B18269A41A00F059
:1011900024FC04442846FFF7FFFE201A38BD2046F1
:1011A000FCE738B50546FFF7E9FF044605F11400F2
:1011B0000DF005FE204438BD07B50922002101F0DD
:1011C0007FF903B05DF804FB14300DF0F3BD14306B
:1011D0000DF0F5BD70B50446FFF711FE064620463A
:1011E000FFF7F4FE054604F114000DF0E3FD801B4B
:1011F000401B70BD70B50446FFF7CEFE0646204684
:10120000FFF7B0FE054604F114000DF0D8FD801B79
:10121000401B70BD38B543690C4605460B608369B9
:101220004B60C3698B60036ACB60FFF7E8FD2368FE
:10123000034428462360FFF7C9FEA3681B1A28460B
:10124000A360FFF7A9FE6368034428466360FFF7C5
:1012500089FEE3681B1AE36038BD37B504460122F6
:10126000002101F02DF902220546019000212046BF
:1012700001F026F96FF0404301909D4201D0984261
:1012800005D12046FFF72EFF012003B030BD00201E
:10129000FBE72DE9F04781460D4616469A460027A2
:1012A00001F0D2FE8046474501D1BDE8F087D9F86C
:1012B00008301B6853F82740BAF1000F13D1636957
:1012C0003246294620462B446361A3693344A36117
:1012D000E3692B44E361236A334423620023FFF76D
:1012E000D8FF0137DFE74FF480212046FEF727FDC6
:1012F0000028E4D0F5E72DE9F04704460D461646F0
:101300001F4603F0010903F0020A6CB32046FFF701
:1013100004FD0AF0FF038046BAF1000F15D0B9F1C1
:10132000000F07D0204601F059FE3B4632462946C1
:10133000FFF7E1FFB8F1020F16D1324629462046E9
:101340000123BDE8F047FFF774BD022804D13246FF
:1013500029462046FFF76DFDB9F1000F04D0204665
:1013600001F03CFE0446D0E7BDE8F08713460122B9
:10137000FFF7C1BF70B50C4688B0096813466668B0
:101380000422A56800910135CDE90161E1680131D0
:10139000CDE9065103916946CDE90456FFF7ABFF4D
:1013A000069B049D1A460298AB420099A8BF2A46A4
:1013B0008242A8BF02468A42D4BF22602160AB426B
:1013C000B8BF2B46059D8342B8BF034603988B42A6
:1013D000ACBFA360A160079B0199AB421A46A8BFAE
:1013E0002A468242A8BF02468A42D4BF6260616038
:1013F000AB42B8BF2B468342B8BF03468B42ACBF5B
:10140000E360E16008B070BDF0B50D4689B0012120
:101410000446FEF794FC002872D1204601F0D6FD68
:101420000646E6F7DBFE0746E7F7A4FF864253D100
:101430002046FFF74DFC636902460146009368466B
:10144000A3690193E3690293236A03930DF03AF9C8
:101450006A46294628460DF04FF9064600284FD027
:101460002046FFF7B5FC20B1012229462046FFF7B0
:1014700081FF204604AF01F0B1FD0446002C40D0AE
:1014800001212046FEF75BFCD0BB04F114030FCB17
:1014900087E80F004FF480112046FEF750FC38B16A
:1014A0002046FFF715FC0246014638460DF00AF9C2
:1014B0002046FFF78DFC20B1012239462046FFF778
:1014C00059FF3A46294628460DF016F9C0B1204684
:1014D00001F084FD0446D1E73846E7F755FF864220
:1014E000A6D03846E7F76EFF8642A1D03846E7F728
:1014F00055FF86429CD03846E7F75AFF864297D080
:101500000026304609B0F0BD30B585B00C46054622
:10151000E6F764FEE7F7A0FFF8B1236869462846BE
:10152000009363680193A3680293E3680393FFF752
:101530006BFF90B1AB6853B193F8333003F00C03F9
:10154000082B04D10522684611460DF0BBF8284649
:10155000E6F744FE694602F03EF805B030BD30B50E
:10156000044685B0FFF7B4FB256A6169D4E9062318
:10157000091A121A03442844009169460192039003
:1015800020460293FFF7C0FF05B030BD2DE9F043C0
:10159000456889B004460E4617469DB14FF4802138
:1015A000FEF7CDFBD5F81490002847D0AB69B144C5
:1015B0001F442846FFF723FC09EB00062846FFF7E7
:1015C000EBFC07446369F61AA369FF1A56EA07039E
:1015D00031D02046FFF7C3FF63690093A3690193ED
:1015E000E3690293236A03936DB104A92846FFF7C8
:1015F00011FE002204A968460DF03AF9804620B990
:10160000284600F0D9FD4FF0000863693A4631469C
:10161000204633446361A3693B44A361E3693344D7
:10162000E361236A3B4423620023FFF732FE9DB946
:101630002046FFF794FF09B0BDE8F083284600F08C
:10164000C7F9A9EB00092846B144AE6900F0C5F915
:10165000A6EB00084744ACE722462A212846E5F7D6
:1016600059F92046FFF77BFF002204A904F114007A
:101670000DF0FEF8B8F1000F01D10028DBD02846AC
:1016800000F09AFDD7E730B5044685B0FFF720FBA0
:101690006169256A091AD4E9062300916946121A7C
:1016A000034428440192039020460293FFF7ACFEC6
:1016B00005B030BD38B505460C46FEF784FDAB6875
:1016C0009C6238BD034608465A690A609A694A60B6
:1016D000DA698A601A6ACA609B681BB19A6A114605
:1016E0000CF0F0BF704770B50E4686B0022105467B
:1016F000FEF725FB18B90024204606B070BD02A9EC
:101700002846FFF7DFFF0022314602A80DF030F82F
:1017100004460028EFD04FF480312846FEF70FFB37
:101720000028E9D001236A461621284600968DF844
:101730000430E5F7EFF89DF80440DDE730B50446E6
:10174000084601F0C041B1F1005F13D120F0C04163
:101750006FF06045A9420DD0B1F1805F4FF0640099
:10176000A2BFC1F17F6101F57F2101F6FF715943ED
:1017700091FBF0F002F0C041B1F1005F13D122F013
:10178000C0416FF06045A9420DD0B1F1805F4FF0CC
:101790006402A2BFC1F17F6101F57F2101F6FF71F3
:1017A000594391FBF2F2A242A8BF22469042B8BF31
:1017B000104630BD70B50446002501F045FC0646D4
:1017C000B5421FD194F82A30D9070DD56FF3000325
:1017D000204684F82A30E5F77DFA2046E5F752F9ED
:1017E00015B12046EEF7D6FB94F82A309A0711D5AA
:1017F0006FF341032046002184F82A30BDE8704091
:1018000000F0FBBCA3681B6853F825000135FFF707
:10181000D1FFD5E770BD002309211A46FFF784BC2C
:1018200007B5272200F04CFEC0B203B05DF804FB00
:1018300090F85C301B0704D500220E210068E5F704
:1018400069B8704773B506461222002100F038FED1
:101850003022044601900021304600F031FE34224F
:10186000054601900021304600F02AFE430748BF9C
:101870006419204602B070BD73B5064611220021DE
:1018800000F01EFE3022044601900021304600F098
:1018900017FE3422054601900021304600F010FE6C
:1018A000C30748BF6419204602B070BD73B5064631
:1018B0001022002100F004FE302204460190002195
:1018C000304600F0FDFD34220546019000213046EF
:1018D00000F0F6FD830748BF6419204602B070BDD2
:1018E00073B506461322002100F0EAFD30220446BB
:1018F00001900021304600F0E3FD342205460190BE
:101900000021304600F0DCFD030748BF6419204683
:1019100002B070BD38B504460D46FEF754FCA2680F
:1019200092F8323003F00301A94208D065F30103B5
:10193000204682F83230BDE83840FFF710BE38BD8F
:1019400038B505460C46FEF73EFCAA68538EC3F335
:101950008311A1421CBF64F38913538638BD38B587
:1019600005460C46FEF72FFCAB6893F8322064F373
:10197000830283F8322038BD38B505460C46FEF7A1
:1019800022FCAB6893F8322064F3051283F832200E
:1019900038BD836823B193F8320000F0030070472C
:1019A0000320704783681BB1588EC0F383107047C3
:1019B0000F207047806818B190F83200C0F38100A2
:1019C0007047806818B190F83200C0F3011070477A
:1019D000806808B1006A40427047806808B1406A78
:1019E00040427047FFF7F9BF51EA020370B5044661
:1019F0000D46164619D0FEF7E6FBA268294620469A
:101A0000136A2B441362A268536A3344536201235E
:101A10003246FFF73EFC00220F212046E4F77AFF12
:101A2000012803D12046FFF79AFD012070BD08B5BB
:101A30000346FFF7D2FF421800211846BDE80840D0
:101A4000FFF7D2BF08B503460022FFF7C1FF0144EC
:101A50001846BDE80840FFF7C7BF2DE9F047984694
:101A600051EA020305468946924651D0E5F7FCFB50
:101A70002846FFF7ADFF00210746A9EB00092846DD
:101A8000FFF7CEFE01282ED0B9F1000F3CDA284630
:101A9000E5F764FE04462846E5F7B8FE204420EA50
:101AA000E07044424C45B8BF4C462846FFF795FFCE
:101AB000BAEB000A814629D52846E5F703FE09EB73
:101AC000000626EAE67676425645B8BF56463919EC
:101AD00009EB060251EA02031AD043462846BDE844
:101AE000F047E5F707BFB9F1000F0DDD2846E5F730
:101AF00035FE04462846E5F789FE044424EAE474EA
:101B00004C45A8BF4C46D0E70024CEE70026DEE7D0
:101B1000BDE8F08770B5054616461C461A46E5F73F
:101B200079FF314622462846BDE87040E5F786BF7A
:101B300073B504460E46E5F797FB00232046CDE932
:101B4000003301F04BFA2146054614340DB902B0BA
:101B500070BD33466A462046E5F784FF284601F00B
:101B60003DFA29460546F1E72DE9F04F4FF0FF36E3
:101B700093B00D46174600220446334628461146C8
:101B800000960CF085FD002233463846114600963B
:101B90000CF07EFD10212046FEF7D1F88046C0B340
:101BA0002046FFF7F6FE834698B30020EBF77CFB58
:101BB000BBF1020F824629D02046FFF70EFF814677
:101BC0002046E5F77FFD0D902046E5F7C7FD0B9019
:101BD0002046E5F71BFE04902046FFF7E3FE10F0D9
:101BE0000C0F00F003061FD19EB1BBF1010F40F0B6
:101BF000158146464FF0000832E050460BF089FD53
:101C00008442D9D05046EBF74FFB8246BAF1000F21
:101C1000F3D113B0BDE8F08F002EFAD050460BF090
:101C20006BFD0328F5D1E4E7BBF1010FF6B200F03C
:101C3000E880BBF1030F40F0D080B9F1000F0BDC5E
:101C40000D9B002B08DC002EE3D00B9B002BD0DC7F
:101C5000049B002BCDDCDCE7002E40F0D680002674
:101C60004FF480312046FFF7DBFD10224FF4803126
:101C70000C90204600F024FC11224FF48031089093
:101C80001190204600F01CFC12224FF48031099084
:101C90001190204600F014FC13224FF48031119073
:101CA0008346204600F00CFC01224FF48031119055
:101CB0008246204600F004FC03224FF4803103905A
:101CC0001190204600F0FCFB0A90119007902046EE
:101CD000FFF77DFA05902046FFF776FAB8F1000F7E
:101CE000039B4FF01D0208BF0023002E06904FF407
:101CF000803102932046039B08BF00230E9300F01F
:101D0000DFFB1190C0B2022840F29380B8F1000FBF
:101D100040F09B80002E3FF47CAF069B0B9E1E4440
:101D2000049BF6183FF475AF236A4FF00A08099A2E
:101D300000209B1A039AEB609B1A01336B60636966
:101D40002B60E369AB60069BA3EB0B07029BA7EB41
:101D50000A07FF1A0A9B002BDFBF069B7B4393FBFE
:101D6000F6F30793E7F7C8FA08FB00F0EF2840F313
:101D700068810020E7F7C0FA08FB00F0A02350308C
:101D800090FBF3F0079B834213DC4FF00A0800201E
:101D9000E7F7B2FA08FB00F0EF2840F35481002087
:101DA000E7F7AAFA08FB00F0A023503090FBF3F30A
:101DB0000793069B6169F61A002E00F34E810C9B77
:101DC0005944012B40F04181029B0B44591E29606C
:101DD000E369A3EB0A03AB601BE7BBF1020F7FF4DF
:101DE00018AF50460BF088FC0C287FF415AF002E7E
:101DF0003FF435AF50460BF07FFCC31E5E425E41A0
:101E00002EE7003E18BF01262AE70B9B002B0EDCB5
:101E1000049B002BD4BF0026012621E7BBF1030F52
:101E20003FF413AFBBF1020F7FF4F3AEF6E6464684
:101E300016E732224FF48031204600F041FB11902A
:101E4000C0B202283FF662AFE3E6059B99440D9BC2
:101E500019EB03093FF45EAFA3697B60236AFB6063
:101E60000C9B012B52D16369039A5B443B60134482
:101E7000013BBB60089A0020059BA3EB0208099B6D
:101E8000A8EB03080E9BA8EB03030F930A9B002B00
:101E9000DBBF059B0F9ADDF828805343D8BF93FB27
:101EA000F9F8E7F729FA0A225043EF2837DD002036
:101EB000E7F722FA0A225043A022503090FBF2F0BA
:101EC000804511DC4FF00A080020E7F715FA08FBFF
:101ED00000F0EF2825DD0020E7F70EFA08FB00F3FD
:101EE000A022503393FBF2F8059BA269A9EB0309EA
:101EF000B9F1000F18DC089B1344099A7B60236A30
:101F00009B1A0E9A9B1A013BFB6003E7E369039A55
:101F1000A3EB0A03BB609B1A01333B60AAE70120D5
:101F2000CEE74FF00108DFE7059B0F994345A8BFB7
:101F30004346A1EB03080D9908FB01F191FBF9F968
:101F4000A8EB09080899424451180B447960013BF9
:101F5000FB60A3699A4230DADDF820804FF00A096D
:101F600000209844C7F80480E7F7C6F909FB00F0A1
:101F7000EF285EDD0020E7F7BFF909FB00F0A023A2
:101F8000503090FBF3F08044FB68984515DD4FF02E
:101F90000A090020D7F80480E7F7AEF909FB00F042
:101FA000EF2848DD0020E7F7A7F909FB00F0A023A0
:101FB000503090FBF3F04044F8600E9A236A9B1A6D
:101FC000099AA3EB0208FB6843457FF7A3AE4FF0E5
:101FD0000A090020C7F80C80E7F78EF909FB00F02A
:101FE000EF282ADD0020E7F787F909FB00F0A0239E
:101FF000503090FBF3F0A8EB00087B689845BFF6E3
:1020000089AE4FF00A090020D7F80C80E7F774F981
:1020100009FB00F0EF2812DD0020E7F76DF909FB5E
:1020200000F0A023503090FBF3F0A8EB00007860A4
:1020300070E60120A7E70120BDE70120DBE70120D2
:10204000F3E701209EE60123B2E62960E369029AE4
:10205000A3EB0A039B1A013BBDE6DDE906239A4286
:10206000A8BF1A46049BBF1A7B4393FBF6F6BF1B1F
:102070000F440C9901290BEB070363D102990B4420
:102080002B601344013BAB606669BE4227DD5E44B2
:102090000A2700200E442E60E7F72EF97843EF2838
:1020A0004CDD0020E7F728F97843A023503090FB5F
:1020B000F3F00644AB689E4211DD0A2700202E682B
:1020C000E7F71AF97843EF283ADD0020E7F714F92B
:1020D0007843A023503090FBF3F00644AE60E469EF
:1020E000A4EB0A04AB68A3427FF793AD0A26002055
:1020F000AC60E7F701F97043EF2859DD0020E7F7FE
:10210000FBF87043A023503090FBF3F0241A2B68A7
:102110009C42BFF67EAD0A260020AC68E7F7ECF8DB
:102120007043EF2846DD0020E7F7E6F87043A02370
:10213000503090FBF3F0241A2C606AE50C98B8E755
:102140000120CAE72B601344013BAB606669BE42C5
:1021500026DD5E440A2700202E60E7F7CDF878439D
:10216000EF2821DD0020E7F7C7F87843A02350309F
:1021700090FBF3F00644AB689E4211DD0A27002075
:102180002E68E7F7B9F87843EF280FDD0020E7F76E
:10219000B3F87843A023503090FBF3F00644AE60D0
:1021A000E469029BE41A9BE70120E3E70120F5E7DD
:1021B0000120ABE70120BEE710B588B0044604AAB1
:1021C0006946FFF7D1FC68460CF072FA18B904A80A
:1021D0000CF06EFA78B168460CF06AFA18B16946EC
:1021E0002046FFF791F904A80CF062FA18B104A98F
:1021F0002046FFF789F908B010BD2DE9F0410446EB
:102200008846FFF7DEFB064698B92046FFF7E5FB58
:1022100007462046E5F756FA051E0ADA002F08DDC4
:102220006A42434631462046BA42A8BF3A46E5F7DD
:1022300061FB2046FFF7BEFB074620BB2046E5F7C3
:102240008DFA06462046E5F7E1FA3946054620466E
:10225000FFF7E6FA01280ED0002D14DA002E12DD69
:10226000694243463A46B142A8BF31462046BDE8DE
:10227000F041E5F73FBB002E05DA002D03DD4346B4
:102280003A463146F2E7BDE8F08170B5047A03685A
:10229000FF2C0ED003EB8405002084420ED80020D2
:1022A0000BE0884203F1080303D163680120136047
:1022B00003E018781C460028F3D170BD15F8016BB7
:1022C0008E4202D153F82030F0E70130E5E72DE9E6
:1022D000F84F0F4611461A464FF001098B0890F847
:1022E0002A50064607F47F0A1F2B05F008054FF019
:1022F000000428BF1F2309FA03F9738DC3F30513E4
:10230000A34205D84FF0FF35681C18BF01201CE020
:10231000F0684FEAC40C00EBC40393F807E01EF02A
:10232000020F14D00DB10134E7E75B6803F47F03BB
:102330005345F8D150F80C00436819EA030FF2D066
:10234000FFF7A3FF0128EED10120BDE8F88FBFB24F
:102350004FF0FF35FB431FFA83FB738DC3F3051367
:10236000A342D1D9F36853F8340003EBC40C43689B
:1023700019EA030F07D0DCF80430C3F3170C03F499
:102380007F039A4503D0A84601344546E5E71CEA99
:102390000B0F1FFA8CF8F6D1A845F4DDFFF775FF97
:1023A0000128F0D14745EFD1CEE7F8B50746002424
:1023B00000F04AFE0646B44200D1F8BDBB681B6877
:1023C00053F8245001342846FFF7C9F8002232217F
:1023D0002846E4F79FFA2846FFF7C1F82846FFF79A
:1023E000E4FFE8E770B5438D04460D46C068C3F3CB
:1023F00005130022934203D80ED000EBC20070BD3B
:1024000000EBC201CE79B60704D54968C1F31701C4
:10241000A942F2D00132EDE70133628D03F03F03B0
:1024200063F30912D9006285EFF786F8668DE060E4
:10243000C6F30516013EE06818D1082231460EF0B9
:1024400040FAE6680C20EFF753F83060E36818684C
:102450000DF089FDE268D37943F00203D371E3689C
:102460005A6865F317025A60E068C8E700EBC603D4
:1024700013E9030083E80300DCE770B5037A044640
:102480000568FF2B1AD005EB83050026237A9E42B0
:1024900012D215F8010BEEF7DFFD830605D40136E5
:1024A000F4E7EEF7D9FD820601D5012070BD0134B5
:1024B00015F834000028F4D10020F7E70024F7E7EE
:1024C00037B50023058D1446009329436B46E5F785
:1024D000F9FB012805D0204603B0BDE83040EEF7F7
:1024E0005FBD009803B030BDF0B5458D0024C5F345
:1024F0000515A54201D80020F0BDC7684FEAC40CFD
:1025000007EBC40696F807E01EF0010F0AD07668C4
:10251000C6F317069E4205D157F80C00BDE8F040FF
:102520000DF0B3BD0134E4E784B0104604B0704749
:102530002DE9F743002507466FEA01086FEA020913
:102540002E467B8DC3F30513AB4240F28780FB68B8
:10255000E90003EBC502D07984077CD4928818EA9D
:10256000020F0CBF0120002019EA020F0CBF01224C
:10257000002290426FD05C5801AA102120460DF035
:1025800084FD002869D101AA112120460DF07DFDAE
:10259000002862D101AA122120460DF076FD002804
:1025A0005BD101AA132120460DF06FFD002854D104
:1025B00001AA152120460DF068FD00284DD101AA81
:1025C000142120460DF061FD002846D101AA1621F4
:1025D00020460DF05AFD00283FD101AA6C2120466B
:1025E0000DF053FD002838D101AA6D2120460DF0D1
:1025F0004CFD90BB01AA012120460DF046FD60BBB9
:1026000001AA022120460DF040FD30BB01AA0421A1
:1026100020460DF03AFD00BB01AA052120460DF031
:1026200034FDD0B901AA062120460DF02EFDA0B937
:1026300001AA072120460DF028FD70B901AA30211A
:1026400020460DF022FD40B901AA6A2120460DF076
:102650001CFD38B10226013573E70326304603B06E
:10266000BDE8F08301AA6B2120460DF00EFD002885
:10267000F0D101AA702120460DF007FD0028E9D114
:1026800001AA6E2120460DF000FD0028E2D101AA2A
:102690006F2120460DF0F9FC0028DBD101AA3A2178
:1026A00020460DF0F2FC0028D4D101AA3B2120469F
:1026B0000DF0EBFC0028CDD101AA382120460DF009
:1026C000E4FC0028C6D101AA3C2120460DF0DDFC27
:1026D0000028BFD101AA3E2120460DF0D6FC0028DB
:1026E000B8D101AA402120460DF0CFFC0028B1D17D
:1026F00001AA412120460DF0C8FC0028AAD101AA58
:10270000422120460DF0C1FC0028A3D101AA482196
:1027100020460DF0BAFC00289CD1012E38BF0126BE
:1027200099E773B55E2205460E46FFF7C9FEC4B2AF
:10273000272231462846FFF7C3FE012C204638BF2A
:10274000012002B070BD73B5622205460E46FFF748
:10275000B7FEC4B20190022C03D80024204602B078
:1027600070BDFC2C96BFC4EB0424FF24C4F30724E3
:102770001EB9284600F032FC05462DB9022CECD9D2
:10278000FD2C28BFFF24E9E7622200212846FFF73D
:1027900097FE0190C0B20228DFD9FC289CBF4443B9
:1027A000C4F30724E5E737B5702200210446FFF79C
:1027B00087FE0546019020B1A368002B4ED102256B
:1027C0002EE001466E222046FFF77AFEB0F5807FAC
:1027D0000190F1D16F2229462046FFF771FEB0F536
:1027E000807F0190E8D1294673222046FFF768FEDA
:1027F000014601900028DFD174222046FFF760FED9
:10280000054601900028D7D1014663222046FFF7F4
:1028100057FE0190C0B2FF280BD0A36833BB01253F
:102820002046FDF7D0FCA36893F8332065F38302BC
:1028300019E0294675222046FFF742FE0146019025
:102840000028EAD169222046FFF73AFE019010F0F5
:10285000FF00A368E2D113B903B030BD022093F8A2
:10286000332060F3830283F83320F5E70120F6E795
:102870002DE9F84F04461FFA82F902F47F050F464E
:1028800011B30E7A1DB90846FFF7F7FDC0B9003E37
:1028900018BF01267642F6B200224FF6FF7A904624
:1028A000638DC3F30513434510D8002A65D0002E6D
:1028B00063D029462046FF22BDE8F84FE5F79ABAD3
:1028C0002046FEF74CFEE2E7FF26E5E7E068D1454B
:1028D0004FEAC80B00EBC8014B68C3F3170303D0E2
:1028E0001FFA83FCCC450BD1B5F5702F03D003F450
:1028F0007F039D4204D137B150F80B30BB4202D068
:1029000008F10108CCE7CB79990705D50023FF2210
:1029100029462046E5F712FAE36803EB0B02D27969
:1029200092070DD053F80B0008B10DF020FBE368BF
:1029300053F80B00EEF7F6FDE368002243F80B2096
:10294000424606E0013200EBC20393E8030003E9CC
:102950000300638DE068C3F3051101F1FF3C94456A
:10296000F0D83F3101F03F0161F30913C9006385DD
:10297000EEF7E2FD0122E06092E7BDE8F88F2DE975
:10298000F04115460E460023FF2229460446E5F78E
:10299000D5F94EB115F47F0F06D13046FFF76DFD26
:1029A00010B12046FEF7DBFD20462A4631464FF0A7
:1029B0000008FFF75DFF638DE068C3F3051343452F
:1029C0004FEAC80725D80133628D03F03F0363F354
:1029D0000912D9006285EEF7AFFD638DE060C3F3A5
:1029E0000513013BE06898451AD3384408220021BA
:1029F0000DF067FFE36829462046DE51E3683B445B
:102A00005A6865F317025A60FF22BDE8F041E5F706
:102A1000F1B9C219D2799207D5D008F10108CEE7F1
:102A200000EBC30212E9030082E80300D9E7F8B51E
:102A30004B8D05460C4613F47C7FC3F305120CD076
:102A400028B10023E16851F83310A9420DD1FF22CB
:102A50004FF470212046E5F7CDF92046002600F01E
:102A6000F3FA0746BE4204D1F8BD01339A42E9D8D1
:102A7000F3E7A36828461B6853F826100136FFF7D2
:102A8000D6FFEFE72DE9F7431E46044600230192E7
:102A90000F460A4606F47F01E5F750F9658DE068B8
:102AA0000023C5F30515AB4234D30135638D05F022
:102AB0003F0565F30913E9006385EEF73DFD658D7C
:102AC000E060C5F30515013DE0684FEAC508002D3B
:102AD00046D10822002140440DF0F3FED4F80C90BA
:102AE0000C20EEF70DFD49F83500E36853F835008A
:102AF0000DF039FAE3684344DA7942F00102DA7101
:102B0000E36843445A6866F317025A60E36853F86F
:102B100035500DE000EBC302D90092F807C01CF05D
:102B2000010F1BD05268C2F31702964216D14558C6
:102B30003EB93846EEF790FA830602D52046FEF7F6
:102B40000EFD019A394628460DF05BFA3A463146A9
:102B5000204603B0BDE8F043E5F74CB90133A2E7E6
:102B6000A8F1080300EB08020344D9798907B0D122
:102B700093E8030082E80300A5E7F8B50F46418D0E
:102B800004461646C1F305110023994203D80DD11E
:102B900000252846F8BDE26802EBC302D079C007E1
:102BA00013D55268C2F31702B2420ED1E268394619
:102BB00052F833000DF0EAF905460028E8D03A460D
:102BC00031462046E5F716F9E3E70133DDE770B556
:102BD0000468A568227905F47F0520682946FFF777
:102BE0006FFC2679002329463246E0602371234694
:102BF0002068E5F7A3F8A16820682671FFF7F2FBCB
:102C0000E268217900680DF0FCF92279A16820685A
:102C1000BDE87040E5F7EEB8F7B507680446002355
:102C2000788DC0F3051098424FD9FA68DE0002EBA8
:102C3000C302D579AD0705D55268A568C2F317025E
:102C4000AA4201D00133EEE7002300932379642BDD
:102C500054D04BD8452B3AD8302B0CD81C2B01D054
:102C6000232B38D1002954DCE368ADF800301B0C6D
:102C70008DF8023012E0313B0122DBB202FA03F39D
:102C800002F5801202F588521A40002AEAD113F0A8
:102C9000180F20D0FE292FDCE3680093002301AA3F
:102CA00021790193FB6898590DF0EFF9002844D180
:102CB0000125FB68009A217998590DF0A2F925B1F8
:102CC0002279A1682068E5F795F803B0F0BD582B8C
:102CD000C8D05A2BDED00029DED0FF290CD0D4E991
:102CE00003239B1A4B4302EB23220CE0692BD1D028
:102CF000782BB7D0682BEDE72369CEE7D4E903231F
:102D0000002ACAD00BB90092C8E77F29D8BF134662
:102D1000C3E7FE2901DD2369A7E7CAB2D4E903109E
:102D20000CF014FAC0F307238DF80000C0F307403D
:102D30008DF801308DF80200B0E7DDE900539D42C7
:102D4000B6D1294628460CF016F90028B0D0019BD0
:102D5000ED1A18BF0125ACE77FB50192792205462F
:102D60000E46FFF7ADFB10F0FF04039016D078225B
:102D700031462846FFF7A4FBC0F3074303902146E2
:102D8000ADF80C008DF80E3003980CF0B8F8014641
:102D9000019804B0BDE870400CF059BA019B204680
:102DA000DAB262F30700C3F3072262F30F20C3F322
:102DB00007421B0E62F3174063F31F6004B070BD3F
:102DC00030B5782285B004460D46FFF779FBC0F395
:102DD0000743792229460390ADF8040020468DF878
:102DE0000630FFF76DFBC1B2039001980CF087F835
:102DF00002901DB9204600F0F1F804468CB9029B00
:102E00002046DAB262F30700C3F3072262F30F2011
:102E1000C3F307421B0E62F3174063F31F6005B054
:102E200030BD029A00212046FFF796FF0290E1E7AD
:102E300082B013460A46012102B0FFF723BE82B0DA
:102E400013460A46042102B0FFF71CBE82B01346A7
:102E50000A46022102B0FFF715BE82B013460A46A9
:102E6000082102B0FFF70EBE82B013460A460921C0
:102E700002B0FFF707BE82B013460A460A2102B02D
:102E8000FFF700BE82B013460A46102102B0FFF7DA
:102E9000F9BD82B013460A46112102B0FFF7F2BD18
:102EA00082B013460A46122102B0FFF7EBBD82B092
:102EB00013460A46132102B0FFF7E4BD82B0134661
:102EC0000A46142102B0FFF7DDBD84B0134600228C
:102ED000ADF80C10090C8DF80F208DF80E101C2188
:102EE000039A04B0FFF7CEBD82B013460A462821EC
:102EF00002B0FFF7C7BD84B013460022ADF80C1036
:102F0000090C8DF80F208DF80E103121039A04B0B2
:102F1000FFF7B8BD82B013460A46302102B0FFF772
:102F2000B1BD82B013460A465A2102B0FFF7AABDCE
:102F300082B013460A465E2102B0FFF7A3BD82B0FD
:102F400013460A460C2102B0FFF79CBD82B013461F
:102F50000A46162102B0FFF795BD82B013460A4615
:102F6000272102B0FFF78EBD82B013460A467A21B0
:102F700002B0FFF787BD82B013460A467B2102B03C
:102F8000FFF780BD82B013460A467C2102B0FFF7EE
:102F900079BD82B013460A467D2102B0FFF772BDAB
:102FA00082B013460A467E2102B0FFF76BBD38B5EA
:102FB00004460D460AF080FB10B120460AF0C1FB22
:102FC00029462046BDE83840EBF77CB9034620B1DE
:102FD00018465B68002BFBD17047704700B1406812
:102FE0007047806858B10029038E01DAC91805D4EA
:102FF0008B4203D9036853F82100704700207047C3
:1030000070B58468F4B10029238E19DA0131013BCF
:1030100014D3206850F8230005689542F7D10029A1
:10302000F4D170BD206850F825000668964202D1A0
:103030000029F6D0013901359D42F3DB0020F0E78D
:103040000025F9E72046ECE7806800B1008E704764
:1030500030B5836873B100201C8E0246944200D8BC
:1030600030BD1D6855F8225001322D688D4208BFD1
:103070000130F3E71846F3E7034610B530B1426874
:1030800022B192680020118E814202DC4FF0FF30A5
:1030900010BD146854F820409C42F9D00130F3E789
:1030A00070B590F82B300446DB062BD4FEF757FAA8
:1030B00065682046ADB1E5F7B1F895F82B4014F0FE
:1030C00010041FD12846FFF777F822462A21284608
:1030D000E3F720FC224628462C21BDE87040E3F7A8
:1030E00019BCE5F77BF8064660B1D0F8C832204637
:1030F0009C4203D0BDE87040E5F790B8E5F78EF844
:10310000C6F8C85270BDFFF7CBBF2DE9F041436848
:1031100005460C46002B67D0002965D08B4263D052
:10312000FEF71DFA2046FDF74EF82846FFF7A4FFEC
:103130006E6803463046FFF787FF0138B268984251
:1031400043DC138E013B1386B768B7F83080B8F1C3
:10315000000F42D04FEA88013868EEF7EDF9386089
:10316000A268138E01331386A768398E38688900E8
:10317000EEF7E2F938602046A368FFF765FF00F13B
:1031800080401B68013843F8205030466C60FFF7E0
:1031900013F82A462A213046E3F7BCFB00222C21F3
:1031A0003046E3F7B7FB2A462A212046E3F7B2FB75
:1031B00000222B212046E3F7ADFB2846FDF792FFC6
:1031C0002846BDE8F041FEF7CAB9126802EB830158
:1031D000496842F823100133ACE73868EEF7A2F9EA
:1031E000B368C3F80080BBE7BDE8F08170B50C465A
:1031F0000646A0B3456895B32846FFF725FF00298A
:1032000001DA0C182BD4A04229DD3046FFF734FF39
:10321000A04224D011DCAB68A0421B6811D003EBA4
:103220008002526843F820200130F4E703EB80026B
:1032300052F8042C43F820200138AB68A0421B68E8
:10324000F4D1AB68284600222A211B6843F8246089
:10325000E3F760FB2846BDE87040FEF780B970BD1B
:1032600010B5044600223F2100F0A1FA236B6BB198
:10327000626B1AB120469847002363630022204600
:103280004021A263BDE8104000F091BA636B002BAF
:10329000FCD1F3E72DE9F341041D076890F8148091
:1032A0000E4620460BF086FD054620460BF087FDB6
:1032B0002A46034641463846009600F07AFB02B0A3
:1032C000BDE8F08173B500220C46143106460BF0C0
:1032D000CFFA10B9002002B070BD01212046FCF7E2
:1032E0002EFD0028F6D12046FDF717FD05460028E3
:1032F000F0D1014662222046FFF7E2F80090C3B207
:10330000FC2BE7D96A461A2120468DF80050019619
:10331000E3F700FB9DF80030022BDBD02046FFF7DF
:1033200093FE451E002D05DA9DF80030002BD1D10B
:103330002046D0E7A36830461B6853F82510FFF7F6
:10334000C1FF0028C7D1013DECE770472DE9F04FE0
:1033500000F11805C7B00C46074602AE95E80F000D
:1033600086E80F000AA92046FDF7ECFE06AE2046CF
:10337000FDF7AEFC024601460AA80BF0A3F90AAA23
:1033800002A930460BF0B8F9E0B396E80F0085E8E3
:103390000F003A461C212046E3F7BCFA3A461D21AD
:1033A0002046E3F7B7FA1E213A462046E3F7B2FA81
:1033B0004FF480112046FCF7C2FC30BB04F114022C
:1033C0000EAE294630460BF097F9B8B197F8383071
:1033D000022B13D92046FFF737FE8346B8B93A4689
:1033E0001F212046E3F796FA3A4620212046E3F7CC
:1033F00091FA3A4621212046E3F78CFA02AB0FCB33
:1034000085E80F0047B0BDE8F08F0AAAD8E796E834
:103410000F0085E80F002D2200212046FFF750F80D
:103420002B9058B90026A36838461B6853F826101D
:103430000136E5F705F8B345F5D1D0E70C220021B8
:103440002046FFF73DF881462B900028EAD004F192
:1034500014061EA800F022FE0DF1940CCDF8A490E5
:1034600096E80F008CE80F002BA8E6F787FD3046A2
:103470000BF0A0FC804630460BF0A1FC804503DB3E
:1034800030460BF09CFC02E030460BF093FC4FEA18
:103490006008C84596E80F00A8BFC8460DF1480966
:1034A00089E80F00A3EB08032A4649464846013342
:1034B00013930BF021F960B34A461021384600F00F
:1034C00031FC00238246A26850460193126852F8EC
:1034D0002310E4F7B5FF019B01339B45F3D152461E
:1034E0001F212046E3F716FA524620212046E3F733
:1034F00011FA524621212046E3F70CFA1EA9504644
:1035000000F0D0FD4A462BA93846CDF8C8A0E6F712
:10351000C3FD0DF1580996E80F0089E80F000B462E
:103520002A46494648464344013B19930BF0E4F8C8
:1035300060B34A461021384600F0F4FB002382466F
:10354000A26850460193126852F82310E4F778FFFE
:10355000019B01339B45F3D152461F212046E3F7DF
:10356000D9F9524620212046E3F7D4F952462121C9
:103570002046E3F7CFF91EA9504600F093FD4A46D6
:103580002BA93846CDF8C8A0E6F786FD0DF16809ED
:1035900096E80F0089E80F000B462A464946484640
:1035A00043441B931D9BA3EB08031D930BF0A4F84E
:1035B00000283FF423AF002699E80F0085E80F00AC
:1035C000A36838461B6853F826100136E4F738FF25
:1035D000B345F5D103E770B50E4688B0044618B977
:1035E000E5F74AFE044630B12046E5F735FF10B155
:1035F0001EB9C4F8646208B070BD002320466D4651
:10360000CDE90033E5F748FE013802902046E5F7A2
:1036100053FE01382A463146039004A80BF06CF89B
:103620000028E8D094F84030072B07D1049B23F002
:1036300007030493069B43F00703069394F83D3079
:10364000022B0ED104F1440695E80F0086E80F0026
:103650000123002238212046C4F8643200F0A7F884
:10366000C9E704AA3521204600F0A1F80128C2D1FB
:103670000026B1B2D4F864328B4214D81F2B85BF18
:1036800000232A4604AAC4F86432D4F864321068CD
:1036900004EB031101334864506888649068C8647F
:1036A000D2680A65D5E704EB0111002204A80136AF
:1036B00044310BF0DDF80028DBD09CE738B5054637
:1036C0000BF0D7FE044628460BF0D1FE382C06D16D
:1036D000D0F8080318B1BDE838400DF0BCB838BDCB
:1036E0002DE9F04F87B004469A468B469DF840304E
:1036F00017460493E5F734FE06462046E5F7ECFD51
:10370000804620463146E5F7EFFD05465846E6F788
:10371000DFF81FB131463846E6F7DAF83146404661
:10372000E6F7B0F8049B81466BB32A4604F51E7594
:1037300033464146CDF8009028460592CDE901BABE
:1037400004F5257BE6F7CCF83346059A4146584602
:10375000CDF80090CDE9017AE6F7C2F8002F2946AE
:10376000204614BF5A460022E5F7D0FD04992046B2
:10377000E5F7DCFD94F83F3043F0020384F83F3076
:1037800007B0BDE8F08FBAFBF0F2CFE70023436348
:103790007047806B003818BF01207047006A0038FE
:1037A00018BF0120704700F53A700BF029BE70B5C4
:1037B00088B004460E46154600211C2201A80DF0D3
:1037C00080F8012201A903960595CDE9014404F58D
:1037D0003A7420460BF0B5FD012804D1002201A95E
:1037E00020460BF0AEFD08B070BD024608B550B1E2
:1037F0000020E5F781FD4243EF2AC5BF5032A023E8
:103800000122B2FBF3F2104608BD10B540220021A0
:1038100004460DF056F801232362FF2384F83C3060
:103820000BF0F2FBC0F307232077C0F30740637768
:103830004023A077636110BD7FB591F83C30054609
:103840000C46022B20D90B6AF3B1D1E909239A4225
:103850001AD08B8ECA6AD11A1A440091013A216B90
:1038600002920922CE1A0B446946013B019603934A
:10387000E6F796F9064621464022406D0DF01FF806
:1038800031462846E6F776FA04B070BD10B1033031
:1038900020F00300704710B504460846EDF73AFAE9
:1038A00060430730C00810BDEDF73CBE0330EDF7B4
:1038B0001FBE0346084611465B6903B11847184608
:1038C00070470346084611469B6803B118471846DF
:1038D000704730B5856987B004460A462B696BB1DD
:1038E00041B98388C088013B0138009002A80AF0E2
:1038F000CFFE02AA2B6911462046984707B030BD7B
:103900002DE9F84F07461C20894693461D460A9E1E
:10391000EDF7F6FD044688B126B929464846E5F795
:10392000B1FF064633462A4659464846E5F7B2FFF8
:103930003B68804633B92046EDF7F4FD002420466D
:10394000BDE8F88F2946984782460028F3D0657075
:1039500029462368A4F8049003F47F43A4F806B032
:10396000268143F4401343F019032360E5F7B0FFC9
:10397000C4F80C80A761C4E9040AE0E737B50B89F5
:103980000C4600934B78CA888988FFF7B9FF054633
:1039900060B16388C26843F030034380E368216903
:1039A0009A42006928BF1A460CF089FF284603B0E6
:1039B00030BD2DE9F041069E0D4617469846044657
:1039C00018B900242046BDE8F08101B9457826B930
:1039D00029463846E5F756FF064633462A4641460D
:1039E0003846E5F757FFE3688342EAD36570A7805E
:1039F000A4F806802681E5E710B5044660B1438847
:103A0000DB0609D583695B680BB14069984720469E
:103A1000BDE81040EDF786BD10BD2DE9F04304462A
:103A200089B0B0F808800E4679B90A46E5F79CFFE0
:103A3000E288314608FB02F20CF043FF3146204693
:103A400009B0BDE8F043FFF744BF00236A46CDE963
:103A500000338388013B0293C38804A8013B03938E
:103A60000AF04AFE10B304A80BF0A4F900281DDDEB
:103A700004A80BF0A4F9002818DD2046DDE90412A3
:103A8000E5F772FF07466078EDF744F9054604A8AC
:103A90000BF090F94543DDF814900735ED10079BC6
:103AA0004B4506DA31462046FFF713FF09B0BDE863
:103AB000F08338462A460021474409F101090CF0F9
:103AC00000FFECE72DE9F84F054691461E460C46EF
:103AD00071B94378B0F80480DA1F032A11D91EB3F4
:103AE00030460BF067F940453FD1D6E9001221E09E
:103AF00008460BF05FF98046CEBB6B78DA1F032ACD
:103B000012D8072B2869D9F8101009D0082B09D032
:103B1000092B14BF4FF4806240220CF0D0FEDEE788
:103B20000822FAE71022F8E7B9F8043043451CD11F
:103B3000002211464846E5F717FF0746E4B128463C
:103B4000D4E90012E5F710FFD4F804B00646D4F823
:103B50000CA068782C89B9F80890EDF7DBF808FB21
:103B600000F50735ED10D34512DDBDE8F88F30467E
:103B70000BF020F98045B7E7224621462846A346A8
:103B8000E5F7F2FEB5F806A006460AF1FF3AE0E7CF
:103B9000394630462A4626444F440BF1010B0CF0BF
:103BA0008EFEE0E74388194214BF012000207047D1
:103BB000438819434180704730B585B0CB680C46C7
:103BC000054602930B6901930B8900934B78CA88D1
:103BD0008988E5F785FE012804BF63886B8005B0FE
:103BE00030BD70472DE9FF41436C06460D46174630
:103BF000EBB9002D3BD1756CA5B32B6D012B36D1E4
:103C000095F858300BB1BB4231D1746C05F11808EE
:103C10007CB3A54227D0236D032B06D0424604F186
:103C2000180168460AF068FD08BB2468F0E7E4F76D
:103C3000B3FFE5F731FB0446E4F7AEFFE5F73CFBE5
:103C4000736C1A6D012AD4D09A68002AD1DC013C29
:103C50001A69A242CDDBDA68002ACADC01385B6946
:103C60008342C6DB0024204604B0BDE8F0812D6805
:103C7000C2E72C46F7E7FF2310B580F83830002361
:103C800004461A46194618460BF0A3F9C0F3072359
:103C900084F8390084F83A30C0F3074384F83B30A5
:103CA000C0F3076384F83C3010BD10B504465822B9
:103CB00000210CF006FE2046BDE81040FFF7DBBFF8
:103CC0002DE9F04105460F461C469046FFF7EDFFF3
:103CD000E4F762FFAF64064605F1180794E80F00A9
:103CE00087E80F002F1D94E80F0087E80F0005F10B
:103CF000280794E80F0087E80F0085F81480D6F8AD
:103D0000B43213B1294630469847D6F8B03233B1B1
:103D10001A46DB6C002BFBD1D564BDE8F081C6F8F8
:103D2000B052FAE7F8B5054658200E461746EDF7AB
:103D3000E7FB044668B13B4632462946FFF7C0FF21
:103D40003DB195F8383084F83830D5F83930C4F8BA
:103D500039302046F8BD0068E5F706BE38B1007876
:103D6000A0F120035F2B04D9C00940007047032055
:103D70007047012070472DE9F0438BB005461E4681
:103D8000BDF84870BDF84C80DDF8509073B9B7F5B8
:103D9000807F0BD1B8F5807F08D10139541EC0E96E
:103DA00000338160EC600BB0BDE8F0830124002398
:103DB00002A8CDE90413CDE90632CDE90812CDE918
:103DC00002333A4643463146CDE900940AF0E4FF17
:103DD00043463A46314604A8CDE900940AF0DCFF98
:103DE00043463A46314606A8CDE900940AF0D4FF8E
:103DF00043463A46314608A8CDE900940AF0CCFF84
:103E0000089B069C1A460498A3420299A8BF224622
:103E10008242A8BF02468A42D4BF2A602960A342D8
:103E2000039AB8BF2346099C8342B8BF034607984C
:103E30008B42B8BF0B468442059903F1FF33AB6058
:103E40002346A8BF03468B42A8BF0B469342D4BF6C
:103E50006B606A608442B8BF04468C42B8BF0C46AF
:103E60009442B8BF1446013C9CE72DE9F041064658
:103E7000A0B00C4615461F46002B4FD01368059383
:103E80005368069393680793D36808930B6B3BB909
:103E90004B6BB3F5807F03D18B6BB3F5807F21D063
:103EA00028460AF087FF804628460AF088FF04F17A
:103EB000440302464146029305A8238F0193A38E33
:103EC0000093236BFFF757FF2968059B6A680B4433
:103ED0000593069B13440693079B0B440793089B8B
:103EE000134408930DF1240806F1380205A9404651
:103EF0000AF002FC90B10022E1690DA8E6F708FF84
:103F000001280BD1304600230DAA21460095CDE9AA
:103F10000187E5F7CDFF0DA800F083FB20B0BDE8D9
:103F2000F0811F2825D940F21C63984221D0A0F5CA
:103F30008A531F3B012B1CD9A0F5C0530B3B032B0D
:103F400017D9A0F50053A3F10B02042A11D9283B7D
:103F5000072B0ED9A0F501531F3B102B09D94FF6A3
:103F6000FF63984205D04FF6FF03C31A58425841E9
:103F700070470120704703463038C0B209280BD97A
:103F8000602B84BF203BDBB2A3F14102052A02D89B
:103F9000373BD8B27047002070470379052B0CBF20
:103FA000406D00207047302200210CF08ABCF8B52B
:103FB0000C460646114694F85830022B1ED9E36988
:103FC000E3B11B78D3B1A36AC3B10522E5F7E8FDDD
:103FD0006C2205462146406D0CF071FC94F85C3073
:103FE000DB0705D56F6D616DE0690CF086FCF8614B
:103FF00029463046BDE8F840E5F7BCBEF8BD10B52F
:104000004022002104460CF05CFC01232363FF23C3
:1040100084F83C300AF0F8FFC0F3072384F82C0042
:10402000C0F3074084F82D30402384F82E006361EC
:1040300010BD7FB50B6B06460C466BB391F83C2068
:10404000022A29D9496AE2699142D4BFC3EB01052A
:10405000C3EB020500959142ACBF5D189D18A16AA3
:10406000226A02959142D4BFC3EB0105C3EB02055E
:104070009142ACBF5B189B180822694601950393D7
:10408000E5F78EFD054621464022406D0CF017FCF9
:1040900029463046E5F76EFE04B070BD342200219B
:1040A0000CF00FBCF8B50446007D0F46ECF73CFE63
:1040B00040B30B22211D2046E5F772FD0546342250
:1040C0003946406D0CF0FBFB6E6D3068346198B181
:1040D0004FF40021FBF733FE70B14FF4002130683C
:1040E000FBF7D9FD22212A463868E2F713FC4FF48A
:1040F00000213068FCF71DF829462046BDE8F8404D
:10410000E5F738BEF8BD10B53022002104460CF0AA
:10411000D8FBFF2384F820303023636110BD03797E
:10412000012B0CBF406D0020704710B504462C22B7
:1041300000210CF0C6FB238D23F4FF5323F01F0353
:104140006FEA13336FEA033323852C23636110BDB9
:104150000379022B0CBF406D002070472DE9F04F12
:10416000CD6D93B007460C46164685B191F86C307C
:10417000022B40F28780012D40F086808B6E002B51
:1041800005DC0B6E1BB94D6E003D18BF012594F880
:104190002030059394F83B30022B77D9236B003BFA
:1041A00018BF0123079394F84830022B70D9636C31
:1041B000002B6DD094F8498018F0200F68D118F0CA
:1041C0001F0818BF4FF0010894F85830022B62D92D
:1041D000236D003B18BF01230693059BFF2B6DD178
:1041E00094F82F301B0758D1002D6CD03146032294
:1041F0003846E5F7D5FCA26E00F1180BD0F85490C4
:104200008246114658460AF05DFAE26D584611465C
:104210000AF058FA5846D4E918120AF060FAA6468D
:10422000CC46BEE80F00ACE80F0038239EE807003C
:104230008CE80700C9F814305146E3693846C9F8DC
:104240001C3094F85B30B4F8592089F82230A9F872
:104250002020E36DC9F82430A36EC9F8283094F803
:104260006C3089F83430236EC9F82C30636EC9F88D
:10427000303099F8353065F3000389F83530E5F7CB
:1042800079FD1DE0002582E7012580E7002389E70D
:104290004FF0000898E700239EE794F82E200023B3
:1042A00004F127019A429FD903EB8300085CFF28A1
:1042B00001D10133F6E735B1002597E7002DFBD199
:1042C000059B022B52D90EAD96E80F0085E80F0032
:1042D000636C012B1BDD94F84830FC2B17D9E36984
:1042E000ABB194F849300246C3F380010A44C3F3EA
:1042F00040010E920F9A0A44C3F3C00103F0010378
:104300000F92109A521A1092119AD21A11922946AB
:1043100001223846E5F744FC456D81462846FFF703
:10432000F2FEA646AC46BEE80F00ACE80F00302314
:104330009EE807008CE807006B6104F12402E36942
:10434000EB61B4F82130A5F8213094F8233085F8DA
:10435000233005F1240307CA83E8070094F82030CE
:104360004946384685F82030E5F704FD079B002BC9
:1043700071D0206B0DF12C0AFFF7F0FC01280546E7
:104380001DD85146206B00F026F9012863D194F81E
:104390003D30002B40F0E180BDF830200EA93046C2
:1043A0000093013A1092BDF83220013A119209228D
:1043B000CDE90E330AF05DFB06220EA9CFE00C22F8
:1043C000002150460CF07DFA032D44D000256FF0FB
:1043D000604309A80095CDE901352B46D4E90C12BC
:1043E0000CF0D6F9099B09220EA9013B3046009535
:1043F00010930A9B013B11932B46CDE90E550AF011
:1044000038FB05220EA93846E5F7CAFBD0F85490D0
:10441000824648464D46E5F76FFFA446BCE80F00CC
:104420000FC56C239CE8070085E80700C9F8143025
:104430005146A36BA9F82C301B0C89F82E30636B06
:10444000C9F82830236BC9F81C3005238AF80430DA
:104450003846E5F78FFCB8F1000F2CD00222314628
:104460003846E5F79DFBA646456D8046AC46BEE85E
:104470000F00ACE80F002C239EE807008CE8070033
:104480006B614146E3693846EB61E28F94F8403056
:104490002A8485F8223094F8483085F82830636CF7
:1044A0006B6295F8293094F8492062F3040385F88B
:1044B0002930E5F75FFC069B002B4BD00EAD96E84C
:1044C0000F0085E80F00D4E9142328461A4411464A
:1044D0000AF0F8F8294602223846E5F761FB226D1A
:1044E00000F11806456D1146804630460AF0EAF89C
:1044F000626D30462E4611460AF0E4F8A446BCE848
:104500000F000FC62C239CE8070086E807006B61AC
:1045100047F6FF72E3694146384693421FBF226D5A
:104520009B18626D9B18EB61B4F84A2094F84C30EC
:104530002A840F2285F8223094F8583085F82830E4
:10454000236D6B6295F8293062F3040385F82930F6
:10455000E5F710FC13B0BDE8F08F0622314638466F
:10456000E5F71EFB456D81462846E5F707FDA646A3
:10457000AC46BEE80F00ACE80F006C239EE80700D5
:104580008CE807006B61236BEB6194F83B3085F896
:104590005030A36BA5F84C301B0C85F84E3094F8C6
:1045A0003C3085F84F3095F8513094F83D2062F357
:1045B00045139AE8070085F8513005F12003583576
:1045C00083E80700E36945F82C3C96E80F0085E88E
:1045D0000F0049463CE730B595B004464C220D46E5
:1045E00001A800210CF06DF920460494FFF7B6FBFA
:1045F00029468DF8140001A8E6F7C8FA003818BF5C
:10460000012015B030BD30B40446006813468568FB
:1046100025B10A46AC46214630BC6047284630BC2E
:10462000704710B50446006878B1C3680BB12146E5
:104630009847ECF7D7F840B1206C30B1616C21B1EC
:104640000022BDE8104009F010BD10BD01607047A8
:104650004160704781607047C1607047CB10C943AB
:10466000C05C01F00701084100F00100704737B558
:10467000ADF80400C0F30720FC2802D84C78022CC7
:1046800003D8BDF804300B800FE002280DD9FF2CB1
:104690000DD19DF80430C0F1FF050A7813FB00F33B
:1046A0004C7005FB02331B0A0B7003B030BDD3788E
:1046B000A34202D1537883420DD0C0F1FF03C4F16D
:1046C000FF04C0EB002063436FEA2323DBB2B0FB9F
:1046D000F3F09371D0710C885088BDF80430844297
:1046E00002D11088984212D0BDF80430D0791380DE
:1046F0000B88C0F1FF0553809DF804300C7813FB44
:1047000000F305FB04331B0A1371937953719388EB
:10471000B9E710B4013A85B0ADF80410C9B2032A64
:1047200026D8DFE802F002090E1F04780C44FF2CA3
:10473000A8BFFF24E4B208E00478641A24EAE47411
:10474000F8E7047814FB01F4240A9DF805200146DB
:104750008DF80C408DF80D201A46039805B010BC5A
:10476000FFF785BF0478641A002CB8BF6442E1E704
:1047700005B010BC704710B50222002104460CF0B1
:10478000A0F802220021A0180CF09BF802220021C0
:10479000201D0CF096F8FF23A371E37110BD2DE9E5
:1047A000F04F8BB04368074690F8219000938846FD
:1047B000836806680193C3680293D0E906530393A4
:1047C000D0E9044308A80493FFF7D5FF97F82230F7
:1047D000002B40F0C08044BBB9F1FC0F22D8019BF4
:1047E0009C4280F2BB80AA46002739E0504609F17E
:1047F0000109C2440AF078FC07F801BC07F8020C72
:10480000009B02379945F1DB029B01341E44039B58
:104810001D44019B9C4280F2A180AA4637464FF07E
:104820000009EDE74FF0FF0BF3E7B9F1FC0F1F466E
:104830003BD8019B9F4280F29180AB464FF0000A2B
:104840004FE05046C2440AF04FFC8DF81D9006EB35
:1048500047018DF81C00013708AA0798FFF707FFEA
:10486000009B9F42EDDB029B01341E44039B1D44D1
:10487000B5E75046C2440AF037FC14F8093006EB9D
:1048800049018DF81C008DF81D3009F1010908AAB5
:104890000798FFF7ECFE009B9945EADB029B013786
:1048A0001E44039B1D44049B1C44019B9F4255DAFC
:1048B000AA464FF00009EEE75846C3440AF014FC3C
:1048C00014F80A3006EB4A018DF81C0013FB09F3BB
:1048D0000AF1010A08AA1B128DF81D300798FFF78C
:1048E000C6FE009B9A45E7DB029B01371E44039BF3
:1048F0001D44049B1C449CE705980AF0F5FB8DF8C9
:104900001C0034B314F80A3013FB09F31B0A8DF8AA
:104910001D3006EB4A0008AB97F8222007990AF1F0
:10492000010AFFF7F6FE059B43440593009B9A4559
:10493000E2DB0CB1049B1C44029B0BF1010B1E44F7
:10494000039B1D44019B9B4508DA4FF0000A059527
:10495000ECE74B46DBE74FF0000BF3E70BB0BDE8AD
:10496000F08F2DE9F04F87B0054690F81B90D0F8F6
:104970000C80D0E9044AD0E9016704A8FFF7FBFEE8
:10498000A869002C40F08780B9F1FC0F68D90AF0C3
:1049900077FB002E0246286806F1FF35A6F1100EBF
:1049A0004FF0FF0125F00F05D8BF0025BC4261DAAA
:1049B00003464FF0000C41E00CF1100C03F8202CE2
:1049C00003F81F1C03F81E2C03F81D1C03F81C2CF5
:1049D00003F81B1C03F81A2C03F8191C03F8182CF5
:1049E00003F8171C03F8162C03F8151C03F8142CF5
:1049F00003F8131C03F8122C03F8111C03F8102CF5
:104A000003F80F1C03F80E2C03F80D1C03F80C2CF4
:104A100003F80B1C03F80A2C03F8091C03F8082CF4
:104A200003F8071C03F8062C03F8051C03F8042CF4
:104A300003F8031C03F8022C03F8011CE64503F1FC
:104A40002003B9DC2B4600F1010CB34202DB4044E9
:104A50000134ABE700F813200CF813100133F4E72E
:104A60000AF00EFB8DF80D90D5F800908DF80C0033
:104A7000BC420EDB07B0BDE8F08F09EB4501013504
:104A800004AA0398FFF7F3FDB542F6DBC1440134F5
:104A9000EEE70025F8E7B9F1FC0F1CD90AF0F0FAAF
:104AA0004FF00009D5F800B08DF80C00B945E1DAF7
:104AB000002509E0635D0BEB4501013504AA8DF883
:104AC0000D300398FFF7D3FDB542F3DBC3445444E4
:104AD00009F10109EAE70AF0D3FA4FF0000B2B685D
:104AE0008DF80C00BB45C5DA00250EE0625D03EBD6
:104AF00045010193013512FB09F212128DF80D20C8
:104B000004AA0398FFF7B3FD019BB542EEDB4344D3
:104B100054440BF1010BE5E72DE9F04F90F82030FC
:104B20008BB00446063B0F2B2FD8DFE813F0E301D0
:104B300080032E002E002E002E002E002E002E00B0
:104B4000E500EE00EC0010002E002E009E024368EF
:104B500090F821800193836806680293D0F80CA036
:104B6000D0E90453D0E9067B08A80393FFF703FEBE
:104B700094F82230002B40F0BD80002D3CD1B8F1DC
:104B8000FC0F1CD8029BAB4234DC0BB0BDE8F08FAD
:104B900037F8140001340AF08EFA08F8019C08F87E
:104BA000020C019B08F10208A342F1DC56445F4469
:104BB0000135029BAB42E8DDB0460024F1E74FF03F
:104BC000FF09F6E74FEA440937F814000AF073FAD0
:104BD00001348DF81C0008AA8DF81D8006EB090130
:104BE0000798FFF744FD019BA342EBDC56445F446A
:104BF0000135C7E70024F6E7B8F1FC0F1C4621D8C1
:104C0000029BA342C1DD4FF0000939E037F81800DC
:104C10004FEA48090AF04FFA15F808308DF81C00E1
:104C200008F101088DF81D3008AA06EB0901079864
:104C3000FFF71DFD019B4345E8DC039B56445F44A1
:104C400001341D44029BA3429FDD4FF00008F1E7B1
:104C50004FEA490137F8190004910AF02CFA15F8C7
:104C6000093009F10109049908AA13FB08F38DF82A
:104C70001C0031441B128DF81D300798FFF7F7FC1C
:104C8000019B4B45E4DC039B56445F4401341D44C7
:104C9000B6E74FEA490337F8190005930AF00BFA13
:104CA0008DF81C0025B315F8093013FB08F31B0A17
:104CB0004FEA49008DF81D3009F1010908AB94F85D
:104CC000222030440799FFF724FD019B4B45E0DC8F
:104CD0000DB1039B1D44049B56445F440133049370
:104CE000049A029B93427FF750AF4FF00009ECE724
:104CF0004346DDE70023F2E7032120460BB0BDE881
:104D0000F04FFFF74CBD0421F7E7436890F821808E
:104D10000193836807680293C3680393D0E904533F
:104D2000D0E9066A08A80493FFF725FD94F822301D
:104D3000002B40F0DD80002D48D1B8F1FC0F20D8C9
:104D4000029BAB427FF721AFB146002436E0D8F892
:104D5000000008F104080AF0DEF918F8013C07EB3E
:104D600044018DF81C008DF81D30013408AA079805
:104D7000FFF77DFC019BA342E9DC039B5644013510
:104D80001F44029BAB427FF700AFB0460024F1E71F
:104D9000D9F8000009F104090AF0BDF919F8013C3D
:104DA00007EB44018DF81C0013FB08F3013408AA3B
:104DB0001B128DF81D300798FFF759FC019BA34289
:104DC000E6DC039B564401351F44B9E7B8F1FC0FFC
:104DD0001C4629D8029BA3427FF7D7AEB3464FF0BB
:104DE000000944E0D9F8000009F104090AF093F938
:104DF00015F8082019F8013C07EB48018DF81C0054
:104E000008F1010813FB02F308AA1B128DF81D30EC
:104E10000798FFF72CFC019B4345E3DC039B5644BA
:104E200001341F44049B1D44029BA3427FF7ADAE97
:104E3000B1464FF00008EEE7DBF800000BF1040B81
:104E40000AF069F915F809201BF8013C07EB490144
:104E50008DF81C0009F1010913FB02F308AA08FBF5
:104E600003F31B148DF81D300798FFF700FC019B1E
:104E70004B45E1DC039B564401341F44049B1D4415
:104E8000A8E7DBF800000AF046F99BF803208DF84C
:104E90001C002DBB12FB08F2130A8DF81D3007EB26
:104EA00049000BF1040B09F1010908AB94F8222029
:104EB0000799FFF72EFC019B4B45E2DC0DB1049BEB
:104EC0001D44039B56441F44059B01330593059ADB
:104ED000029B93427FF759AEB3464FF00009EAE7D1
:104EE00015F8093013FB02F308FB03F31B0CD4E79E
:104EF0000023EBE7436890F82180019383680668FC
:104F00000293D0F80CA0D0E90453D0E9067B08A89E
:104F10000393FFF730FC94F82230002B40F0A3807D
:104F200085BBB8F1FC0F18D8029BAB427FF72DAEC2
:104F3000002420E0F85C06F8130001F81320013388
:104F400001989842F6DC56445F440135029BAB421F
:104F50007FF71BAE0023711CF2E7FF22F6E73B5DF3
:104F600006EB44018DF81D8001348DF81C3008AA31
:104F70000798FFF77CFB019BA342F0DC56445F449B
:104F80000135D1E7B8F1FC0F1C461ED8029BA342A5
:104F90007FF7FBAD4FF0000931E017F8083006EB62
:104FA000480108AA8DF81C3015F8083008F10108EE
:104FB0008DF81D300798FFF75AFB019B4345ECDC49
:104FC000039B56445F4401341D44029BA3427FF778
:104FD000DCAD4FF00008F0E717F8093006EB4901A7
:104FE00008AA8DF81C3015F8093009F1010913FBE6
:104FF00008F31B128DF81D300798FFF738FB019B53
:105000004B45E9DC039B56445F4401341D44BDE736
:1050100017F809308DF81C301DB315F8093013FB53
:1050200008F31B0A8DF81D3006EB490009F1010950
:1050300008AB94F822200799FFF76BFB019B4B45C7
:10504000E6DC0DB1039B1D44049B56445F440133D1
:105050000493049A029B93427FF797AD4FF00009A7
:10506000ECE74346DEE70023F2E7436890F821804F
:105070000193836807680293D0F80C90D0E9045339
:10508000D0E9066A08A80393FFF775FB94F822306D
:10509000002B40F0CA80002D3DD1B8F1FC0F19D88B
:1050A000029BAB427FF771ADB34600242AE006EBCA
:1050B000440216F8143007EB44010134507808AA72
:1050C00043EA0020FFF7D3FA019BA342EFDC4F44F1
:1050D00056440135029BAB427FF757AD0024F3E7FE
:1050E0003BF8023C07EB4401013408AAADF81C3040
:1050F0001BF8013C13FB08F31B128DF81D300798B9
:10510000FFF7B5FA019B0BF1020BA342E8DC4F4419
:1051100056440135C4E7B8F1FC0F1C4626D8029B63
:10512000A3427FF732AD33464FF0000B3FE03BF830
:10513000023C07EB480115F8082008F10108ADF81A
:105140001C301BF8013C13FB02F308AA1B128DF85C
:105150001D300798FFF78BFA019B0BF1020B4345BB
:10516000E5DC039B4F44564401341D44029BA3429B
:105170007FF70BADB3464FF00008EDE733F8022C94
:1051800015F80B10ADF81C2013F8012C049312FB3A
:1051900001F207EB4B010BF1010B08FB02F21214B9
:1051A0008DF81D2008AA0798FFF761FA049B019A61
:1051B00002335A45E2DC039B4F44564401341D44FC
:1051C000ADE736F81B30ADF81C30059B13F81B20FB
:1051D0001DBB12FB08F2130A8DF81D3007EB4B00C4
:1051E0000BF1010B08AB94F822200799FFF791FA15
:1051F000019B5B45E5DC0DB1039B1D44049B4F44C3
:10520000564401330493049A029B93427FF7BDAC4A
:10521000731C4FF0000B0593EAE715F80B3013FBF6
:1052200002F308FB03F31B0CD6E70023EAE7D0E9FF
:10523000018390F8219001930668D0F80CA0D0E982
:105240000453D0E9067B08A80293FFF794FA94F878
:105250002240002C7FF499ACCDBBB9F1FC0F1DD8D6
:10526000019BAB427FF791AC00242AE011463846FF
:10527000FFF7F4F90132404204F8019C04F8020CF3
:10528000904504F10204F1DC56445F440135019B72
:10529000AB427FF77AAC34460022F1E74FF0FF09CA
:1052A000F5E721463846FFF7D9F9404206EB4401BD
:1052B0008DF81D908DF81C00013408AA0798FFF79F
:1052C000D6F9A045EDDC56445F440135C8E7B9F195
:1052D000FC0F1FD8019BA3427FF757AC002337E098
:1052E00049463846FFF7BAF915F80930404206EB4F
:1052F00049018DF81D3009F101098DF81C0008AA3B
:105300000798FFF7B4F9C845EADC029B56445F44AE
:1053100001341D44019BA3427FF737AC4FF00009D5
:10532000F1E7194638460393FFF798F9039B40428B
:10533000EA5C06EB43018DF81C0012FB09F2121225
:105340008DF81D2008AA0798FFF791F9039B0133F8
:105350009845E6DC029B56445F4401341D44B9E79E
:10536000CB10C943C05C01F00701084100F0010007
:10537000704730B5B0F17D4F85B014464FEA1063E9
:105380004FEA1165CDE9001001D2022D14D8019B1E
:1053900003939DF80C30002063F307009DF80D3057
:1053A00063F30F209DF80E3063F317409DF80F3024
:1053B00063F31F6005B030BD022B01D80391E8E70D
:1053C000FF2D04D105B0BDE8304009F0F3BED2791D
:1053D000AA4202D1E2789A420DD0C3F1FF02C5F190
:1053E000FF05C3EB03236A436FEA2222D2B2B3FB69
:1053F000F2F3227363736168009809F0C9FDB0B9D4
:105400000198637B206000988DF80730014660604A
:10541000019809F0CFFEC0F307232072C0F30740C4
:105420006372237BA072E372A0680390B1E72168E6
:10543000019809F0ADFD0028E2D0F5E77FB5013A0B
:10544000CDB2C1F3072601910446C1F30741032AF7
:105450004ED8DFE802F00217284FA2780A442178DC
:10546000FF2A2944A8BFFF228DF80E20627832441B
:10547000FF2AA8BFFF22FF29A8BFFF218DF80D201A
:10548000C9B220E0A278521A217822EAE272491BBE
:105490008DF80E2021EAE1716278921B22EAE27215
:1054A0008DF80D20ECE7A27812FB01F2217811FBB8
:1054B00005F112128DF80E20090A627812FB06F22D
:1054C00012128DF80D209DF807208DF80C108DF824
:1054D0000F201A4621680398FFF74BFFC0F30723FC
:1054E00020706370C0F30743C0F30760A370E070DF
:1054F00004B070BDA278521A2178002AA1EB0501F0
:10550000B8BF52428DF80E206278921B002AB8BFB5
:10551000524200298DF80D20B8BF4942B0E732B1A0
:10552000FF23FC2ACB7003D988704870087070473D
:1055300010FB02F0D3438A78DBB202FB0302120AAB
:105540008A704A7802FB0302120A4A700A7802FB48
:105550000300000AEAE710B50422002104460BF01C
:10556000B0F904220021A0180BF0ABF904220021AD
:1055700004F108000BF0A5F9FF232373637310BD3A
:105580002DE9F04F8DB04368074690F821800093D5
:10559000836805680193C36804910293D0E90663A8
:1055A0000393D0E9044308A80593FFF7D4FF97F8C5
:1055B0002230002B40F02881002C42D1B8F1FC0FA2
:1055C00037D9049B042B32D1009B9F00019B9C4246
:1055D00002DB0DB0BDE8F08F314628463A46013473
:1055E0000BF06DF9029B1D44039B1E44EEE712F87D
:1055F000017C013103F8027C12F8027C03F8037C81
:1056000012F8037C03F8010C03F8047C009F0332BA
:105610000433B942EBDB029B01341D44039B1E445F
:10562000019B9C42D5DA32462B460021EEE7FF2053
:10563000F6E78DF81F80019B9C42CADAB04600272E
:105640002FE0B8F1FC0F1F4668D8019B9F42C0DADB
:10565000B2464FF0000996E098F8023008AA55F8D3
:10566000271005EB87098DF81E3098F801308DF86A
:105670001D3098F800308DF81C300798FFF779FE40
:10568000C0F3072305F82700013789F80130C0F37C
:105690000743C0F3076089F80230049B89F80300D0
:1056A0009844009B9F42D7DB029B01341D44039B1F
:1056B0001E44C0E714F8083008AA55F8281005EB76
:1056C000880A8DF81F3099F802308DF81E3099F84D
:1056D00001308DF81D3099F800308DF81C30079896
:1056E000FFF747FEC0F3072305F8280008F101087B
:1056F0008AF80130C0F30743C0F307608AF802302C
:10570000049B8AF803009944009B9845D2DB029BD6
:1057100001371D44039B1E44059B1C44019B9F4273
:10572000BFF657AFB1464FF00008EDE714F8093067
:1057300008AA55F8291005EB890B13FB08F31B1277
:105740008DF81F309AF802308DF81E309AF801302B
:105750008DF81D309AF800308DF81C300798FFF74F
:1057600008FEC0F3072305F8290009F101098BF8A9
:105770000130C0F30743C0F307608BF80230049B8D
:105780008BF803009A44009B9945CFDB029B0137BD
:105790001D44039B1E44059B1C4456E79AF80230A7
:1057A0008DF81E309AF801308DF81D309AF80030CF
:1057B0008DF81C3034B314F8093013FB08F31B0ABE
:1057C0008DF81F3005EB890008AB97F82220079968
:1057D00009F10109FFF732FE049B9A44009B9945A9
:1057E000DCDB0CB1059B1C44029B0BF1010B1D443F
:1057F000039B1E44019B9B45BFF6EBAEB2464FF0A8
:105800000009EBE74346DBE74FF0000BF2E72DE939
:10581000F04F89B0064690F81B80D0F80CA0D0E974
:105820000443D0E9015904A80093FFF794FE002C2B
:105830005BD1B8F1FC0F2FD9B069A5F10F0709F0C2
:105840007FFB002D034625F00F013068B8BF002113
:105850004C4529DA0246002610E0103642E91033A2
:1058600042E90E3342E90C3342E90A3342E9083394
:1058700042E9063342E9043342E90233B74202F116
:105880004002EADC0A46AA4202DB50440134DFE768
:1058900040F822300132F6E74146B06909F02FFBAB
:1058A000376803904C451EDB09B0BDE8F08F57F810
:1058B000261004AA039807EB8608FFF75AFDC0F3E9
:1058C000072307F82600013688F80130C0F30743A4
:1058D000C0F3076088F8023088F80300AE42E6DBC8
:1058E00057440134DEE70026F8E7B8F1FC0F2DD964
:1058F000FF21B06909F003FB4FF0000837680390FF
:10590000C845D1DA002619E0A35D04AA57F826108D
:1059100007EB860B8DF80F300398FFF72AFDC0F3D5
:10592000072307F8260001368BF80130C0F3074340
:10593000C0F307608BF802308BF80300AE42E3DB64
:10594000009B574408F101081C44D9E74146B0695F
:1059500009F0D5FA4FF0000B37680390CB45A3DA76
:1059600000261BE0A35D04AA57F8261013FB08F3DA
:105970001B128DF80F3007EB860303980193FFF796
:10598000F8FC019BC0F3072207F8260001365A7085
:10599000C0F30742C0F307609A70D870AE42E1DBF3
:1059A000009B57440BF1010B1C44D7E72DE9F04F46
:1059B00090F820308DB08346063B0F2B33D8DFE8BC
:1059C00013F07602F303320032003200320032006C
:1059D00032003200570160015E01100032003200D7
:1059E0002503436890F8219001938368056802932A
:1059F000C3680393D0E906430493D0E9046308A87D
:105A00000593FFF7A8FD9BF82270002F40F02B8133
:105A1000002E48D18DF81F9040F20D4A40F63A0909
:105A2000029BB3423DDC0DB0BDE8F08F04EB4703B1
:105A300055F8271008AA05EB87085B78DB0809FBF7
:105A400003F31B128DF81E3034F81730C3F34513DF
:105A50000AFB03F31B128DF81D3014F8173003F006
:105A60001F0309FB03F31B128DF81C300798FFF787
:105A700080FCC0F3072305F82700013788F80130C0
:105A8000C0F30743C0F3076088F8023088F80300CA
:105A9000019BBB42CADC039B01361D44049B1C4492
:105AA000BEE70027F4E7B9F1FC0F51D840F63A0BF6
:105AB00040F20D43029ABA42B5DD4FF0000887E08C
:105AC00016F8083008AA55F8281005EB88098DF853
:105AD0001F3004EB48035B78DB080AFB03F31B125F
:105AE0008DF81E3034F81830C3F345130BFB03F365
:105AF0001B128DF81D3014F8183003F01F030AFB39
:105B000003F31B128DF81C300798FFF732FCC0F32B
:105B1000072305F8280008F1010889F80130C0F3CF
:105B20000743C0F3076089F8023089F80300019B3E
:105B30004345C5DC039B01371D44049B1C44059B66
:105B40001E44029BBB427FF76EAF4FF00008EEE7AA
:105B500040F63A0A40F20D4BF3E716F8082005EB41
:105B6000880A55F8281012FB09F212128DF81F202E
:105B700004EB48025278D2080BFB02F212128DF8A5
:105B80001E2034F81820C2F345125A4312128DF821
:105B90001D2014F8182002F01F020BFB02F2121253
:105BA0008DF81C2008AA0798FFF7E3FBC0F3072233
:105BB00005F8280040F20D438AF8012008F1010899
:105BC000C0F30742C0F307608AF802208AF8030096
:105BD000019A4245C1DC039A01371544049A1444E2
:105BE000059A164466E704EB470340F20D425B78E2
:105BF000DB080AFB03F31B128DF81E3034F8173054
:105C0000C3F3451353431B128DF81D3014F817309E
:105C100003F01F030AFB03F31B128DF81C3006B3BD
:105C2000F35D13FB09F31B0A8DF81F3005EB8700AA
:105C3000013708AB9BF822200799FFF7FFFB019B78
:105C4000BB42D0DC0EB1059B1E44039B08F101084A
:105C50001D44049B1C44029B43457FF7E4AE002790
:105C6000EDE74B46E0E74FF0000840F63A0AF2E76E
:105C7000032158460DB0BDE8F04FFFF781BC042169
:105C8000F7E7436890F821800193836804680293E2
:105C9000C3680393D0E90453D0E9066908A80493C4
:105CA000FFF759FC9BF82270002F40F0FD80002D7B
:105CB00059D1B8F1FC0F25D8029BAB427FF7B3AEA8
:105CC000B246002745E054F8271008AA56F82700E6
:105CD00004EB8708FFF74DFBC0F3072304F8270008
:105CE000013788F80130C0F30743C0F3076088F834
:105CF000023088F80300019BBB42E4DC039B4E4466
:105D000001351C44029BAB427FF78DAE0027F2E7C2
:105D10001AF8013C08AA5AF8040C04EB870B13FB91
:105D200008F354F8271007901B128DF81F300798BE
:105D3000FFF71FFBC0F3072304F8270001378BF898
:105D40000130C0F30743C0F307608BF802308BF8D3
:105D50000300019B0AF1040ABB42D9DC039B4E44B9
:105D600001351C44A8E7B8F1FC0F36D8029BBB42B2
:105D70007FF759AEB3464FF0000A5AE015F80820F5
:105D800004EB880B1AF8013C5AF8040C13FB02F3DD
:105D900054F82810079008AA1B128DF81F30079896
:105DA000FFF7E7FAC0F3072304F8280008F1010819
:105DB0008BF80130C0F30743C0F307608BF8023063
:105DC0008BF80300019B0AF1040A4345D6DC039BD0
:105DD0004E4401371C44049B1D44029BBB427FF789
:105DE00022AEB2464FF00008ECE71BF8012C04EBA2
:105DF0008A0315F80A1012FB08F25BF8040C0593ED
:105E00004A4354F82A10079012148DF81F2008AA4C
:105E10000798FFF7AEFA059BC0F3072204F82A00A3
:105E20000AF1010A5A70C0F30742C0F307609A7082
:105E3000D870019B0BF1040B5345D6DC039B4E44F9
:105E400001371C44049B1D4490E756F82700059B2E
:105E5000079013F8272005BB18FB02F2130A8DF8F0
:105E60001F3004EB8700013708AB9BF8222007990D
:105E7000FFF7E4FA019BBB42E7DC0DB1049B1D4434
:105E8000039B4E440AF1010A1C44029B53457FF7D1
:105E9000CAADF31C00270593ECE7EB5D13FB02F39F
:105EA00008FB03F31B0CDAE74FF0000AEDE7D0E93B
:105EB000019390F82270019390F821800668D0F841
:105EC0000CA0D0E906530293D0E904430393002FBA
:105ED0006CD194BBB8F1FC0F18D8019BA3427FF79B
:105EE000A2AD002722E012F8011F03F8011C03F8FD
:105EF000021C117803F8031C03F8041C81180433F6
:105F00004945F0DB029B564401341D44019BA342EA
:105F10007FF789AD6A1E3346C5F10100EEE706EB57
:105F20008701E85D01374246FFF7F9FAB945F6DC2B
:105F3000029B564401341D44CFE7B8F1FC0F18D83A
:105F4000019BBB427FF76FAD4FF0000B25E014F8CB
:105F5000082006EB880115F8080008F10108FFF792
:105F6000DEFAC145F3DC029B564401371D44039B16
:105F70001C44019BBB427FF756AD4FF00008F0E791
:105F800014F80B2006EB8B0115F80B000BF1010B3D
:105F900012FB08F2120AFFF7C2FAD945F0DC029BA5
:105FA000564401371D44039B1C44C9E708A8FFF76A
:105FB000D2FA00230493049A019B93427FF733ADF6
:105FC000002716E0EB5D8DF81E308DF81D308DF842
:105FD0001C30CCB1E35D13FB08F31B0A8DF81F30B6
:105FE00006EB8700013708AB9BF822200799FFF7E3
:105FF00025FAB945E6DC0CB1039B1C44029B5644D0
:106000001D44049B0133D5E74346E7E7436890F816
:1060100022700193836890F8218002930668D0F87B
:106020000C90D0E90443D0E9065A0393002F40F0C6
:106030008180B4BBB8F1FC0F17D8029BA3427FF755
:10604000F2ACAB46002723E006EB8701013718F8D6
:10605000012C18F8020CFFF762FA019B08F1020804
:10606000BB42F1DC4E4455440134029BA3427FF70E
:10607000DAACA8460027F0E71BF8012C06EB8701F5
:1060800001371BF8020C12FB08F2120AFFF747FA5D
:10609000019B0BF1020BBB42EEDC4E445544013434
:1060A000CBE7B8F1FC0F20D8029BBB427FF7BBAC1B
:1060B0002B464FF0000B33E014F8083006EB880154
:1060C0001BF8012C08F101081BF8020C12FB03F26B
:1060D000120AFFF724FA019B0BF1020B4345EBDC9C
:1060E000039B4E44554401371C44029BBB427FF73F
:1060F0009AACAB464FF00008EDE714F80B1013F81C
:10610000012C13F8020C12FB01F206EB8B01049335
:106110000BF1010B08FB02F2120CFFF700FA049BD3
:10612000019A02335A45E8DC039B4E44554401373B
:106130001C44B9E708A8FFF70EFA00230493049A59
:10614000029B93427FF76FAC6B1C0027059319E00D
:1061500015F817308DF81E308DF81D308DF81C3075
:10616000059B13F81720C4B912FB08F2130A8DF827
:106170001F3006EB8700013708AB9BF822200799F8
:10618000FFF75CF9019BBB42E2DC0CB1039B1C44B2
:10619000049B4E4455440133D0E7E35D13FB02F307
:1061A00008FB03F31B0CE2E7436890F8228001939D
:1061B000836890F8217002930568D0F80C90D0E9BC
:1061C0000443D0E9066A0393B8F1000F79D1CCBB40
:1061D000FC2F1CD8029BA3427FF725AC4FF0000890
:1061E00029E039463046FFF7BBF840420137C0B2DC
:1061F00002F8010C02F8020C02F8030C02F8040C7D
:10620000019B0432BB42ECDC4D4456440134029BFA
:10621000A3427FF708AC2A460027F1E74146304603
:10622000FFF79EF8404205EB880108F101083A4665
:10623000C0B2FFF774F9019B4345EFDC4D4456446F
:106240000134C7E7FC2F1BD8029B43457FF7EBAB1C
:106250004FF0000B2BE039463046FFF781F8404203
:10626000E25D05EB87010137C0B2FFF758F9019BEA
:10627000BB42F0DC039B4D44564408F101081C442A
:10628000029B43457FF7CFAB0027F0E759463046E6
:10629000FFF766F814F80B20404205EB8B0112FB68
:1062A00007F20BF1010BC0B2120AFFF738F9019B9C
:1062B0005B45EBDC039B4D44564408F101081C444C
:1062C000C2E708A8FFF747F900230493049A029B4A
:1062D00093427FF7A8AB4FF000081DE041463046DF
:1062E000FFF73EF84042C0B28DF81D008DF81C004B
:1062F000ECB114F8083013FB07F31B0A8DF81F30BC
:1063000008AB8DF81E0005EB880008F101089BF82A
:1063100022200799FFF792F8019B4345DEDC0CB180
:10632000039B1C44049B4D4456440133CDE73B463C
:10633000E4E700290B46B8BFCB1D4A4201F0070134
:1063400002F007024FEAE30358BF51420122C1F1B4
:1063500007018A40C15C0A43C254704700290B46BA
:10636000B8BFCB1D4A4201F0070102F007024FEA15
:10637000E30358BF51420122C1F1070102FA01F1C2
:10638000C25C22EA0102C254704700290B46B8BF22
:10639000CB1DDB10C05C4B4201F0070103F007038B
:1063A00058BF5942C1F10701084100F00100704790
:1063B00010B55AB1FC2A9FBFD3430C7810FB02F0F2
:1063C000DBB29CBF04FB0300000A087010BDF0B5EF
:1063D000044685B00D4610461F46019208F09BFE0C
:1063E000294606462046FFF7D0FF42427B1ED2B226
:1063F0008DF80F20032B2CD8DFE803F002080C21C6
:106400003244FF2AA8BFFF22D0B207E0921B22EA43
:10641000E272F9E712FB06F0C0F307200DF10F015D
:106420009DF80720FFF7C4FF9DF90F30294620464D
:10643000002B09DA05B0BDE8F040FFF77ABF921BE8
:10644000002AB8BF5242DFE705B0BDE8F040FFF7D1
:1064500085BF05B0F0BD2DE9F04F8BB090F82270EC
:106460000591002F40F0DE804368426A0093836804
:1064700002F007080468019390F821300293C36882
:106480000393D0E906630493D0E90453069353427F
:1064900003F0070358BFC3F10008029B002D52D13F
:1064A000FC2B1CD8019B9D4280F2BC80B14600278A
:1064B0003DE0484608F018FE10F0800F08EB070199
:1064C000204613D0FFF735FF059B01379944009B09
:1064D0009F42EEDB039B01351C44049B1E44019B41
:1064E0009D4280F29F80B1460027F0E7FFF736FF1C
:1064F000EAE707EB080B484608F0F6FD82465946E6
:106500002046FFF742FF40420DF12701029A8DF825
:1065100027005046FFF74CFF9DF92730594620468B
:10652000002B0DDAFFF705FF059B01379944009B0F
:106530009F42DEDB039B01351C44049B1E44B1E7F4
:10654000FFF70CFFF0E7FC2B30D8019B9F4269DA84
:10655000B2464FF0000957E008EB090B504608F02F
:10656000C3FD029059462046FFF70FFF404215F841
:1065700009200DF127018DF827000298FFF718FF79
:106580009DF9272059462046002A16DAFFF7D1FE4A
:10659000059B09F101099A44009B9945DCDB039BAB
:1065A00001371C44049B1E44069B1D44019B9F42D3
:1065B00038DAB2464FF00009EEE7FFF7CFFEE7E723
:1065C00008EB090B504608F08FFD0790594620460E
:1065D000FFF7DBFE15F80920029B40420DF1270171
:1065E00012FB03F28DF827000798120AFFF7E0FE6E
:1065F0009DF9272059462046002A10DAFFF799FE18
:10660000059B09F101099A44009B9945D8DB039B3E
:1066100001371C44049B1E44069B1D4495E7FFF76D
:106620009DFEEDE70BB0BDE8F08F2DE9F74F054675
:10663000C77ED0F80CA0D0E90443D0E90198806966
:10664000019308F01DFDC0F3C71306462868ED69E5
:1066500000936B4205F0070503F0070358BF5D4246
:10666000002C4BD1FC2F1ED8009B13FB07F6C7F163
:10667000FF0744450FDA4FF0000B37E0002E05EB23
:1066800007010BDAFFF755FE01374F45F6DB5044A3
:106690000134444505DB03B0BDE8F08FFFF75EFE33
:1066A000F2E70027F1E776B2F3E70BEB05010029EB
:1066B0000B4601F00702B8BFCB1DD1F1000C0CF066
:1066C000070C4FEAE30358BFCCF10002C35CC2F1F0
:1066D0000702134103F0010307FB0363FE33B3F525
:1066E000FE7F08D9FFF725FE0BF1010BCB45DCDB64
:1066F00050440134BDE7FFF731FEF5E7FC2F4FF0C2
:10670000000B3ED8C345C6DA002667E0E35D3BB127
:10671000FF2B05EB07010FD1002E2FDAFFF709FE43
:1067200001374F45F2DB019B50440BF1010B1C4438
:10673000C345B0DA0027F4E700290A4601F0070C48
:10674000B8BFCA1DD1F1000E0EF0070E4FEAE202EB
:1067500058BFCEF1000C825CDDF800E0CCF1070CF4
:1067600042FA0CF2C3F1FF0C13FB0EF302F001022C
:106770000CFB0233FE33B3F5FE7FCFD8FFF7EEFDFF
:10678000CEE776B2D4E7A35D3BB3A919FF2213FB92
:1067900007F3002901F0070CB3FBF2F30A46B8BF78
:1067A000CA1DD1F1000E4FEAE2020EF0070E825C24
:1067B00058BFCEF1000CCCF1070C42FA0CF2C3F139
:1067C000FF0C02F0010E009A53430CFB0E33FE3314
:1067D000B3F5FE7F0AD9FFF7ACFD01364E45D2DB9B
:1067E000019B50440BF1010B1C448BE7FFF7B6FDF6
:1067F000F3E72DE9F04F90F820308BB00446063BCC
:106800000F2B50D8DFE813F07502A0044F004F00A3
:106810004F004F004F004F004F002F01380136014D
:1068200010004F004F0073034368426A019383686E
:1068300002F0070890F821A00293C368056803934B
:10684000D0E906730493D0E904630593534203F03F
:10685000070358BFC3F1000890F82230002B40F026
:10686000FF80002E4FD1BAF1FC0F19D8029BB34222
:1068700019DD00243BE037F8140008F01CFC10F090
:10688000800F08EB0401284610D0FFF752FD0134B9
:10689000019BA342EFDC039B01361D44049B1F4474
:1068A000029BB34205DC0BB0BDE8F08FFFF756FD4D
:1068B000EDE70024ECE708EB040B37F8140008F0D0
:1068C000FAFB814659462846FFF75FFD404209A979
:1068D00052468DF824004846FFF76AFD9DF92430A2
:1068E00059462846002B0BDAFFF723FD0134019BA4
:1068F000A342E0DC039B01361D44049B1F44B5E723
:10690000FFF72CFDF2E7BAF1FC0F1C462DD8029BD5
:10691000A342C8DD4FF0000951E008EB090B37F83E
:10692000190008F0C8FB824659462846FFF72DFD9E
:10693000404209A916F809208DF824005046FFF7B7
:1069400037FD9DF9243059462846002B13DAFFF70E
:10695000F0FC09F10109019B4B45DEDC039B01348E
:106960001D44049B1F44059B1E44029BA3429ADDC9
:106970004FF00009EFE7FFF7F1FCEAE708EB090B3E
:1069800037F8190008F097FB069059462846FFF79C
:10699000FCFC16F80920404209A912FB0AF28DF806
:1069A0002400120A0698FFF703FD9DF9242059469A
:1069B0002846002A0EDAFFF7BCFC09F10109019B09
:1069C0004B45DBDC039B01341D44049B1F44059BAA
:1069D0001E449CE7FFF7C2FCEFE707EB490340F6D4
:1069E0003A0240F20D415B78DB0853431B128DF8ED
:1069F000263037F81930C3F345134B431B128DF87B
:106A0000253017F8193003F01F0353431B128DF87C
:106A100024301EB316F8093013FB0AF31B0A8DF855
:106A2000273008EB090109F1010994F82230099A8D
:106A30002846FFF7CCFC019B4B45CEDC0EB1059BF5
:106A40001E44039B0BF1010B1D44049B1F44029B3E
:106A50005B457FF728AF4FF00009ECE75346DEE7D0
:106A60004FF0000BF3E7032120460BB0BDE8F04FD9
:106A7000FFF7F1BC0421F7E74368426A0293836899
:106A800090F821800393C36805680493D0E90673E6
:106A90000593D0E904630693534202F0070203F022
:106AA000070358BF5A4290F822300192002B40F061
:106AB0001D81002E6AD1B8F1FC0F2ED8039BB34282
:106AC0007FF7F1AEB946002454E0D8F8000008F092
:106AD00022FB019B8146284604EB030A5146FFF73F
:106AE00054FC404209A998F803208DF82400484638
:106AF000FFF75EFC9DF9243051462846002B13DA3F
:106B0000FFF717FC013408F10408029BA342DCDC08
:106B1000049B01361D44059B1F44039BB3427FF732
:106B2000C2AEB8460024F0E7FFF718FCEAE7D9F850
:106B3000000008F0F0FA019B8246284604EB030BA4
:106B40005946FFF722FC99F80320404209A912FB9D
:106B500008F28DF824005046120AFFF729FC9DF92F
:106B6000243059462846002B0DDAFFF7E2FB0134AA
:106B700009F10409029BA342D9DC049B01361D44A0
:106B8000059B1F449AE7FFF7E9FBF0E7B8F1FC0F1C
:106B90001C4637D8039BA3427FF785AEBA464FF019
:106BA000000961E0D9F8000008F0B5FA019B8246BF
:106BB000284603EB080B5946FFF7E7FB99F803302B
:106BC00016F80820404209A912FB03F28DF82400B0
:106BD0005046120AFFF7ECFB9DF92430594628462F
:106BE000002B17DAFFF7A5FB08F1010809F10409EA
:106BF000029B4345D6DC049B01341D44059B1F4486
:106C0000069B1E44039BA3427FF74DAEB9464FF04F
:106C10000008EDE7FFF7A2FBE6E7DAF8000008F06E
:106C20007AFA019B0790284603EB090B5946FFF7B8
:106C3000ACFB16F809209AF80310404212FB08F248
:106C40008DF824004A43079809A9120CFFF7B0FBFE
:106C50009DF9242059462846002A10DAFFF769FBDF
:106C600009F101090AF1040A029B4B45D5DC049B9A
:106C700001341D44059B1F44069B1E448AE7FFF711
:106C80006DFBEDE75AF8030C9AF8002009902EBB33
:106C900012FB08F2130A01990AF1040A8DF8273051
:106CA0002846494409F1010994F82230099AFFF76E
:106CB0008EFB029B4B45E5DC0EB1069B1E44049BFC
:106CC0000BF1010B1D44059B1F44039B5B457FF7A4
:106CD000EAAD07F1030A4FF00009EAE716F80930B8
:106CE00013FB02F308FB03F31B0CD4E74FF0000B7C
:106CF000EBE74368426A0193836802F0070890F863
:106D000021900293C36805680393D0E90673049346
:106D1000D0E904630593534203F0070358BFC3F15E
:106D2000000890F82230002B40F0DE80002E45D184
:106D3000B9F1FC0F16D8029BB3427FF7B4AD002423
:106D400030E03B5708EB04012846002B10DAFFF730
:106D5000F0FA0134019BA342F3DC039B01361D448E
:106D6000049B1F44029BB3427FF79DAD0024F1E7D3
:106D7000FFF7F4FAEDE708EB040A28464A465146C5
:106D8000FFF703FB404209A98DF82400385DFFF7A7
:106D90000FFB9DF9243051462846002B0BDAFFF7F4
:106DA000C8FA0134019BA342E5DC039B01361D4474
:106DB000049B1F44BFE7FFF7D1FAF2E7B9F1FC0FDC
:106DC0001C462BD8029BA3427FF76DAD4FF0000A03
:106DD0004DE008EB090B284617F809A05946FFF7C4
:106DE000D4FA404209A916F809208DF8240050462B
:106DF000FFF7DEFA9DF9243059462846002B14DAB5
:106E0000FFF797FA09F10109019B4B45E1DC039B70
:106E100001341D44049B1F44059B1E44029BA34256
:106E20007FF741AD4FF00009EEE7FFF797FAE9E78A
:106E300008EB0A0B17F80A30284659460693FFF765
:106E4000A4FA16F80A20404209A912FB09F28DF8AB
:106E50002400120A0698FFF7ABFA9DF92420594640
:106E60002846002A0EDAFFF764FA0AF1010A019BAC
:106E70005345DDDC039B01341D44049B1F44059BEB
:106E80001E449FE7FFF76AFAEFE717F80A308DF81C
:106E900026308DF825308DF824301EB316F80A30D0
:106EA00013FB09F31B0A8DF8273008EB0A010AF1DE
:106EB000010A94F82230099A2846FFF788FA019BC4
:106EC0005345E2DC0EB1059B1E44039B0BF1010B05
:106ED0001D44049B1F44029B5B457FF7E4AC4FF0CD
:106EE000000AECE74B46DEE74FF0000BF3E74368A0
:106EF000426A0193836802F0070B90F821800293A5
:106F0000C36805680393D0E906730493D0E904636A
:106F10000593534203F0070358BFC3F1000B90F8E9
:106F20002230002B40F00E81002E5ED1B8F1FC0F14
:106F300028D8029BB3427FF7B6AC002407F10109C1
:106F400047E00BEB040928464946FFF71EFA40428A
:106F500009A918F814208DF8240017F81400FFF779
:106F600027FA9DF9243049462846002B12DAFFF70C
:106F7000E0F90134019BA342E3DC039B01361D448D
:106F8000049B1F44029BB3427FF78DAC002407F1A2
:106F90000108EFE7FFF7E2F9EBE70BEB040A2846FD
:106FA0005146FFF7F2F919F81420404209A912FBE3
:106FB00008F28DF82400120A17F81400FFF7F8F908
:106FC0009DF9243051462846002B0BDAFFF7B1F922
:106FD0000134019BA342E0DC039B01361D44049B6A
:106FE0001F44A6E7FFF7BAF9F2E7B8F1FC0F1C4619
:106FF00031D8029BA3427FF756AC7B1C4FF00009AF
:10700000069356E00BEB080A28465146FFF7BDF9F8
:1070100016F8083019F81820404209A912FB03F2AB
:107020008DF8240017F81800120AFFF7C1F99DF92E
:10703000243051462846002B16DAFFF77AF908F17A
:107040000108019B4345DDDC039B01341D44049B87
:107050001F44059B1E44029BA3427FF724AC4FF0C4
:10706000000807F10109ECE7FFF778F9E7E70BEB18
:10707000090A28465146FFF788F9069B404209A9AC
:1070800013F8192016F809308DF8240012FB03F2CA
:1070900017F8190008FB02F2120CFFF789F99DF9A5
:1070A000243051462846002B0EDAFFF742F909F149
:1070B0000109019B4B45DADC039B01341D44049B11
:1070C0001F44059B1E4494E7FFF748F9EFE71AF8C1
:1070D000013C9AF800208DF826308DF825308DF887
:1070E00024303EBB12FB08F2130A8DF827300BEB5D
:1070F00009010AF1020A09F1010994F8223028462F
:10710000099AFFF764F9019B4B45E0DC0EB1059B42
:107110001E44039B1D44049B1F44069B013306939E
:10712000069A029B93427FF7BEAB07F1010A4FF02C
:107130000009E8E716F8093013FB02F308FB03F334
:107140001B0CD2E70023EAE74368426A0193836895
:1071500002F0070890F821900293C3680568039332
:10716000D0E906730493D0E904630593534203F016
:10717000070358BFC3F1000890F82230002B40F0FD
:10718000E780002E49D1B9F1FC0F1AD8C9F1FF0AE6
:10719000029BB3427FF787AB002432E0214638469A
:1071A000FFF7F3F804EB080188B12846FFF7C1F8B0
:1071B0000134019BA342F1DC039B01361D44049B77
:1071C0001F44029BB3427FF76EAB0024F1E72846D1
:1071D000FFF7C4F8ECE721463846FFF7D6F8024639
:1071E00004EB080B284619FB02F25946FFF7CDF8CD
:1071F00000FB0A225946284612060BD5FFF799F8DC
:107200000134019BA342E6DC039B01361D44049B31
:107210001F44BDE7FFF7A2F8F2E7B9F1FC0F1C46E7
:107220002BD8029BA3427FF73EAB4FF0000A4EE003
:10723000494608EB090B384616F80920FFF7A5F870
:10724000824659462846FFF7A0F8C2F1FF0312FB19
:107250000AF2594600FB03222846130614D5FFF70D
:1072600068F809F10109019B4B45E1DC039B0134FE
:107270001D44049B1F44059B1E44029BA3427FF7B1
:1072800012AB4FF00009EEE7FFF768F8E9E716F8F0
:107290000A20D2B112FB09F251463846FFF775F8C1
:1072A00008EB0A018346121228460691FFF76DF893
:1072B000C2F1FF0312FB0BF2069900FB03222846E2
:1072C00012F0800F0ED0FFF734F80AF1010A019B8B
:1072D0005345DCDC039B01341D44049B1F44059B88
:1072E0001E449EE7FFF73AF8EFE751463846FFF7AE
:1072F0004CF84042C0B28DF825008DF824002EB322
:1073000016F80A3013FB09F31B0A8DF827300AEB35
:1073100008018DF826000AF1010A94F82230284667
:10732000099AFFF754F8019B5345DEDC0EB1059B2B
:107330001E44039B0BF1010B1D44049B1F44029B45
:107340005B457FF7B0AA4FF0000AECE74B46DCE75D
:107350004FF0000BF3E7CB10C943C05C01F007010D
:10736000084100F00100704710B55AB1FC2A9FBFD8
:10737000D3430C7810FB02F0DBB29CBF04FB03008C
:10738000000A087010BD37B515460446084601913D
:1073900007F0C1FE6A1E032A22D8DFE802F00209C4
:1073A0000E1B23780344FF2BA8BFFF23D8B209E0AC
:1073B00023781B1A23EAE373F8E7237813FB00F31F
:1073C000C3F307209DF80720214603B0BDE83040F5
:1073D000FFF7CABF23781B1A002BB8BF5B42E5E753
:1073E00003B030BD2DE9F04F89B0436807468846A9
:1073F0000093836890F821900193C3680668029314
:10740000D0E906530393D0E90443049390F8223063
:10741000002B40F0A980F4B9B9F1FC0F14D8019BFE
:107420009C4280F2A380AA46002729E04846C14436
:1074300007F05AFEF0550137009B9F42F6DB029B96
:1074400001341E44039B1D44019B9C4280F28E80AC
:10745000A9460027F0E7B9F1FC0F1F462FD8019B82
:107460009F4280F28380AB464FF0000A3DE05046D9
:10747000C24407F039FEF11901374A46FFF774FF9D
:10748000009B9F42F3DB029B01341E44039B1D447F
:10749000C5E75046C24407F027FE14F8092006EB62
:1074A000090109F10109FFF75FFF009B9945F0DB36
:1074B000029B01371E44039B1D44049B1C44019BFB
:1074C0009F4253DAAA464FF00009EEE75846C344FC
:1074D00007F00AFE14F80A2006EB0A010AF1010A75
:1074E00012FB09F2120AFFF73FFF009B9A45EDDB02
:1074F000029B01371E44039B1D44049B1C44AEE7C2
:107500009BF802208DF81E209BF801208DF81D208D
:107510009BF800208DF81C2024B314F80A2012FBDD
:1075200009F2120A8DF81F2006EB0A0097F82220B4
:107530000AF1010A0799C3440593FFF724FF059B4D
:10754000009A9245DCDB0CB1049A1444029A013390
:107550001644039A1544019A934207DAAB464FF05A
:10756000000AEDE74A46DDE70023F4E709B0BDE88D
:10757000F08F2DE9F74FD0E9045A064690F81BB07A
:10758000D0F80C90D0E901788069002D5FD1BBF173
:10759000FC0F46D907F074FD002FD6F800A007F1C4
:1075A000FF36044626F00F06D8BF0026A7EB060BD1
:1075B000BE42C8BF4FF0000B103F454537DA524678
:1075C00020E01A4603F8104C03F80F4C03F80E4C59
:1075D00003F80D4C03F80C4C03F80B4C03F80A4C61
:1075E00003F8094C03F8084C03F8074C03F8064C61
:1075F00003F8054C03F8044C03F8034C03F8024C61
:1076000003F8014C02F11003A2EB0A029742D8DC06
:107610000AEB06005A462146CA4401350EF08FFD9A
:10762000CBE707F02DFD3668824645450DDB03B0FC
:10763000BDE8F08F311901345A465046FFF794FEE9
:10764000BC42F7DB4E440135EFE70024F8E7BBF11D
:10765000FC0F16D907F014FDD6F800B000264645F9
:10766000E5DA002407E02A5D0BEB04010090013409
:10767000FFF77AFE0098BC42F5DBCB445544013657
:10768000EDE707F0FDFC336800264645CFDA00241D
:107690000BE02A5D1919013412FB0BF2120ACDE935
:1076A0000003FFF761FEDDE90003BC42F1DB4B4460
:1076B00055440136E9E72DE9F04F90F8203089B0C4
:1076C0008146063B0F2B3CD8DFE813F0A301FD02F7
:1076D0003B003B003B003B003B003B003B00CD0040
:1076E000D600D40010003B003B003C02D0E90183EF
:1076F00090F822B00193C36890F821700293066855
:10770000D0E90443D0E9065A0393BBF1000F40F0DF
:10771000A8806CBBFC2F11D8019BA34211DD4FF058
:10772000000B1EE035F8170007F0C5FCF0550137D7
:10773000B845F7DC029B554401341E44019BA3422B
:1077400002DC09B0BDE8F08F0027F1E735F81B0037
:1077500007F0B1FC06EB0B010BF1010B3A46FFF70A
:1077600003FED845F2DC029B554401341E44D3E7A6
:10777000FC2F17D8019B5B45E3DD4FF0000925E0A6
:1077800035F8170007F097FCE25DF1190137FFF7B4
:10779000EBFDB845F4DC029B55440BF1010B1E4494
:1077A000039B1C44019B5B45CBDD0027F1E735F8CB
:1077B000190007F080FC14F8092006EB090109F113
:1077C000010912FB07F2120AFFF7CEFDC845EEDCF5
:1077D000029B55440BF1010B1E44039B1C44C9E75B
:1077E00005EB4B0240F63A0140F20D405278D208C8
:1077F0004A4312128DF81E2035F81B20C2F34512A1
:10780000424312128DF81D2015F81B2002F01F02B2
:107810004A4312128DF81C200CB314F80B2012FBF3
:1078200007F2120A8DF81F2006EB0B0099F82220B0
:107830000BF1010B07990493FFF7A5FD049BD845B5
:10784000CEDC0CB1039A1444029A55440133164419
:10785000019A9A427FF775AF4FF0000BEFE73A4677
:10786000E0E70023F4E70321484609B0BDE8F04F04
:10787000FFF7B8BD0421F7E7436890F82270019341
:10788000836890F821800293C36806680393D0E967
:107890000443D0E9065A0493002F40F0B780002C2F
:1078A0003AD1B8F1FC0F19D8029BA3427FF749AF38
:1078B000AB46002728E0D8F8000008F1040807F0DC
:1078C0002AFCF119013718F8012CFFF74DFD019B37
:1078D000BB42F0DC039B554401341E44029BA3428F
:1078E0007FF72FAFA8460027F1E7DBF800000BF188
:1078F000040B07F010FC1BF8012CF119013712FBE7
:1079000008F2120AFFF730FD019BBB42EDDC039B3E
:10791000554401341E44C7E7B8F1FC0F23D8029B3D
:10792000BB427FF70EAFA9464FF0000B37E0DBF804
:1079300000000BF1040B07F0EEFB14F808301BF805
:10794000012C06EB080108F1010812FB03F2120AF0
:10795000FFF70AFD019B4345E9DC039B55440137D2
:107960001E44049B1C44029BBB427FF7EAAEAB461D
:107970004FF00008EEE7D9F8000009F1040907F01C
:10798000CAFB19F8012C14F80B1012FB08F24A4339
:1079900006EB0B010BF1010B120CFFF7E5FC019B51
:1079A0005B45E8DC039B554401371E44049B1C44A3
:1079B000B5E755F8270013F827100790FCB918FB16
:1079C00001F10A0A8DF81F20F01999F822200137D9
:1079D00007990593FFF7D7FC059B019ABA42E8DCAB
:1079E0000CB1049B1C44039B55440BF1010B1E443A
:1079F000029B5B457FF7A5AE0027EB1CEDE7E25D40
:107A000012FB01F208FB02F2120CDBE74FF0000B55
:107A1000EEE7436890F822700193836890F8218024
:107A200002930568D0F80CA0D0E90443D0E9066BB6
:107A30000393002F40F084800CBBB8F1FC0F0DD8ED
:107A4000029BA3427FF77DAE002711E03146284616
:107A50005E4455440134019A08F031FF029BA34271
:107A6000F4DC6EE6E919F05D01374246FFF77CFC75
:107A7000019BBB42F6DC55445E440134E0E7B8F1BB
:107A8000FC0F18D8029BBB427FF75BAE4FF000099A
:107A900025E014F8082005EB080116F8080008F1A5
:107AA0000108FFF761FC019B4345F2DC039B554451
:107AB0005E4401371C44029BBB427FF742AE4FF04D
:107AC0000008F0E714F8092005EB090116F8090091
:107AD00009F1010912FB08F2120AFFF745FC019BAC
:107AE0004B45EFDC039B55445E4401371C44C9E71A
:107AF000F25D8DF81E208DF81D208DF81C20ECB154
:107B0000E25D12FB08F2120A8DF81F20E81999F8BD
:107B10002220013707990493FFF735FC049B019A53
:107B2000BA42E5DC0CB1039A144455445E44013377
:107B3000029A9A427FF705AE0027F0E74246E3E754
:107B40000023F5E7436890F822700193836890F86A
:107B500021800293C36805680393D0E90443D0E908
:107B6000066A0493002F40F0AB80B4BBB8F1FC0F61
:107B700017D8029BA3427FF7E4ADB346002722E06B
:107B8000E919013718F8012C18F8020CFFF7ECFB83
:107B9000019B08F10208BB42F2DC039B564401340E
:107BA0001D44029BA3427FF7CCADB0460027EFE710
:107BB0001BF8012CE91901371BF8020C12FB08F223
:107BC000120AFFF7D1FB019B0BF1020BBB42EFDC6A
:107BD000039B564401341D44CBE7B8F1FC0F21D878
:107BE000029BBB427FF7ADADB1464FF0000B32E0D8
:107BF00014F8083005EB08011BF8012C08F1010806
:107C00001BF8020C12FB03F2120AFFF7ADFB019BFB
:107C10000BF1020B4345EBDC039B564401371D443B
:107C2000049B1C44029BBB427FF78BADB3464FF0D5
:107C30000008ECE714F80B1019F8012C19F8020CE5
:107C400012FB01F205EB0B010BF1010B08FB02F239
:107C5000120CFFF789FB019B09F102095B45E9DC86
:107C6000039B564401371D44049B1C44B8E716F897
:107C700017308DF81E308DF81D308DF81C30ECB1AA
:107C8000E35D13FB08F31B0AE8198DF81F30013779
:107C900099F822200799FFF776FB019BBB42E6DCAF
:107CA0000CB1049B1C44039B56440BF1010B1D4477
:107CB000029B5B457FF745AD0027EEE74346E3E7D0
:107CC0004FF0000BF4E7436890F82280019383683B
:107CD00090F821700293C36805680393D0E90443C8
:107CE000D0E9066A0493B8F1000F40F0AC80002C94
:107CF00038D1FC2F1AD8029BA3427FF722AD4FF058
:107D0000000827E041463046FFF725FB404205EBDF
:107D1000080108F101083A46C0B2FFF725FB019BB4
:107D20004345EFDC039B564401341D44029BA342B0
:107D30007FF707AD4FF00008F1E741463046FFF707
:107D40000AFB404205EB080108F101083A46C0B2BF
:107D5000FFF70AFB019B4345EFDC039B56440134CC
:107D60001D44C8E7FC2F1BD8029B43457FF7E9ACB5
:107D70004FF0000B2BE039463046FFF7ECFA40425B
:107D8000E25DE9190137C0B2FFF7EEFA019BBB4291
:107D9000F1DC039B564408F101081D44049B1C447C
:107DA000029B43457FF7CDAC0027EFE759463046AD
:107DB000FFF7D1FA14F80B20404205EB0B0112FB40
:107DC00007F20BF1010BC0B2120AFFF7CDFA019BCB
:107DD0005B45EBDC039B564408F101081D44049B02
:107DE0001C44C1E741463046FFF7B5FA4042C0B2F5
:107DF0008DF81D008DF81C001CB314F8083013FB1F
:107E000007F31B0A8DF81E0005EB08008DF81F30E4
:107E100008F1010899F822200799FFF7B4FA019BAD
:107E20004345DFDC0CB1049B1C44039B56440BF11F
:107E3000010B1D44029B5B457FF783AC4FF00008AC
:107E4000EDE73B46DEE74FF0000BF3E7CB10C9430D
:107E5000C05C01F00701084100F0010070472DE906
:107E6000F04F804687B0D0E901738069019307F035
:107E700059F898F81B900646D8F80040D8E9045302
:107E80000393D8F80C300293002D40F0B180B9F183
:107E9000FC0F42D9791E780006EB064221F00F0153
:107EA000A3EB47074900019B9D4202DB07B0BDE8F9
:107EB000F08FA30704EB000C04EB010E18BF24F8AD
:107EC000026B234673451BD30EF11F03A4F11F0859
:107ED0001B1B23F01F03C64538BF002323441C4649
:107EE000644517D30CF1010403F1FF3E0135E41A98
:107EF00024F00104F44538BF00243C441C44D2E77C
:107F0000C3E90022C3E90222C3E90422C3E906222D
:107F10002033D7E724F8026BE2E723880133CDE969
:107F20000353BB1E0593039B019A9342BEDA14F0E0
:107F3000030A07D04FF0010A4A4621883046E8F785
:107F4000FFFE208004EB4A08D346059B5B4514DC0A
:107F500007F1FF38A8EB0A0828F001085745D8BFF9
:107F60004FF00008D04404EB480AB84535DB029BCB
:107F70001C44039B01330393D5E734F81B00B8F886
:107F80000210814213D001464A463046E8F7D8FE37
:107F90004A4624F81B003046B8F80210E8F7D0FE35
:107FA000A8F802000BF1020B08F10408CDE7D8F89D
:107FB0000020049B9A4202D1C8F80050F2E7D8F89A
:107FC00000304A4630460493E8F7BAFE24F81B0016
:107FD000A8F80200D8F80050E4E7BAF800104A46C2
:107FE000304608F10108E8F7ABFE2AF8020BBCE7BF
:107FF000B9F1FC0F4FF0000B2FD8019B9B45BFF64A
:1080000055AFA4F1020A4FF0000869E015F001082D
:1080100007D04FF001082A7821883046E8F790FE13
:1080200020807A1E04EB480A05EB0803C14604923F
:10803000049A4A4515DCA7EB080323F00103B84571
:10804000C8BF0023984404EB4809B8452EDB029BC7
:108050000BF1010B1C44039B1D44019B9B45D5DB8D
:1080600024E71A884FF6FF718A4209D124F8196073
:10807000AAF8026009F102090AF1040A0233D7E7FB
:10808000002AF7D01A78304634F819100593E8F72B
:1080900057FE059B24F8190030465A78BAF80210AA
:1080A000E8F74EFE059BAAF80200E3E715F8082062
:1080B0003046B9F8001008F10108E8F741FE29F848
:1080C000020BC2E715F8082008F101083AF8021F70
:1080D000304612FB09F2120AE8F732FEAAF8000055
:1080E000B845EFDB029B0BF1010B1C44039B1D44C5
:1080F00083E72DE9F04F90F8202087B08146063ABB
:108100000F2A2DD8DFE812F0E20279052C002C00AE
:108110002C002C002C002C002C0064016D016B0144
:1081200010002C002C000E04436890F8225000939D
:10813000836890F821800193C36806680293D0E9B0
:108140000443D0E9067A0493002D40F03F8164BBDC
:10815000B8F1FC0F22D9009B5D00019BA34202DC19
:1081600007B0BDE8F08F394630462A46574408F03C
:10817000A6FB029B01341E44EFE73BF8021F424678
:1081800037F815000135E8F7DBFDABF80000009B80
:10819000AB42F2DC029B574401341E44019BA342D4
:1081A000DEDDA6F1020B0025F1E7B8F1FC0F1CD8CB
:1081B000019BAB42D4DDA6F102094FF0000B2BE08E
:1081C00014F808203BF8021F37F8180008F10108DE
:1081D000E8F7B6FDABF80000009B4345F0DC029BDE
:1081E000574401351E44049B1C44019BAB42B7DD40
:1081F000A6F1020B4FF00008EEE714F80B2039F857
:10820000021F12FB08F237F81B000BF1010B120AD8
:10821000E8F796FDA9F80000009B5B45EDDC029BAA
:10822000574401351E44049B1C44C1E799F82220A1
:10823000013A032A94D8DFE802F0022B749ABBF8C3
:108240000010002950D09BF80120C1F34511687837
:10825000D20802EBD00228881F2AC0F34510A8BF1D
:108260001F220144D2023F2992B2A8BF3F2102EB54
:10827000411029789BF8002001F01F0180B202F024
:108280001F0211441F29D4BF40181F3080B224E0C0
:10829000BBF8001041B39BF80120C1F34511687889
:1082A000D208C2EBD002288822EAE272C0F345105D
:1082B000D202411A92B221EAE17102EB411229780D
:1082C00090B29BF8002001F01F0102F01F02891AF2
:1082D0000029ACBF4218021C90B22988002C6CD136
:1082E0004246E8F72DFD2880039B0BF1020B023577
:1082F00001330393009B039A934297DC029B5744FC
:108300001E440CB1049B1C44059B01330593059A44
:10831000019B93427FF724AF0023BB46354603936E
:10832000E8E7BBF800104FF6FF729142DCD06A78A4
:10833000C1F345119BF80100D208C00812FB00F2FE
:108340002888C0F34510521110FB01F09BF8001073
:10835000801101F01F01400100EBC2202A7802F0D9
:108360001F0280B212FB01F200EB52108EE79BF865
:1083700001006A78C008BBF80010C0EBD2002A8860
:10838000C1F345110028C2F34512B8BF4042521A4A
:108390009BF80010002A4FEAC02001F01F01B8BF6F
:1083A000524280B200EB42102A7802F01F02521AA9
:1083B000002AB8BF5242104468E7039BB8F1FC0F93
:1083C000E25C9CBF12FB08F2120A8AE700239DE7D9
:1083D0000321484607B0BDE8F04FE2F74FBF042144
:1083E000F7E7436890F822700093836890F8218043
:1083F0000193C36806680293D0E906530393D0E95A
:1084000004430493002F40F05F81002C40D1B8F169
:10841000FC0F1CD8019BA3427FF7A2AEA6F1020B72
:108420002F464FF0000A2AE0FA7838463AF8021F41
:1084300008F101080437E2F7EBFEAAF80000009B00
:108440004345F1DC029B01341E44039B1D44019B08
:10845000A3427FF785AEA6F1020A2F464FF000082F
:10846000EDE7FA7838463BF8021F0AF1010A12FBE1
:1084700008F20437120AE2F7CBFEABF80000009BCB
:108480005345EEDC029B01341E44039B1D44C1E7AF
:10849000B8F1FC0F25D8019BBB427FF761AEA6F176
:1084A0000209AB464FF0000A39E014F80830504694
:1084B0009AF8032008F101083BF8021F0AF1040AA8
:1084C00012FB03F2120AE2F7A3FEABF80000009BD6
:1084D0004345EADC029B01371E44039B1D44049B79
:1084E0001C44019BBB427FF73BAEA6F1020BAA46A0
:1084F0004FF00008EBE714F80A1058469BF80320E9
:108500000AF1010A0BF1040B12FB01F239F8021F08
:1085100008FB02F2120CE2F77BFEA9F80000009BB8
:108520005345E8DC029B01371E44039B1D44049B1A
:108530001C44B0E799F82220013A032A3FF610AE16
:10854000DFE802F0025071919AF80120B978D20860
:1085500002EBD10279781F2AA8BF1F22D002BAF8F5
:108560000020C2F3451280B202EB910239783F2A13
:10857000A8BF3F2200EB42109AF8002002F01F0231
:1085800080B202EBD1021F2AD4BF80181F3080B204
:10859000BAF80010002C40F08A80FA78B8F1FC0F8D
:1085A0009CBF18FB02F2120A0BF1010B0437E8F72B
:1085B000C7FB2AF8020B009B5B45BBDC029B1E44F9
:1085C000039B1D440CB1049B1C44059B0133059384
:1085D000059A019B93427FF7C3ADB2462F464FF0F9
:1085E000000BE8E7BA789AF80110D208C2EBD10282
:1085F000797822EAE272D002BAF80020C2F345127A
:1086000080B2A2EB9102397822EAE27200EB4210CA
:108610009AF8002002F01F0280B2A2EBD102002AD9
:10862000A8BF8018B3E7BA789AF80110D208787812
:10863000C908800812FB01F2BAF80010C1F3451115
:10864000521110FB01F09AF80010801101F01F0187
:10865000400100EBC2203A78D20880B212FB01F24E
:1086600000EB521093E7B8789AF80120C0087978A7
:10867000C0EBD200BAF800200028C2F34512B8BF00
:108680004042A2EB91023978002A4FEAC020B8BFDD
:10869000524280B200EB42109AF8002002F01F0212
:1086A000A2EBD102002AB8BF524210446FE7B8F1E2
:1086B000FC0F14F80B209FBF97F803C012FB08F2C1
:1086C0000CFB02F2120C6FE7002380E7436890F87E
:1086D00022500093836890F821800193C368066854
:1086E0000293D0E90443D0E9067A0393002D40F0C9
:1086F000178174BBB8F1FC0F14D8019BA3427FF71C
:108700002FADA6F1020B00251BE0785CE2F742FDDD
:1087100026F811000131009B8B42F6DC029B574486
:1087200001341E44019BA3427FF71AAD0021F2E7FA
:10873000785D01353BF8021F4246E2F737FDABF8A2
:108740000000009BAB42F3DC029B574401341E4403
:10875000D3E7B8F1FC0F1DD8019BAB427FF700AD0A
:10876000A6F102094FF0000B2CE014F8082017F8CE
:10877000080008F101083BF8021FE2F717FDABF80B
:108780000000009B4345F0DC029B574401351E442A
:10879000039B1C44019BAB427FF7E2ACA6F1020BAA
:1087A0004FF00008EDE714F80B2017F80B000BF161
:1087B000010B12FB08F239F8021F120AE2F7F6FC6D
:1087C000A9F80000009B5B45EDDC029B5744013596
:1087D0001E44039B1C44BFE799F8221017F82BC0D6
:1087E00001394FEADC024FEA9C0C03293FF6B8AC92
:1087F000DFE801F0024059706878298802EBD00068
:10880000C1F345111F286144A8BF1F203F294FEA2B
:10881000C020A8BF3F2180B200EB4110297801F0B1
:108820001F0180B20A441F2AD4BF80181F3080B2B3
:10883000002C6BD1B8F1FC0F03D842462988E8F729
:108840007FFA0BF1010B25F8020B009B5B45C3DCA3
:10885000029B57441E440CB1039B1C44049B0133F0
:108860000493049A019B93427FF77AAC35464FF00C
:10887000000BEAE768782988C2EBD000C1F3451104
:1088800020EAE070A1EB0C01C00221EAE17180B2A4
:1088900000EB4110297801F01F0180B28A1A002AEA
:1088A000A8BF8018C3E728886978C0F34510C908B5
:1088B00010FB0CF011FB02F180114911400100EB9B
:1088C000C120297801F01F0180B211FB02F200EBF8
:1088D0005210ACE768782988C2EBD000C1F345118B
:1088E0000028A1EB0C01B8BF404200294FEAC0208C
:1088F000B8BF494280B200EB4110297801F01F0156
:108900008A1A002AB8BF5242104490E714F80B208C
:10891000B8F1FC0F29889CBF12FB08F2120A8EE7FF
:1089200000239DE7436890F822700093836890F8D5
:1089300021800193C36806680293D0E9065303932C
:10894000D0E904430493002F40F05581002C44D11A
:10895000B8F1FC0F1ED8019BA3427FF701AC2F4654
:10896000A6F1020B4FF0000A2DE03AF8021F08F1C1
:10897000010817F8012C17F8020CE2F717FCAAF807
:108980000000009B02374345EFDC029B01341E448C
:10899000039B1D44019BA3427FF7E2AB2F46A6F148
:1089A000020A4FF00008ECE717F8012C0AF1010A5F
:1089B0003BF8021F12FB08F217F8020C120AE2F74A
:1089C000F5FBABF80000009B02375345ECDC029B43
:1089D00001341E44039B1D44BDE7B8F1FC0F26D8AB
:1089E000019BBB427FF7BCABAB46A6F102094FF03F
:1089F000000A39E014F8083008F101081AF8012CCF
:108A00003BF8021F12FB03F21AF8020C120AE2F7FB
:108A1000CDFBABF80000009B0AF1020A4345E9DCFC
:108A2000029B01371E44039B1D44049B1C44019B75
:108A3000BB427FF795ABAA46A6F1020B4FF00008A8
:108A4000E9E714F80A100AF1010A1BF8012C1BF8D7
:108A5000020C12FB01F239F8021F08FB02F2120CA1
:108A6000E2F7A4FBA9F80000009B0BF1020B5345B1
:108A7000E7DC029B01371E44039B1D44049B1C44FE
:108A8000AEE799F8221097F800C001394FEADC02EE
:108A90004FEA9C0C03293FF663ABDFE801F0024A82
:108AA00066809AF80100BAF8001002EBD000C1F31A
:108AB00045111F286144A8BF1F203F294FEAC0204D
:108AC000A8BF3F2180B200EB41109AF8001001F0DE
:108AD0001F0180B20A441F2AD4BF80181F3080B201
:108AE000BAF80010002C79D17A78B8F1FC0F9CBF4D
:108AF00018FB02F2120A0BF1010B0837E8F720F914
:108B00002AF8020B009B5B45BBDC029B1E44039BC7
:108B10001D440CB1049B1C44059B01330593059A2D
:108B2000019B93427FF71CABB2462F464FF0000BE0
:108B3000E8E79AF80100BAF80010C2EBD000C1F3E0
:108B4000451120EAE070A1EB0C01C00221EAE171BD
:108B500080B200EB41109AF8001001F01F0180B2C2
:108B60008A1A002AA8BF8018B9E7BAF800009AF854
:108B70000110C0F34510C90810FB0CF011FB02F105
:108B800080114911400100EBC1209AF8001001F05A
:108B90001F0180B211FB02F200EB52109FE79AF81E
:108BA0000100BAF80010C2EBD000C1F34511002853
:108BB000A1EB0C01B8BF404200294FEAC020B8BF6A
:108BC000494280B200EB41109AF8001001F01F01F9
:108BD0008A1A002AB8BF5242104480E7B8F1FC0F4D
:108BE00014F80B209FBF97F801C012FB08F20CFB92
:108BF00002F2120C7FE7002390E7436890F822709E
:108C00000093836890F821800193C36805680293FC
:108C1000D0E90443D0E9066A0393002F40F0FC80BA
:108C2000002C38D1B8F1FC0F19D8019BA3427FF773
:108C300097AAA5F1020B002725E039463046FFF739
:108C400005F94042C0B2E2F7A5FA25F8170001374E
:108C5000009BBB42F1DC029B564401341D44019B46
:108C6000A3427FF77DAA0027F2E739463046FFF797
:108C7000EDF840423BF8021F01374246C0B2E2F72E
:108C800095FAABF80000009BBB42EEDC029B564419
:108C900001341D44C9E7B8F1FC0F21D8019BBB4248
:108CA0007FF75EAAA5F102094FF0000B34E04146C0
:108CB0003046FFF7CBF8404214F8082008F10108CD
:108CC0003BF8021FC0B2E2F771FAABF80000009B5C
:108CD0004345ECDC029B564401371D44039B1C4476
:108CE000019BBB427FF73CAAA5F1020B4FF00008A5
:108CF000EDE759463046FFF7A9F814F80B2040423B
:108D000039F8021F12FB08F20BF1010BC0B2120A74
:108D1000E2F74CFAA9F80000009B5B45E9DC029BF6
:108D2000564401371D44039B1C44B7E73046FFF708
:108D30008DF899F822204042013AC0B2032A3FF64A
:108D40000FAADFE802F0022F36537988E2F722FA01
:108D50004FF6FE72084490424FDC80B2002C51D195
:108D6000B8F1FC0F03D842467988E7F7E9FF0BF129
:108D7000010B27F8020F009B4FEA8B015B45D5DC06
:108D8000029B56441D440CB1039B1C44049B0133BD
:108D90000493049A019B93427FF7E2A9AF1E4FF020
:108DA000000BE8E77988E2F7F5F9814228DD081A37
:108DB000D3E77A880592E2F7EDF9059AC0F3CF017F
:108DC00000F01F0EC0F385004FEAD22C01FB0CFC13
:108DD00002F01F01C2F345120EFB01F1424349119B
:108DE000921141EACC2141EA4210B6E77988E2F7D4
:108DF000D1F98142DBDC401AAFE74FF6FF70ADE7F7
:108E00000020ABE714F80B20B8F1FC0F79889CBF69
:108E100012FB08F2120AA8E70023B9E7CB10C943F6
:108E2000C05C01F00701084100F00100704722B169
:108E3000FC2A03D9087048708870704710FB02F054
:108E4000D3430A78DBB202FB0302120A0A704A78A3
:108E500002FB0302120A4A708A7802FB0300000A2E
:108E6000EAE730B53AB1FC2A037805D90B704378AC
:108E70004B7083788B7030BDD4430D7813FB02F3B5
:108E8000E4B205FB04331B0A0B704B78457813FBE7
:108E900004F305FB02331B0A4B708B78807813FBBD
:108EA00004F300FB02331B0AE4E730B5013A85B056
:108EB000CBB2C1F307240191C1F30741032A41D882
:108EC000DFE802F00217284202781344FF2BA8BF04
:108ED000FF238DF80C3043782344FF2BA8BFFF23DA
:108EE0008DF80D3083780B44FF2BA8BFFF23DBB236
:108EF00020E00278D31A23EAE3738DF80C3043782C
:108F00001B1B23EAE3738DF80D3083785B1A23EA89
:108F1000E373ECE7027812FB03F31B128DF80C30BD
:108F2000437813FB04F31B128DF80D30837813FB89
:108F300001F31B0A01469DF8072003A88DF80E30A7
:108F4000FFF78FFF05B030BD0278D31A002BB8BFF2
:108F50005B428DF80C3043781B1B002BB8BF5B4283
:108F60008DF80D3083785B1A002BB8BF5B42BEE7EB
:108F70002DE9F04F43688BB0074688464B43914636
:108F800090F821A00193836805680293C368039356
:108F9000D0E906630493D0E90443069390F82230A5
:108FA000002B40F0BA8064BBBAF1FC0F44D9914267
:108FB0000FD0029B9C420FDA32462B4617E0314617
:108FC0002846019A013407F07AFC039B1D44049B58
:108FD0001E44029B9C42F2DB0BB0BDE8F08F11787F
:108FE00019705178597091784A4499704344591BCB
:108FF00001988142F3DB039B01341D44049B1E4412
:10900000D7E7BAF1FC0F1F4630D8029B9F42E3DA44
:10901000631E30464FF0000B40E0E91958464744C4
:10902000CB445246FFF71DFF019B9F42F5DB039B9C
:1090300001341D44049B1E44029B9C42CCDAB3467F
:109040000027F1E705EB0A011BF8012F0590FFF758
:1090500008FF0598C2444844019B9A45F2DB039BF4
:1090600001371D44049B1E44069B1C44029B9F42E7
:10907000B2DA04F1FF3B30464FF0000AECE713F898
:10908000012F05EB0B010590C34412FB0AF2079375
:10909000120AFFF7E6FE0598079B4844019A93459C
:1090A000EDDB039B01371D44049B1E44069B1C44BF
:1090B000ABE79A788DF826205A788DF825201A7813
:1090C0008DF824203CB314F80B2012FB0AF2120A8C
:1090D0008DF8272005EB0B0097F82220C34409994F
:1090E0000793FFF7E2FE079B4B44019A9345E0DBB1
:1090F0000CB1069B1C44039B1D44049B1E44059B12
:1091000001330593059B029A9342BFF665AF334640
:109110004FF0000BE9E75246DAE70023F1E72DE9CB
:10912000F04F87B080460D4690F81B90C668D0E996
:109130000443D0E901A70193002C76D1B9F1FC0FCB
:109140005AD9032925D104680AEB4A0A2346D91CB7
:109150001B1B9A4507DC04EB06080125BD4210DB0A
:1091600007B0BDE8F08F98F8183001F8033C98F884
:10917000193001F8023C98F81A3001F8013C0B460E
:10918000E5E7404652462146B044013507F097FBDB
:10919000E4E70429E4D1806905F0D2FEBAF1000FBA
:1091A0002AF00F02D8F80010B8BF0022AAF10F0C65
:1091B000BC42D5DA0B46002510E0103543E910001B
:1091C00043E90E0043E90C0043E90A0043E90800C3
:1091D00043E9060043E9040043E90200AC4503F11A
:1091E0004003EADC1346534502DB31440134DFE738
:1091F00041F823000133F6E7806905FB0AFA05F020
:109200009FFED8F800B00590BC42A9DA4FF00008E4
:1092100006E00BEB0801A8444A4605A8FFF721FE2B
:10922000D045F6DBB3440134EEE701FB0AF3B9F1B4
:10923000FC0F806902931ED905F082FE4FF00009F1
:10924000D8F800A00590B9458ADA04F1FF3B4FF049
:10925000000807E00AEB0801A8441BF8012F05A845
:10926000FFF7FFFD029B9845F4DB019BB24409F137
:1092700001091C44E7E705F063FE4FF0000AD8F847
:1092800000B00590BA45BFF66BAF631E4FF0000803
:109290000CE013F8012F0BEB080105A8A84412FB02
:1092A00009F20393120AFFF7DCFD039B029A904533
:1092B000EFDB019BB3440AF1010A1C44E2E72DE90C
:1092C000F04F90F820308BB00446063B01910F2BF5
:1092D00000F2D082DFE813F02702B203CE02CE0202
:1092E000CE02CE02CE02CE02CE024B015601540176
:1092F0001000CE02CE02D902D0E901B390F821903D
:109300000293C36807680393D0E906530493D0E936
:109310000463059390F82230002B40F02381002E47
:1093200062D1B9F1FC0F30D840F63A0840F20D4A4C
:10933000029BB34240F39E82394600244CE005EB89
:1093400042035B78DB0843431B128B7035F8123005
:10935000C3F3451363431B124B7015F812300132EF
:1093600003F01F0343431B120B70019B19449345E9
:10937000E5DC039B01361F44049B1D44029BB34262
:1093800040F3788239460022F1E740F63A0040F295
:109390000D44F3E705EB44034A4609A85B78DB0874
:1093A00008FB03F31B128DF8263035F81430C3F395
:1093B00045130AFB03F31B128DF8253015F8143002
:1093C000013403F01F0308FB03F31B128DF8243054
:1093D000FFF747FD019B1944A345DBDC039B0136E6
:1093E0001F44049B1D44A3E7B9F1FC0F1C463ED863
:1093F00040F63A0A029BA34240F33C8239464FF0C2
:10940000000861E005EB480316F8082009A85B781E
:10941000DB0809FB03F31B128DF8263035F81830F2
:10942000C3F345130AFB03F31B128DF8253015F81F
:10943000183008F1010803F01F0309FB03F31B12A6
:109440008DF82430FFF70DFD019B1944C345D9DC8D
:10945000039B01341F44049B1D44059B1E44029B37
:10946000A34240F3078239464FF00008EEE740F68A
:109470003A0940F20D4AF2E705EB480340F20D428B
:1094800009A85B78DB080AFB03F31B128DF8263072
:1094900035F81830C3F34513534316F8082012FB70
:1094A00009F21B128DF82530120A15F8183008F150
:1094B000010803F01F030AFB03F31B128DF824308D
:1094C000FFF7CFFC019B1944C345D5DC039B013456
:1094D0001F44049B1D44059B1E448BE705EB48027B
:1094E00040F20D415278D2085A4312128DF82620CC
:1094F00035F81820C2F345124A4312128DF8252080
:1095000015F8182002F01F025A4312128DF8242079
:1095100036B316F8082012FB09F2120A8DF827203C
:1095200008F1010894F8222009990690FFF7BDFC84
:10953000019B0698184440F63A03C345CEDC0EB1B1
:10954000059A1644039A0AF1010A1744049A15442D
:10955000029A524540F38E8138464FF00008ECE7FE
:109560004A46DBE74FF0000A40F63A03F0E70322F1
:109570009DF8041020460BB0BDE8F04FFFF7F8BC93
:109580000422F5E7436890F8218002938368076816
:109590000393C3680493D0E90453D0E906690593A3
:1095A00090F82230002B40F0BC80002D38D1B8F16B
:1095B000FC0F18D8039BAB4240F35C81B24639469E
:1095C000002425E098F803204046FFF74AFC019B61
:1095D000013408F104081944029BA342F2DC049B05
:1095E0004E4401351F44039BAB4240F34381B046D8
:1095F00039460024F0E79AF80320504601340AF176
:10960000040A12FB08F2120AFFF72BFC019B194413
:10961000029BA342EFDC049B4E4401351F44C9E783
:10962000B8F1FC0F1C4621D8039BA34240F32281D2
:10963000B34639464FF0000A33E015F8083050467B
:109640009AF8032008F101080AF1040A12FB03F258
:10965000120AFFF706FC019B1944029B4345ECDC10
:10966000049B4E4401341F44059B1D44039BA342AD
:1096700040F30081B24639464FF00008EDE715F897
:109680000A3058469BF803200AF1010A0BF1040B3B
:1096900012FB03F208FB02F2120CFFF7E2FB019B44
:1096A0001944029B5345EADC049B4E4401341F4499
:1096B000059B1D44B8E753F8030C1978099045BB86
:1096C00018FB01F10A0A8DF8272007EB0A0094F82D
:1096D00022200BF1010B09990793FFF7E6FB019B91
:1096E0009A44079B0433029A5A45E4DC0DB1059B6A
:1096F0001D44049B4E441F44069B01330693069A67
:10970000039B934240F3B6804FF0000BF31CDA4604
:10971000E9E715F80A2012FB01F208FB02F2120C2D
:10972000D1E70023EAE7436890F821800293836839
:1097300007680393D0F80C90D0E90453D0E9066A87
:10974000049390F82230002B40F09D8075BBB8F157
:10975000FC0F15D8039BAB4240F38C8039460024A4
:109760001DE012F8011F9970597011781970019954
:109770000B448118029C8C42F3DC4F445644013563
:10978000039BAB4276DD721E3B46C6F10100F0E75B
:10979000305D4246FFF74BFB019B01341944029BAD
:1097A000A342F5DC4F4456440135D3E7B8F1FC0F32
:1097B0001C4618D8039BA3425CDD39464FF0000BD2
:1097C00025E015F8082016F8080008F10108FFF751
:1097D0002EFB019B1944029B4345F2DC049B4F4442
:1097E000564401341D44039BA34243DD39464FF0E8
:1097F0000008F0E715F80B2016F80B000BF1010B31
:1098000012FB08F2120AFFF712FB019B1944029B9C
:109810005B45EFDC049B4F44564401341D44C9E7CB
:1098200016F80B208DF826208DF825208DF82420A1
:109830001DB3EA5C12FB08F2120A8DF82720F81813
:1098400094F822200BF1010B09990693FFF72DFBE9
:10985000019A069B1344029A5A45E1DC0DB1049B20
:109860001D44059B4F44564401330593059A039BC1
:10987000934204DC0BB0BDE8F08F4246DDE74FF0C9
:10988000000B5B46E7E70023EFE7436890F8218091
:109890000293836807680393C3680493D0E9045371
:1098A000D0E90669059390F82230002B40F0C4807F
:1098B000002D3AD1B8F1FC0F19D8039BAB42D9DD8A
:1098C000344639464FF0000A26E014F8012C08F11E
:1098D000010814F8020CFFF7AAFA019B1944029B35
:1098E00002344345F1DC049B4E4401351F44039B85
:1098F000AB42BFDD344639464FF00008EFE714F8BD
:10990000012C0AF1010A14F8020C12FB08F2120AE7
:10991000FFF78DFA019B1944029B02345345EEDC9C
:10992000049B4E4401351F44C7E7B8F1FC0F1C46A9
:1099300021D8039BA3429DDDB34639464FF0000A70
:1099400033E015F8083008F101081AF8012C1AF86C
:10995000020C12FB03F2120AFFF769FA019B194489
:10996000029B0AF1020A4345EBDC049B4E4401349E
:109970001F44059B1D44039BA3427FF77BAFB24668
:1099800039464FF00008EBE715F80A300AF1010AF2
:109990001BF8012C1BF8020C12FB03F208FB02F26D
:1099A000120CFFF744FA019B1944029B0BF1020BC6
:1099B0005345E9DC049B4E4401341F44059B1D4480
:1099C000B7E713F8011C18788DF8261065BB10FB5B
:1099D00008F0020A8DF8272007EB0A008DF8241002
:1099E0000BF1010B8DF8251094F8222009990793AB
:1099F000FFF75BFA019B9A44079B0233029A5A4590
:109A0000DFDC0DB1059B1D44049B4E441F44069BA7
:109A100001330693069A039B93427FF72BAF4FF0D7
:109A2000000B731CDA46E9E715F80A2012FB00F276
:109A300008FB02F2120CCDE70023EAE7436890F836
:109A400021800293836806680393C3680493D0E976
:109A50000453D0E9067A059390F82230002B40F0A9
:109A6000B880002D38D1B8F1FC0F19D8039BAB4258
:109A70007FF700AFB146002426E021463846FFF7C5
:109A8000CDF94042019B0134C0B29070507010700B
:109A90001A44029BA342F0DC049B574401351E4448
:109AA000039BAB427FF7E6AE32460024F1E7214646
:109AB0003846FFF7B3F9404249464246C0B2013446
:109AC000FFF7B5F9019B9944029BA342EFDC049B8D
:109AD000574401351E44C9E7B8F1FC0F1C461FD896
:109AE000039BA3427FF7C6AEB1464FF0000B31E0B7
:109AF00049463846FFF792F9404215F80920414699
:109B0000C0B209F10109FFF792F9019B9844029B49
:109B10004B45EDDC049B574401341E44059B1D441A
:109B2000039BA3427FF7A6AEB0464FF00009EEE7D5
:109B300059463846FFF772F915F80B20404249465E
:109B400012FB08F20BF1010BC0B2120AFFF76FF91A
:109B5000019B9944029B5B45EADC049B574401341A
:109B60001E44059B1D44BBE749463846FFF756F99E
:109B70004042C0B28DF825008DF824003DB315F8A1
:109B8000092012FB08F2120A8DF8272009F10109B9
:109B90008DF8260094F8222009990698FFF785F998
:109BA000069B019A13440693029B4B45DCDC0DB1E6
:109BB000059B1D44049B57440BF1010B1E44039B62
:109BC0005B457FF757AE4FF000090696ECE742463B
:109BD000DAE74FF0000BF2E7F0B5154685B0064620
:109BE0000F460A46684629461C4604F085FD90B19A
:109BF000009B68466968019A2D683F68521A5D1B90
:109C00000A99DF1B01FB025505F0D4F8E31971191D
:109C10001844834201D105B0F0BD1A7811F8014B08
:109C20002244FF2A28BFFF2203F8012BF1E72DE988
:109C3000F843A1EB52051F4656089046814605F0B1
:109C4000D3FF00FB05F44846E411E7F7E9F86FEAB3
:109C50000802002C05FB00F002F00102D4BF8034A2
:109C6000803C4FEAE010CDBFC6EB2423C6EB242393
:109C700006EB24249B18CCBF06EB2424A41A00284E
:109C80003B60CCBF80388030BC60CDBFC6EB2023AA
:109C9000C6EB202306EB20269B18CCBF06EB202624
:109CA000B61A7B60FE60BDE8F8832DE9F04F91F8AD
:109CB0003C30ADF50B7D0C46022B059042D90D6A68
:109CC000002D3FD0D1E9091399423BD00AAF0EAE27
:109CD000B4F834800FCA87E80F00059B3946304638
:109CE00003F1380204F008FD039058B34545A36B17
:109CF000A8BF4546D4E909A943BB0AF5B4734B454F
:109D000003D009F5B473534520D167A8FAF70DFACB
:109D100094F83C300F2267A98DF8C431E3690598A7
:109D2000ADF8BC311B0C70958DF8BE3147F6FF7352
:109D30006E939DF8C53162F304033A468DF8C53140
:109D400000F0A3F90DF50B7DBDE8F08F236A3868AC
:109D5000D7E901121844D21A194412901492FA68E1
:109D60001391D31A1593BAF5B47F80F2B780B9F581
:109D7000B47F80F2B6800DF5CE781022002116A8AF
:109D80000CF0DDF940465346CDF80090D4E90B12B3
:109D9000E2F7E0F9CDF858800DF1B808002347F656
:109DA000FF7239464046E2F723FA12A8CDF85C80EC
:109DB00005F000F8002800F3978000230393304655
:109DC0000DF1680B04F0FBFF0690304604F0F2FF43
:109DD0008046E7F78DFB074696E80F008BE80F00FB
:109DE000002128224AA80CF0AAF994F83C30A16B73
:109DF0004F978DF83831CDF824B1CDF844B1002912
:109E000040F08280A28BA37FADF839218DF83B31E1
:109E1000002394F83D60049316F001063DD005FB45
:109E200005FB5846E7F764FB5A46FF21064606F055
:109E300048FD6A1E0DF5807B00232AA95846CDE90E
:109E40002C2205EBD5725210CDE92A33E2F7D0F976
:109E50000023CDF820B0B3460993AB42C0F28C800A
:109E60005FFA85FB40A802F03DFE22AB5A46A18E68
:109E70000FFA8AF0FFF7DBFE22A8D4E90B1204F0F8
:109E80002EFC5A46A18E0FFA89F026ABFFF7CFFEC3
:109E900026A8D4E90B1204F022FC1B9B4FF000090A
:109EA0001D93069B994579DB67A802F01BFE2EA83F
:109EB00002F018FE039B13B137A802F013FE3846D8
:109EC000E7F730FBA36B13B154A8FAF7AAFB002EF7
:109ED0003FF438AF3046E7F725FB33E7AAF5B47A0D
:109EE00041E7A9F5B47942E712A804F068FF002819
:109EF0007FF763AF37AF012347F6FF7212A93846E9
:109F0000E2F776F918975AE7002254A8E0F700FF25
:109F100000283FF477AF5F9B002B3FF473AF1EAE7A
:109F20000022C6E900229A883046013AB260DA88F7
:109F3000013AF2609B88D4E90B12A2EB5302A1EB29
:109F4000530104F0CCFB5F9A4D96D2F810B0138900
:109F5000CDF828B14B935278142A02D08DF83021D5
:109F600056E71222304604938DF8302104F027FF83
:109F7000049B03FB00B34CE75946002208A8009558
:109F8000079302F093FD079B014620B92A465846E5
:109F900006F097FC079BAB4401335EE74246FF2186
:109FA000384606F08EFC394616A8CDF80080DDE96B
:109FB0001A2302F07BFD94F83D3001468DF84001F4
:109FC000DB072DD51B9B239A934211DB259A9342E5
:109FD0000EDC30B94246384606F073FC02238DF899
:109FE00040313B4622AA1AA930460095FFF7F4FDFE
:109FF0001B9B279A934213DB299A934210DC9DF80E
:10A00000401131B94246384606F05BFC02238DF818
:10A0100040313B4626AA1AA930460095FFF7DCFDE1
:10A02000049BEBB19DF84031D3B14D9B791E1B9A37
:10A0300058681B68A2EB000C1A9A4B98D31A049A22
:10A04000400800FB0C33C7F101001344421890454F
:10A0500012DC9DF84031012B04BF02238DF8403102
:10A0600049A90598E0F72CFF1B9B09F10109013371
:10A070001B931D9B013313E713F801CB11F8012F3C
:10A0800012FB0CF212120A70E0E72DE9F04F91F882
:10A090002830B9B005460F46022B144640F2B18075
:10A0A0004B6A002B00F0AD8091F82930DA0600F001
:10A0B000A880204604F07EFE0646204604F07FFE7F
:10A0C0008642FB69A8BF064697F8288097F8229039
:10A0D00070107E6A9842A8BF184697F829308346C8
:10A0E00013F0040F03F01F010CBF0BEB0603334604
:10A0F000D4E900E008BF5B4273440B930B0754BFE5
:10A100000BEB06033346D4E902C258BF5B42ACEB0B
:10A1100003030D938B0756BF0BEB060333465B42DD
:10A1200003440C93CB0754BF0BEB06033346ABEB56
:10A13000060658BF5B42D21A97F82030039397F86F
:10A1400021300E920293BBF1000F5DD1002E5BDC3B
:10A1500059462C222DA806F0B4FB24ABD4F804B049
:10A160002D93039B8DF8CB908DF8C930029BDDF8C1
:10A1700030908DF8CA300B9B09F1FF312768CB4531
:10A18000A66802930D9B8DF8C880D4F80CA0DDF86A
:10A190003880039324972791CDE925B603DC2DA9B8
:10A1A0002846E0F78DFE0E99C24501F10101259187
:10A1B000E168279103DB2DA92846E0F781FECB4516
:10A1C0002168D4BF0C9B6368C24524912593ACBF22
:10A1D0000E9BE3680B992793029B01399F422691BE
:10A1E00003DC2DA92846E0F76BFE0D9B0133249379
:10A1F000A3682693039B9E4203DB2DA92846E0F724
:10A200005FFE39B0BDE8F08F05F1380221460FA896
:10A2100004F072FA06900028F3D00FA8002704F08B
:10A22000C9FD2C22002107902DA806F04AFB0798B3
:10A23000E7F75EF901233390824626EAE6721BA80F
:10A240000BA90A97CDE90877E1F7D2FF1BA8BB4518
:10A25000089007DD24AE3B465A4621463046E1F7DA
:10A26000C7FF099613AB0B9A17A88DF8CB902D93C7
:10A270003593039B8DF8C8808DF8C930029B8DF80B
:10A28000CA3023685B449342ACBF17931792A3680C
:10A290000D9AA3EB0B039342D4BF199319926368F1
:10A2A0000C9A5B449342ACBF18931892E3680E9AE1
:10A2B000A3EB0B039342D4BF1A931A9204F07AFDD6
:10A2C0006368D4F8009002930C9BDDF82C80039314
:10A2D000A368C145E66804930D9B0E9F059362DC5D
:10A2E000DDE9043293425EDBDDE9023293424FF056
:10A2F00001038DF8D03041DDBE420CDB179B2DA948
:10A3000028461393199B15930E9B01331493E3680E
:10A310001693E0F7D5FD0B9B0D9A93424BDBC1459D
:10A3200057DCDDE904218A4247DB236813932DA91A
:10A33000A36828461593189B14931A9B1693E0F76D
:10A34000BFFD0F9B0699119A139300297AD1636878
:10A3500088460C9F1592FF1A5F45B8BF5F46474578
:10A360003EDC1BA802F0BEFBBBF1000F02DD24A8FF
:10A3700002F0B8FB5046E7F7D5F842E7BE4201DBF2
:10A3800031280DDD179B2DA928461393199B159392
:10A39000029B1493039B013B1693E0F791FDABE7FF
:10A3A00000230693B7E701238DF8D030DDE90232B0
:10A3B0009342E7DDA0E7C1450BDC013B22682DA9F4
:10A3C00028461593189B139214931A9B1693E0F743
:10A3D00077FDDDE904329342B3DB0D9B0133A5E742
:10A3E0006368E66808EB0309109BA6EB080699452D
:10A3F00002DA129B9E4222DC079AFF21504606F0A9
:10A4000060FA079B139A5146009308A84B4602F046
:10A410004DFB109B8DF8D000994507DB2DA92846F0
:10A42000CDF85090CDF85890E0F74AFD129B9E422F
:10A4300005DC2DA9284614961696E0F741FD08F193
:10A4400001088CE7179B13A8013B9342D4BF1593D7
:10A45000159204F0AFFC041E34DC199B13A80F9A6C
:10A4600001339342ACBF13931392119B159304F0E5
:10A47000A1FC041E7FF775AFDDE90432934267DA71
:10A48000DDE90232934263DDBE42FFF66AAF1A9EF7
:10A490000136129B9E423FF764AF22465046FF2191
:10A4A0001496169606F00DFA51463346139A08A8EC
:10A4B000009402F0FBFA2DA98DF8D0002846E0F7B1
:10A4C000FFFCE5E7C14524DDDDE90232934220DDF2
:10A4D000BE42C2DB1A9B03F10108129B9845BCDC0B
:10A4E0002246FF215046CDF85080CDF8588006F026
:10A4F000E8F94346139A514608A8009408F1010868
:10A5000002F0D4FA2DA98DF8D0002846E0F7D8FC47
:10A51000E3E7109B189A934202DBC145DADDD7E7E7
:10A520002246FF21504614931693069306F0C9F96C
:10A53000069B5146139A08A8009402F0B7FA2DA979
:10A540008DF8D0002846E0F7BBFC069B0133E1E71D
:10A55000DDF84080189B984504DBDDE90432934226
:10A5600095DA91E72246FF215046CDF85080CDF88C
:10A57000588006F0A6F94346139A514608A800945D
:10A5800008F1010802F092FA2DA98DF8D0002846B2
:10A59000E0F796FCDEE72DE9F04F4500CB074FEAE8
:10A5A000610A87B004462846904654BF0AF1FF3B33
:10A5B000D3460F46E6F79CFFAB1E6FF0010206463E
:10A5C00000934FEA4A030BFB0222C146019300238A
:10A5D0000292A34225DB4FF47F5C04FB04F0424669
:10A5E000434608EB4000BCFBF7FC834244D16B427E
:10A5F0004FF0000C0AFB03F30593631E05FB038376
:10A6000004930BF1010300930BFB05530393AB1968
:10A610000193A4453CDB304607B0BDE8F04FE6F7B8
:10A6200081BF009A019839F80210621E00EB090CF4
:10A6300002987943484402EB0A0E26F8121074453A
:10A64000CCBF3CF812E04FF0000EA1EB0E0EA2EBD7
:10A650000B010029D4BFB9F8001030F81210013AEC
:10A660007144E8D248462A463146039306F027F95A
:10A67000039BA9440133ACE7198839B1B1F57F5F79
:10A6800016BF91FBF7F1A3F800C019800233ACE7C5
:10A690000599002013889646511890467B430291F5
:10A6A000039902EB01090146002BACBFC3F38F1BDA
:10A6B0004FF0000B26F811B0A1EB0A0BBBF1000F15
:10A6C000CCBFDDF808B0B8F800B0A844C8BF3BF86C
:10A6D00000B0A3EB0B0B009B0B4401319C42D4BF99
:10A6E000049B39F800302844D8BF33F81C308C4222
:10A6F0005B44D9D1334633F8021BAEF80010AE44A8
:10A7000001998B42F7D10CF1010C023281E72DE95E
:10A71000F04F1446BBB00D4612680590A0686668FD
:10A72000E768D1E90A310A440144286BD21A194476
:10A73000064438440E92F61A18446B6A109103EBE3
:10A74000D37311900F965B105B421A44C91AC01A5A
:10A75000013A013101301292F21895F83430013A81
:10A760001491FE2B1590139212A928BFFF2316A84F
:10A770000993059B38331A46069303F0BDFF002862
:10A7800000F0278323684FF0FF321AA81A9311466E
:10A7900063681B93A3681C93E3681D9303F092FF07
:10A7A0001AA8EC6904F006FB06461AA804F007FB99
:10A7B00086421AA865DA04F0FDFA4010A042A8BF4C
:10A7C0002046EC6903900EA804F0F4FA06460EA8A1
:10A7D00004F0F5FA86420EA856DA04F0EBFA4710B8
:10A7E0004FF0000BA742A8BF27466C6A3C4404FB0D
:10A7F00004F04000E6F77CFE0E9B6E6A2693119BE8
:10A8000066F0010906F001010490299306EBD67366
:10A810000EA808915A1006EB070807EB63030132F4
:10A8200099442792CDF8A09004F0C4FAA9EB000057
:10A83000DDF89C9026900EA804F0C1FA484400234D
:10A840003A4626A929902FA8E1F7D2FC012E4046CE
:10A8500018BF7610E6F74CFEDDF810A04FEA48036B
:10A8600081460793D84512DC484608FB08F7E6F70F
:10A8700059FE2FA802F036F9012E40F0AD820023D8
:10A8800041E004F09CFA98E704F099FAA7E7424601
:10A89000FF21484606F015F82FAB00215A460093D9
:10A8A000484643462F9FB847014640B9079A50464D
:10A8B00006F007F8079B0BF1010B9A44D2E799F8D1
:10A8C0000030524649469B0193FBF6F322F8023BC7
:10A8D000079B03EB0A009042ECD00F4611F8013FB2
:10A8E0003F789F4217BF9B0132F8023C93FBF6F37F
:10A8F0009BB222F8023BEEE7049A049932F8132047
:10A900009209CA540133BB42F6D195F83570002341
:10A9100017F00107CDE90C3307D126AE0123039AC6
:10A920001AA93046E1F764FC0C9612A804F042FA2A
:10A93000E6F7DEFD2C22064600212FA805F0C1FF18
:10A9400095F822301EA92A8C8DF8D33012A895F8DC
:10A950003430DDF848802F913791ADF8D1208DF853
:10A96000D030359604F026FA00EBD07008EB600387
:10A9700012A8DDF84C800A9304F021FA00EBD070A5
:10A98000149A0A9908EB60032092121B22A80793DD
:10A99000139B01321F9323448A42ACBF1E921E9127
:10A9A0001EA9079A013B9342D4BF21932192069A94
:10A9B00003F0A2FE002840F03E82149A22A8159BC4
:10A9C0002092121B0A99013221931B1B8A42ACBFB1
:10A9D0001E921E911EA9079A0133013208929342DA
:10A9E000ACBF1F931F92069A03F086FE002835D055
:10A9F000039A1AA922A803F03BFF78BB22A804F00F
:10AA0000D9F9DDF884A08346259BDDF88880DDF840
:10AA1000509037B1039A1AA922A80B9303F0EAFFCA
:10AA20000B9BBBF1000F19DDA9EB0409AAEB030A8C
:10AA3000049B09F101093596A8EB0908DDF894900B
:10AA400004FB0A889844229B1E93249B2093022394
:10AA50008DF8D830239B4B4540F34A82129B1EA9A8
:10AA6000079A22A823441E93149B1B1B2093139B1D
:10AA70001F932344013B9342D4BF21932192069A12
:10AA800003F03AFEF8B1039A1AA922A803F0F0FEE7
:10AA90008046C0B922A804F08DF9DDF88C9082467A
:10AAA0001F9B002F00F08082039A1AA922A80B9303
:10AAB00003F0A0FF0B9B8346002800F03D82BAF113
:10AAC000000F00F33E8295F834301EA9089A22A8A0
:10AAD0008DF8D030129B23441E93149B1B1B209394
:10AAE000159B21931B1B01339342ACBF1F931F92F5
:10AAF000069A03F001FE48B3039A1AA922A803F0AC
:10AB0000B7FE814610BB22A804F054F9B0F1000B47
:10AB10001CDDDDF88480DDF894A0002F00F0548265
:10AB2000039A1AA922A803F065FF4B46A8EB0A086E
:10AB3000049A3593229B04FB0828DDF894901E9319
:10AB4000249B2093239B4B4540F3408295F834305F
:10AB500015998DF8D030149B091B1A1B2093139B59
:10AB600001322344DDE90750AB42C8BF0346A94286
:10AB7000ACBF2191219522A81EA91F930A9B9A423E
:10AB8000ACBF1E921E93069A03F0B6FD68B3039AFB
:10AB90001AA922A803F06CFE38BB22A804F00AF917
:10ABA000149B229D80461B1B0133ED1A631E04FB80
:10ABB0000355049B1D44002F00F03A82039A1AA902
:10ABC00022A803F017FF2B46B8F1000F35930CDDD8
:10ABD000229BDDF88C901E93249B209302238DF8FA
:10ABE000D830259B4B4580F22582049B65100021BF
:10ABF000013BA142C0F23E82139A129B2244159956
:10AC00001E932344091B013BDDE90750AA42C8BF3C
:10AC10000246A942ACBF2191219522A81EA91F92EC
:10AC20000A9A02F1FF39069A4B45D4BF2093CDF81A
:10AC3000809003F061FD002840F02E82129A1EA938
:10AC4000139B22A81E9222441F932344013A013BE6
:10AC50004A45D4BF2092CDF88090079A9342D4BF42
:10AC600021932192069A03F047FD002830D0039AE1
:10AC70001AA922A803F0FCFD50BB22A804F09AF800
:10AC8000DDF88CA080461F9B229DDDF878B037B19F
:10AC9000039A1AA922A8099303F0ACFE099BB8F104
:10ACA000000F359614DDAAEB030AA5EB0B05049BF8
:10ACB00004FB0A55DDF88CA01D44229B1E93249BA7
:10ACC000209302238DF8D830259B534580F234829F
:10ACD000159A22A8129B2192121B1E932344013223
:10ACE0000899013B8A42ACBF1F921F911EA9069A88
:10ACF0004B45D4BF2093CDF8809003F0FDFC78B392
:10AD0000039A1AA922A803F0B3FD48BB22A804F0B5
:10AD100051F8DDF884908046DDF894B0229DDDF88E
:10AD200078A027B1039A1AA922A803F063FEB8F10C
:10AD3000000F359614DDA9EB0B09A5EB0A05049B62
:10AD400004FB0955DDF894901D44229B1E93249B1F
:10AD5000209302238DF8D830239B4B4540F30F827C
:10AD6000129B159A23443596121B1E93149B1B1B92
:10AD70002093139BDDE9070123448242ACBF21925B
:10AD800021908342C8BF0B46069A1EA922A81F9392
:10AD900003F0B2FC98B1039A1AA922A803F068FD47
:10ADA00068B922A804F006F8051E08DD229B239C42
:10ADB0001E93249B2093259BA34280F2038217B904
:10ADC00026A801F08FFE0498E6F7ACFB3046E6F7C4
:10ADD000A9FB3BB0BDE8F08F3146049A4046FFF72F
:10ADE000DAFB0899314401290CDD4FF47F50049AB5
:10ADF00090FBF1F002EB4706B2420ED1049A4046B6
:10AE0000FFF7C9FB0023BB423FF47FAD049A0499CE
:10AE100032F81320CA540133F5E732F8023B002B15
:10AE2000EAD0FF2B17BF9B0122F8020C93FBF1F332
:10AE300022F8023CE0E7039A1AA922A803F018FDC1
:10AE400000287FF4BAAD22A803F0B4FFDDF88CB07F
:10AE50008246139BDDF88880DDF8509037B1039A65
:10AE60001AA922A8089303F0C5FD089BBAF1000FA8
:10AE70007FF7A3ADA9EB0409ABEB030B049B09F12E
:10AE800001093596A8EB0908DDF88C9004FB0B88C6
:10AE90009844229B1E93249B209302238DF8D83044
:10AEA000259B4B45FFF689ADCDF87C90CDF884907D
:10AEB000DFB922464146304605F001FD4B46229A55
:10AEC00031460CA8CDF800A001F0F0FD01280ABF22
:10AED00002238DF8D8008DF8D8302FA90598A0440A
:10AEE00009F10109DFF7ECFFDAE7CDF8D480F4E7E8
:10AEF000CDF87C90CDF88490DFB9224641463046AB
:10AF000005F0DDFC4B46229A31460CA8CDF800B086
:10AF100001F0CCFD01280ABF02238DF8D8008DF87E
:10AF2000D8302FA90598A04409F1FF39DFF7C8FFF1
:10AF300090E5CDF8D480F4E7BAF1000F7FF7C3AD08
:10AF4000BB46A9EB0309049BCDF8D48004FB093967
:10AF5000229BDDF88C801E93249B2093259B4345E8
:10AF6000FFF6B1ADCDF87C80CDF8848099F8001063
:10AF7000BBF1000F1DD15246304605F0A2FC4346FE
:10AF8000229A31460CA8CDF800A001F08FFD0128CF
:10AF900008BF02208DF8D8002FA90598A14408F118
:10AFA0000108DFF78DFFD9E700287FF78CADB046A9
:10AFB000C6E7099BFF2B1EBF95F8343013FB01F148
:10AFC000090A8DF8D010E7E73346AFE5CDF87C905D
:10AFD000CDF88490D7B95A4698F80010304605F05D
:10AFE00070FC4B46229A31460CA8CDF800B001F017
:10AFF0005DFD012808BF02208DF8D8002FA9059813
:10B00000A04409F1FF39DFF75BFF9BE5039A1AA91A
:10B0100022A803F0EFFC099BFF2B98F800301EBF1D
:10B0200095F8342013FB02F31B0A8DF8D030E5E7C6
:10B030003346C9E5CDF87C90CDF884909FB942465F
:10B040002946304605F03BFC4B46229A31460CA877
:10B05000CDF8008001F02AFD01280ABF02238DF8F7
:10B06000D8008DF8D8302FA9059809F10109DFF72C
:10B0700027FFB6E518190246A0EB020C654502DC75
:10B0800001310346B5E513F801CF92F800E083F8EB
:10B0900000E002F801C9EFE7039A1AA922A803F019
:10B0A000E7FB00287FF4CAAD22A803F083FE1E9BB5
:10B0B000229D8046ED1A631E04FB0355049B1D442C
:10B0C000002F37D0039A1AA922A803F093FC2B462D
:10B0D000B8F1000F35937FF7B1AD229BDDF88CA05E
:10B0E0001E93249B209302238DF8D830259B534533
:10B0F000FFF6A4ADCDF87CA0CDF884A09FB9424660
:10B100002946304605F0DBFB5346229A31460CA80F
:10B11000CDF8008001F0CAFC01280ABF02238DF897
:10B12000D8008DF8D8302FA905980AF1010ADFF769
:10B13000C7FEDBE73346CBE7CDF87CA0CDF884A093
:10B14000DFB922462946304605F0B9FB5346229A1C
:10B1500031460CA8CDF8008001F0A8FC01280ABFF8
:10B1600002238DF8D8008DF8D8302FA905982544F2
:10B170000AF1010ADFF7A4FEA6E53595F5E7CDF85B
:10B180007C90CDF88490DFB922462946304605F000
:10B1900096FB4B46229A31460CA8CDF8008001F070
:10B1A00085FC01280ABF02238DF8D8008DF8D8301D
:10B1B0002FA90598254409F1FF39DFF781FECBE57A
:10B1C0003595F5E72A46FF2130461F94219405F076
:10B1D00078FB2346229A31460CA80095013401F0F1
:10B1E00065FC2FA98DF8D8000598DFF769FEE2E528
:10B1F0000B79063B012B0ED84B6DDA6B9AB91A6CA2
:10B200008AB993F821209B6E1BB10E2A0BD0142A09
:10B2100009D02F2A07D891F85930632B84BF46F202
:10B220000143A1F858300020704770B50E46C1693F
:10B23000054600296BD101223046DEF7F1FD0446B8
:10B2400010B94FF0FF3070BD3046DEF7FDFD00282D
:10B25000F7D002232365EC612379013B0A2B0DD83B
:10B26000DFE803F006151C232A31493F384450001B
:10B2700004F10802616D204600F04BF8EB690322EF
:10B280001A650023EB61DEF7C3FD0120DBE704F163
:10B290000802616D2046FEF7F8FEEFE704F10802B0
:10B2A000616D2046FFF733FAE8E704F10802616DAB
:10B2B0002046E0F76DFBE1E704F10802616D2046EE
:10B2C000E0F79CFBDAE704F10802616D2046E0F745
:10B2D00053FBD3E704F10802616D2046FEF7E5FC5D
:10B2E000CCE7616D2046E0F793FBC7E7616D204630
:10B2F00001F040FFC2E704F10802616D204600F052
:10B30000A0FDBBE7616D204601F027FCB6E70020F9
:10B3100099E72DE9F04F91F82030ADB00C46022BA3
:10B3200004903CD913680CAE0C93314653680D93CE
:10B3300093680E93D36800F1380210A80F9303F0BE
:10B34000DBF9029058B394F82F502C22002121A849
:10B35000C5F3030315F00F05079303BF94F821907D
:10B3600094F8228094F8237094F824901CBF94F8E9
:10B37000258094F826700AF0E2FEE36994F820A094
:10B380008DF899908DF89A808DF89B7053B94DB9CE
:10B3900021A9049821968DF898A0DFF791FD2DB092
:10B3A000BDE8F08FBAF1FD0F30464FF0000B28BF1B
:10B3B0004FF0FF0A03F0FEFC8046304603F0FFFC2E
:10B3C000E269804543468146A8BF034610A85B104A
:10B3D0009342A8BF1346059303F0ECFC059B039032
:10B3E0005B45CDE90ABB37DDE6F782F85B460746E9
:10B3F000059A18A83146E0F7FBFE18A80A90109BA2
:10B400000DF1500B4A464146149304F12400129B5F
:10B4100027971693FF23CDF884B0CDF8A4B08DF80C
:10B42000983000F0DBF9064600284AD0012D4BD9B0
:10B430000C9A2734109BCDF894B09B1A026803EB4A
:10B4400043010A44E17922920022914206D84FF04A
:10B45000000B4FF000080EE05F46D0E702EB8200E1
:10B46000205CFF2840F02F810132EEE77268DDF8A2
:10B4700008B002EB03080F238DF890304FF000095D
:10B48000059A0D9C91450F9B22DB14449B1A002DBD
:10B4900040F0D08021A90498159417938DF898A0B6
:10B4A0002795DFF70DFD2FB13846E6F73BF818A8D2
:10B4B00001F018FB002E3FF472AF304600F0CAF9DD
:10B4C0006DE780468346D9E74FF0000BD846D5E7B5
:10B4D000A3EB09034C440693119BA34204DD139B89
:10B4E000069A9342C0F29280039A5146384605F07C
:10B4F000E8F9039B149A394600930AA8234601F001
:10B50000D5FA119B012808BF0220A3428DF8A000A4
:10B510005DDC012D1594179404D0022D13D0002367
:10B520001A4615E00D9B3168E31A03EB43028818B5
:10B530008A5AADF8992082788DF89B207268D35C86
:10B540008DF89830EBE7B8F1000F3ED1029B4246F0
:10B5500021A90498CDE90823DFF7B2FCDDE908232F
:10B5600013990698814251DB012D1590179031D027
:10B57000022D43D0002A45D0022D3DD9039A5146D1
:10B58000384605F09EF9039B149A394600930AA8A1
:10B59000234601F08BFA01280ABF02238DF8A00090
:10B5A0008DF8A03028E018F80310FC299FBFFA5C42
:10B5B00012FB01F21212FA540133039A9342F2DBA6
:10B5C00002238DF8A030029BAAE70023F5E70023B1
:10B5D0001A46C5E706990D9B3068CB1A03EB430169
:10B5E0004418415AADF89910A1788DF89B107168F4
:10B5F000CB5C8DF898302AB1002314E013B9B8F170
:10B60000000FF9D121A90498DFF75AFC09F10109CB
:10B6100036E718F80310FC299FBFFA5C12FB01F211
:10B620001212FA540133039A9342F2DB02238DF88B
:10B63000A030E7E7022D8DF898A038D033D905F176
:10B640000D0202F00F02022A38D9119A9442B8BFB3
:10B650001446139A9342A8BF134699464C453FF7A8
:10B6600022AF012D1594179417D10D9BBAF1FC0F41
:10B670003168A4EB030303EB430201EB02008A5A97
:10B68000ADF8992082788DF89B207268D35C9CBFBE
:10B6900013FB0AF31B128DF8983021A9049801348A
:10B6A000DFF70EFCDAE701228DF8A020CDE79DF848
:10B6B0001C208DF8A020CDF89C80C6E70BF1010B73
:10B6C0008DF8A0B0F7E7022D3FF4D0AEDDF808B05A
:10B6D000BFE62DE9F0411D4603790F464B43B2EB1F
:10B6E000232F0ADC83780178427829706A70AB7066
:10B6F000C378069A1370BDE8F081847A04EB840362
:10B70000034413F8011C7943B2EB212F54DA012CC6
:10B7100062D9437A7B43B2EB232FD4BF01230023AA
:10B7200003EB830348F28108C618C35C16F8014C8A
:10B7300031797C4316F8030C7943A2EB24220912D9
:10B74000C2EB0222A1EB242192FBF1F4E74316F8AD
:10B75000052CE4B216F8041CFFB212FB07F211FB31
:10B7600007F104FB0322737810FB07F004FB0311BD
:10B77000B37808FB02F204FB030008FB01F1C2F3FB
:10B78000C75208FB00F0C1F3C751C0F3C75003F024
:10B7900015FCC0F307232870C0F307406B70A87036
:10B7A00016F8023CF27813FB07F304FB023308FBA4
:10B7B00003F3C3F3C7539CE713F8051C13F8042CD9
:10B7C00013F8033C29706A70AB70837A013B03EB7A
:10B7D00083030344DB788CE70023A1E7F7B5C37A42
:10B7E000174606461A0703D10024204603B0F0BDD1
:10B7F00003F00F03012B06D00E3303F00F03032BCE
:10B8000094BF0F4640277D1CF81C05EB450520F032
:10B81000030025F003050C302844E5F769FE0446D3
:10B820000028E1D00C3500F10C0305440360C0E9A9
:10B8300001570025A168A942D7D905EB4503D4E9F2
:10B8400000022A440344304600922A46FFF741FF93
:10B850000135EFE7E5F766BE2DE9F04FB7B08B464F
:10B8600016460D930B6BDDF800A10690002B54D10A
:10B870004B6BB3F5807F50D18D6BB5F5807518BFDC
:10B880000125F46A2C22DBF82C30002120A8B4F822
:10B8900008900793D4F81080677805F012F89BF8A9
:10B8A0005030CDF888908DF894309BF85130C3F328
:10B8B00003038DF8A830002D40F0A081079B002BDA
:10B8C00000F3F7800E2F2AD0142F49D19BF84F3068
:10B8D000022B54D8504603F072FA0546504603F046
:10B8E00069FACDF8988009FB00F3CDF890A0CDF867
:10B8F0008480A288CDF880A0CDF8A0A0B3FBF2F39D
:10B9000005FB038326934FEA5903299302238DF8FD
:10B910009C3012238DF88C301BE00125B1E7069B8B
:10B9200051462BA803F1380202F0E6FEA8B19BF8BD
:10B930004E30BBF84C208DF897300223CDF898801C
:10B940002195ADF895208DF89C30CDF880A0CDE9FB
:10B9500028A920A90698DFF7B3FA37B0BDE8F08F21
:10B96000062F01D0152F06D1CDF890A08DF88C7040
:10B97000CDE920A8EDE79BF84F30022BF4D9419B8D
:10B9800013ADD6F82C800FCB85E80F0098F8013066
:10B99000B8F808901846079303F0DFFA06465046B9
:10B9A00003F00DFA0890284603F004FA04462846EE
:10B9B000664303F004FA0746012E334638BF0123DD
:10B9C0000993DDF7E9F8DDF767FC0446DDF7E4F8F5
:10B9D000DDF7C6FC03F0C1FA4443099BA400B4FBA5
:10B9E000F3F4BC42A8BF3C4603FB04F0E5F780FD3E
:10B9F0002C22074600212BA804F063FF9BF850304F
:10BA00002D968DF8C0309BF851302F95C3F303036A
:10BA10008DF8D430079B142B8DF8B830CDE92B5717
:10BA200010D1089ACDF8CCA0D8F8103009FB023319
:10BA3000319302238DF8C83012238DF8B8304FEAC5
:10BA400059033493149B17AD169E2344013B169360
:10BA5000149B9E4203DA3846E5F764FD7DE7139AAE
:10BA60002846CDE91723159BDAE900121993169B96
:10BA7000524249421A9302F032FE9DF8B830CDF896
:10BA800010B00197CDE90293D8F81030009395E8F3
:10BA90000F00DFF78BFD2BA90698DFF711FA169B35
:10BAA000013314932344013BB342D4BF169316963B
:10BAB000CEE79BF84F30022B00F2A080D6F82C90F6
:10BAC0002C2229462BA899F8018013ACB9F80870EC
:10BAD000B8F1140F14BF43461223079304F0F1FE8C
:10BAE0009BF850302D978DF8C0309BF85130CDF831
:10BAF000BCA0C3F303038DF8D430D9F810302B94D5
:10BB00002C93079B8DF8B830419B0FCB84E80F0036
:10BB1000169B20461691089303F04CF90646E5F76C
:10BB2000E7FC13AB04463190CDE93336079B0E2B6F
:10BB300008D1BBF84C209BF84E302C95ADF8C120B5
:10BB40008DF8C33017AD0023DBF82C200BF1580122
:10BB50002846E0F74DFB00235046CDE90F5303F094
:10BB60002EF907FB00F5149B089A9A4201DA204649
:10BB700072E7B8F1140F2CD1DAF8042013999B1A4C
:10BB8000DAF800207B43891A01EB53012944D9F8E4
:10BB9000103032462046194404F091FE21460FA889
:10BBA0000096DDE9132300F081FFB8F1140F23D0D4
:10BBB000B8F10E0F08BF02208DF8C8002BA9069817
:10BBC000DFF77EF9149B01331493169B0133169310
:10BBD000C9E7B8F10E0F09D1DAF8042013999B1ABE
:10BBE000DAF80020891A07FB0311D0E73246FF215B
:10BBF000204604F066FED1E70220DDE7F76A2C223A
:10BC000000212BA83B890FAD7E78099304F059FEE3
:10BC10009BF850302B958DF8C0309BF85130C3F312
:10BC200003038DF8D430419B0FCB85E80F005046BD
:10BC300003F0C0F80A90504603F0C1F80B90284674
:10BC400003F0B8F88046284603F0B9F8062E0446FB
:10BC50009BF84F302DD00E2E37D19BF84E30354605
:10BC6000BBF84C208DF8C3300023ADF8C1200793FA
:10BC7000284603F072F908FB00F20892DCF78CFF0B
:10BC8000DDF70AFB8146DCF787FFDDF769FB03F090
:10BC900064F909FB00F3089A9B00B3FBF2F3A3429B
:10BCA000A8BF234602FB03F09946E5F721FC0446B2
:10BCB0003DE09BF84E301525BBF84C208DF8C33085
:10BCC0000023ADF8C1200793D2E7022B94BF0023D5
:10BCD00001230F2E07934DD0A6F11103DAB20A2AE1
:10BCE00046D80A2B44D8DFE803F045064306434311
:10BCF000434343430600DCF74FFFDDF7CDFA8146AF
:10BD0000DCF74AFFDDF72CFB03F027F909FB00F312
:10BD100008EB48059B00B3FBF5F3A342A8BF2346FD
:10BD200005FB03F099461425E5F7E2FB0446129B58
:10BD3000142D2C940893109B8DF8B8504B4403F1AC
:10BD4000FF3312930FAB2F933A690C9214D13393B4
:10BD500002234FEA48028DF8C83009FB08F32D9200
:10BD600004EB4303319312238DF8B83017AF56E03C
:10BD700035467DE710257BE70E2D08D13194CDE9BE
:10BD8000333802238DF8C83000232C93EEE7284681
:10BD900003F0E3F808FB00F02D90E7E70F9A13A8F3
:10BDA000CDE91323119BDAE900121593129B52423D
:10BDB0004942169302F093FC0D9B13A80C99CDE910
:10BDC00001B3099BCDE903640093DDE90A23E0F7A1
:10BDD000E9FB079BB3B1119B38460F99109A199351
:10BDE000129B17914942189252421A9302F077FC23
:10BDF0002D9B0094CDE9035BCDE9014397E80F004B
:10BE0000DFF7D4FB2BA90698DFF75AF8129B089AA4
:10BE1000013310934B44013B9A4205DB1293109B74
:10BE2000089A9A42BADAA2E6089B142D1293F6D128
:10BE30000FA802F0C4FF00FB08F004EB40003190B3
:10BE4000EDE72DE9F04FCC69B1B00F469146D4F83B
:10BE500000B00390BBF1000F45D0896E51B10022B4
:10BE600015A8DEF755FF012804D1209D7DB915A83E
:10BE7000F8F7D7FB39466C2215A80AF038F9236881
:10BE80004A4615A903981C93DFF776FD2BE06B78E3
:10BE900003F0F703062BEAD107F1580309AEB5F812
:10BEA00008A00FCB86E80F00EA8805A8AB8800251C
:10BEB000013A013B00920022114602F0E9FB2B46B9
:10BEC000092205A93046009502F0D3FD231D0FCBB2
:10BED00086E80F00324605A90DA802F00DFC28B92E
:10BEE00015A8F8F79EFB31B0BDE8F08F1022294667
:10BEF00011A80AF024F923680A9A11A99B88013B2A
:10BF000013930E9B013B9B1A14932068F7F785FD52
:10BF1000109B0A9A11A901339B1A12932368DB889C
:10BF2000013B14932068F7F778FD0D9B099A11A93E
:10BF3000013B9B1ACDE9115513932068F7F76DFD6E
:10BF40000F9B099A11A901339B1A119323689B88AF
:10BF5000013B13932068F7F760FD0A9B0E9A584641
:10BF60000D99D21A099BC91ADDF7FEFC069B0E9AA1
:10BF700006460D99D21A059B2098C91ADDF7F4FCE4
:10BF800083460DA802F01BFF80460DA802F012FFA9
:10BF9000A8457FF76CAF06F1030C002109E01BF800
:10BFA000013001311CF804EC13FB0EF31B120CF8EA
:10BFB000043C88420CF1040CF1DC2368D3440135C5
:10BFC0001B891E44E4E72DE9F0470546A0B09046E2
:10BFD00099460C46002939D00B79042B32D8002B16
:10BFE00042D0236A4FF46162276993FBF2F102FBAE
:10BFF0001133002B51D0E16A384601F077FA206006
:10C0000005A8DDF7BBFF236A226905A911934FF448
:10C0100080732846CDE91233E37D8DF864302368C0
:10C020000C936369ADF860301B0C8DF86230138996
:10C03000B2F90C201344626ACDE91623A268DFF737
:10C040009BFC03E0082BCCD0192B24D0B8F1000FB7
:10C050007CD0B9F1000F79D04A464146284620B03D
:10C06000BDE8F047FFF755B9CB68002BEED005A827
:10C07000F8F75BF8E37DE26805A98DF83C302846C7
:10C080006369ADF834301B0C8DF8363001230E9304
:10C09000FDF7FBFFDAE70F69ADE7A36801AE04F136
:10C0A000140A0FCB86E80F00386801F0D2FA48B3C3
:10C0B00023691A7C082A25D15A7C42F002025A745C
:10C0C000206901F023FA2C220746002105A804F07C
:10C0D000F8FB9AF80230A28A8DF82B30E37DADF898
:10C0E00029208DF8283023690B970D96DB890E9354
:10C0F00005A9A3682846059302238DF83030DEF7A2
:10C10000DFFEA3E7E16A206901F0F0F9019F2060FA
:10C110003046013F02F04EFE0E21DDF7B3FB07442F
:10C120002C22002105A8039704F0CBFB9AF80230DB
:10C13000A28A8DF82B30E37DADF829208DF82830C8
:10C1400023681A690D960B921B89D0E720B0BDE8D1
:10C15000F0870A46002104F0B4BBFC290AD8022962
:10C1600007D910FB01F048F281035843C0F3C750D0
:10C170007047002070472DE9F843089F1D4606468A
:10C180003B6AF869D41A97F834C0FB6AA1EB00083F
:10C190000CF00102BBBB3B7E03F0060782B1C7B1C6
:10C1A00003F00703022B02D1E00FBDE8F883032B55
:10C1B00001D00020F9E7002CD4BF00200120F4E7D3
:10C1C000022F06D003F00703012B04D1B8F1000FB2
:10C1D0000FDD0120E9E763B918EB050FF9D4401A28
:10C1E000E7D4854203DD291A3044FFF7B2FF02206D
:10C1F000DBE718EB050FDCD4411A21EAE171A94213
:10C20000D7DA3046F1E70CF00200002A00F09E80F9
:10C21000BB6AC0B203FB08F2002B4FEAA22205DD85
:10C2200094420FDA003818BF0120BEE79442F9DCCF
:10C2300008EB05025343B4EBA32F09DB7A6A04FB36
:10C2400002220CE008EB05025343B4EBA32F03DDFD
:10C25000B0FA80F04009A8E77B6A03FB04F242F3DE
:10C26000950212F0FF01C8EB222865D0C1F1FF0151
:10C270003B6BB8F1000F01FB03F34FEA2323C3F13B
:10C28000FF020DDB45450BDD5943C1F3472108B9DA
:10C29000C943C9B216F80800FFF75FFF06F80800A7
:10C2A00008F10104396B8A4227DCA5423CDD002CF1
:10C2B0003ADB796ABB6A5143305D002B97F8343022
:10C2C0004FEAA12102FB01F1C1F34721BCBFC943E1
:10C2D000C9B29A0744BFC943C9B2FFF73EFF305500
:10C2E00097F834309B072AD54545FFF662AFB8F181
:10C2F000000FFFF67CAF414683E7002C0EDBA54222
:10C300000CDD97F83430A2EB61019807C9B2305DBB
:10C3100044BFC943C9B2FFF720FF305501343B6B1E
:10C32000A542A2EB0302BDDC97F834309F07DBD4B3
:10C3300001343FF53EAF03E04446FF22B2E701344B
:10C34000A542FFF654AF291B30194EE77B6AC0B2F5
:10C350005C43002B4FEAA422CCBF511C11468845F8
:10C360003FF760AF08EB05018A423FF771AF44F336
:10C370008D2EC4F387021C4444F38D292102AEEBB9
:10C380000804CE4506D0002B80F29480002A39D1D3
:10C39000013CFF22002C1FDBA54227DDC1F38721D2
:10C3A0001144C1F3470108B1C943C9B2305DFFF779
:10C3B000D4FE305597F83430980708D5A9EB08011A
:10C3C0008D427FF7F6AE0029FFF611AF19E7013471
:10C3D000AC42A8BF2C46B6E70028EFD10134AC42EE
:10C3E000A8BF2C46002C3FF4E4AE00E70028E5D1BE
:10C3F0000134AC42A8BF2C46002C3FF4DAAE7FF7E4
:10C40000F6AEA0E7002CBB6A49DBC3F10008A542E9
:10C4100002FB08F84FEAA8280ADD08FB02F1C1F385
:10C42000472108B1C943C9B2305DFFF796FE3055C8
:10C4300097F83430621E796A03F002033CB39542E8
:10C4400021DDC8F1FF08494208FB01F1891208FB10
:10C4500001F1C1F347210BB9C943C9B2B05CFFF781
:10C460007CFEB05497F83430990707D59542FFF613
:10C47000BEAE002A3FF4BBAE1146C2E60134A5426F
:10C48000BFF661AFA5E6002B3FF4A3AEEEE7002BAD
:10C490007FF4ADAE002D7FF79CAE012453E700285A
:10C4A0007FF4A5AE0134A542FFF693AE002C7FF4D5
:10C4B0009EAE48E7C2F1FF01BA6A002C01FB02F20E
:10C4C0004FEAA22E04F10102CEF1FF082DDBA542B6
:10C4D0000BDD0EFB01F1C1F3472108B9C943C9B215
:10C4E000305DFFF73AFE30557B6A08FB03F39B1281
:10C4F00097F83400954200F002002ADD08FB03F3B0
:10C50000C3F3472108B1C943C9B2B05CFFF725FEA8
:10C51000B05497F834309B070ED5A542FFF649AECC
:10C52000002CFFF664AE21466BE6621C0AD108FBC4
:10C5300003F300229B12DBE70234AC42A8BF2C4677
:10C54000002C5CE71CF0020F05D0A542BFF64FAEF1
:10C550002FE60028E1D10234AC42A8BF2C46002CC3
:10C560003FF427AEECE72DE9F74F0C9D07468946CF
:10C570001646AC689846D5F80CC0A1EB040BA2EBAC
:10C580000C0AD5E904E4BEF1B30F00F39380B32C99
:10C5900000F3FF80BEF1000F07D1944500F36681E0
:10C5A000002C00F0828001244EE1002C00F01C8160
:10C5B000A64519DC944500F35B8105F1180332466A
:10C5C0004946384600934346FFF7D5FD6A6904465D
:10C5D000EB68B42A40F01681B34240F31781002C77
:10C5E00040F00C81002402E0944504DD0124204643
:10C5F00003B0BDE8F08F6A6F0EF1FF30EB6B611E88
:10C6000002FB0AF259280AFB03334FEAA2224FEA3F
:10C61000A3230BD8002B10DA59294FF0000310D9AF
:10C620005B3CB22C98BF03EAE3730AE0AEF15B0E09
:10C63000BEF1B20F98BF03EAE3735929F0D823EA99
:10C64000E373D21A03EB6201A1EB0B014145A8BFD2
:10C65000414600290C462ADD05F1180332463846CA
:10C6600000930B464946FFF786FD824618B92146DE
:10C670003846FFF76EFD444505F15005A8BF444616
:10C6800024EAE4742744A8EB040804EB09014346B8
:10C69000324638460095FFF76EFD044618B941460C
:10C6A0003846FFF756FDA245A1D002249FE74FF080
:10C6B000010AE0E7BEF1B40F75D0B42C40F39780C7
:10C6C000A64513DC94453FF778AF66454FF0030469
:10C6D00080F28180503543463246494638460095BF
:10C6E000FFF749FD002C3FF47DAFB5E09445FFF620
:10C6F0007DAF6FF487706A6FEB6B6FF48771704476
:10C7000002FB0AF20AFB0333611858284FEAA222FF
:10C710004FEAA3230AD8002BB8BF0023582910D909
:10C720005B3CB22C98BF03EAE3730AE0AEF15B0E08
:10C73000BEF1B20F98BF03EAE3735829F0D823EA99
:10C74000E373D21A03EB6201A1EB0B014145A8BFD1
:10C75000414600290C4619DD05F1500332463846A2
:10C7600000930B464946FFF706FD824618B921465D
:10C770003846FFF7EEFC444505F11805A8BF4446CE
:10C7800024EAE4742744A8EB04087EE74FF0010A8A
:10C79000F1E7BEF1000F23D1944518DDB42C94D1FC
:10C7A0000320033818E094450DDDB42C3FF47DAF31
:10C7B000002C3FF41BAFB32C0CDD50350124009549
:10C7C000FFF7D9FC48E0B42C36D10120E9E7B42CBE
:10C7D0003FF40CAF0124E01E18BF0120440006E71F
:10C7E00094457FF7EAAED9E79445EEDCE5E694455B
:10C7F0003FF7E3AEB42CE8D014BBD1E7032C7FF4B1
:10C8000054AFCDE75AB99E42BFF6E9AE002C3FF4D3
:10C81000E9AE032CD9D0012C3FF4E8AE45E7B32AAA
:10C8200006DC9E42BFF656AF002C3FF4DBAED2E7EB
:10C830009E42FFF64FAFF7E7002CB1D0B32C17DCC8
:10C84000B4454FF00304C6DC5035434632464946F2
:10C8500038460095FFF78FFC00283FF4C3AE032C49
:10C860009FD0012C7FF421AF0128D5E7002CACD05C
:10C870000324B0E72DE9F04F87B005460F469246F6
:10C88000DDF840901C4699F81C80D9F80810D9F8BA
:10C890000C0018F00108D9F81020D9F81430D9F894
:10C8A0001860029103900492059328D1824503DA1F
:10C8B000002007B0BDE8F08F9A45F9DC06EB010CCB
:10C8C000BC4500F3828007EB040CA2EB060EF44596
:10C8D00005DD3044504539DC9B1B534536DBCE1B10
:10C8E000B442E5DB002E74DAD11B481C0028DFDDE2
:10C8F000A0427DDA211A2844FFF72BFC78E082451C
:10C9000001DA0120D5E79A45FBDC06EB010C67450F
:10C9100013DA3044504519DC9B1B9A4516DCC81BC2
:10C9200020EAE070844263DBD11B091A013143180D
:10C93000A342DFDC00295BDBDDE7A2EB060C07EBA3
:10C94000040EF445EBDA30448245E5DA02A8CF1B49
:10C9500002F030FA834602A802F031FA039BD9F8BC
:10C960002010BB44AAEB0302CB68ABEB060B96424C
:10C97000CBBFB21A801B02F1FF32121A501C33F8DF
:10C98000129033F810008B68A0EB090933F81220DD
:10C990004B68F11993448A1A1F18561EB8F1000FFC
:10C9A00028D0B046DA46A6EB08034B4559DBA24235
:10C9B000A8BF22465C4522EAE272CCBFABEB020183
:10C9C000A11AA81821EAE17196E73044824583DA7A
:10C9D000BCE728463146FFF7BCFB0498C01B01307A
:10C9E00000287FF765AF844284DC0EB9844288D08A
:10C9F00002205EE73246D846B31A994516DCB9F1F3
:10CA0000000FA8BFCB44A345A8BFA3462BEAEB70F9
:10CA1000211A2844FFF79DFBA6EB090128460131A6
:10CA2000A142A8BF214621EAE17165E7B8F1000FF4
:10CA300017F801AD08DB444506DD15F8081050462F
:10CA4000FFF78BFB05F80800002A06DB944204DDA3
:10CA5000A95C5046FFF781FBA854013A08F1010890
:10CA6000CAE717F8013DBAF1000F6FEA0303DBB222
:10CA70000ADBA24508DA15F80A1018460193FFF7F9
:10CA80006CFB019B05F80A00B8F1000F08DBA0451C
:10CA900006DA15F808101846FFF75FFB05F80800DE
:10CAA00008F1FF380AF1010A7DE770472DE9F743E5
:10CAB0000F4690469946061F002456F8045F25B994
:10CAC0000134E0B203B0BDE8F08300954A462D681A
:10CAD00041460A9B3846A8470028F3D0022808BFE1
:10CAE0000124EAE710B503790446022B0FD1036A4B
:10CAF0006BB11A69002A07DA5868E4F713FD206A57
:10CB0000BDE81040E4F70EBD5A69013A5A6110BD04
:10CB1000B42B2DE9F3411C46C8BFA3F1B40407466A
:10CB20000D46C8BF24B2164604F15A0000B2E4F71D
:10CB300077F905EB60182046E4F772F99DF820308C
:10CB400006EB601032460193294600904346384672
:10CB5000DFF760FA02B0BDE8F0812DE9F04701F19E
:10CB60001C0996B006460C4600F13802494605A855
:10CB700001F0C2FD002873D094F83030B56CDB07AB
:10CB800050D4236A09A82F68013B0093B16BD6E902
:10CB90000F2301F07DFD09A8D5E901125242494257
:10CBA00001F09DFD09A93846F6F737FFA26A736CBC
:10CBB00009A801320093336CB16B01F069FD09A83B
:10CBC000D5E901125242494201F089FD09A93846CE
:10CBD000F6F723FFE369A26A09A8013B0092226AE3
:10CBE000B16B01F055FD09A8D5E901125242494245
:10CBF00001F075FD09A93846F6F70FFF09A8D4E939
:10CC0000091300930131336C226A01F041FD09A838
:10CC1000D5E901124942524201F061FD09A93846A5
:10CC2000F6F7FBFE0DF13408E26A49460023404660
:10CC3000DFF7DEFA002305A8CDE9038302F0BAF896
:10CC40000646E4F755FC069F04464FEA8609089B12
:10CC5000BB4208DA2046E4F765FC4046FFF742FF96
:10CC600016B0BDE8F0873246FF21204603F029FECA
:10CC70003B46059A214603A80096FFF717FF0128B7
:10CC8000824621D005992846D5E90132C91ABA1A37
:10CC9000F7F761F80346BAF1000F11D0214604EB13
:10CCA000060C614510D011F8010B0433FF281FBF9B
:10CCB00013F8012C12FB00F2121203F8012CF0E71A
:10CCC0004A46514603F0FDFD0137C0E7F0B51C466A
:10CCD000036A856963B9B5F5807F29D1C369B3F566
:10CCE000807F25D1090212022160059B1A60F0BDE8
:10CCF000C36AB5F5807F0669A1EB0301036BA2EB64
:10CD00000303426901FB02F206FB1322466A20D1AB
:10CD1000C769B7F5807F1CD106EBA2062660D0E973
:10CD200004425A4304FB0123826A02EBA302DCE7BC
:10CD3000036BD21AC36AC91A436A1204090491FB2D
:10CD4000F5F119442160C36992FBF3F2836A1A4436
:10CD5000CBE7120292FBF5F206EBA2062660D0E9C1
:10CD60000424634302FB0133C2691B0293FBF2F309
:10CD7000DAE72DE9F04F002689B08A469046049301
:10CD800037469DF86030179D039005930196169BDA
:10CD9000019A9A4202DB09B0BDE8F08F129B03EBC7
:10CDA0002623191209D4514507DA139A02EB2722D8
:10CDB0005FEA222C01D4C44503DB4FF00003EB7083
:10CDC0008CE01C06D8B2039C5FFA82F954BFC0F114
:10CDD0007F03A0F1800319985CBF02934FF0FF33EB
:10CDE00000FB01FE049844BF0293012300FB0CEEFC
:10CDF0000398120670445CBFC9F17F094FF0FF32FF
:10CE000090F802B044BFA9F18009012285F802B070
:10CE100090F801B085F801B014F80EE04FF0FF343F
:10CE2000EC70059C85F800E0002C73D003EB010E3C
:10CE3000BEF1FF3F61D0D6456CDA02EB0C0EBEF1BD
:10CE4000FF3F54D0C64565DA19994FF0FF344B4384
:10CE50008DF81F40C118C35C8DF81B408DF8183049
:10CE6000049B91F802C05A4349788DF81AC0831880
:10CE70008DF8191099785B788DF81E108DF81D309B
:10CE8000835C28688DF81C30079902F081F878B926
:10CE90008DF81F902968079802F08CF9C0F30723DA
:10CEA00028706B70C0F30743C0F30760AB70E87085
:10CEB0000699286802F06CF880B9029B29688DF801
:10CEC0001B30069802F076F9C0F3072328706B70C8
:10CED000C0F30743C0F30760AB70E870019B0435F3
:10CEE00001330193159B1F44149B1E444FE759B90E
:10CEF000013302D0BAF1010F1AD1029BC3F1FF0333
:10CF0000C3EB03231B125AE70AF1FF3291420FD100
:10CF1000012BF1E7A9B90133EFD0BAF1010FECD041
:10CF2000BCF1000F13D1013202D0B8F1010FD5D1FD
:10CF3000C9F1FF09C9EB09294FEA292985F80390AE
:10CF4000CCE70AF1FF308842EAD1012BE7E708F18C
:10CF5000FF336345C2D1012AE9E72DE9F04F89B0DB
:10CF60001E4615469DF86430059006939DF868307E
:10CF70000291079302FB0603009306EBD6735B1046
:10CF8000DDE9174901930023CDE90333189B169A75
:10CF9000A9EB03039A4202DC09B0BDE8F08F129BB3
:10CFA000039A03EB222C5FEA2C210AD4029B9942BC
:10CFB00007DA139B049A03EB2220031201D49D424B
:10CFC0000FDC4FF0000389F80030049B09F10109E0
:10CFD000159A02341344039A0493149B1A4403923F
:10CFE000D4E71CF0800F5FFA8CF84FEA410A059FE6
:10CFF0000CBFC8F17F08A8F18008C2B203FB06AAE3
:10D0000007BF4FEA48084FF0FF3E4FEA48084FF08D
:10D01000010E0006059854BFC2F17F02803A5044C9
:10D0200037F80AA0079F59BF52004FF0FF3C52004B
:10D030004FF0010CA4F800A0002F6BD00EEB010AFA
:10D04000BAF1FF3F57D0029FBA4563DA0CEB030AEF
:10D05000BAF1FF3F5ED0AA455CDA06FB0CFB069FE7
:10D0600030F81EA030F80B00002F40D0019F03FBCA
:10D070000711009B07FB0CFC03EB010B5B5C89F8C1
:10D0800000301BF80CC01BF80E1063451FBFC2F523
:10D09000807E02FB0CFC03FB0ECCCCF3072C8B42F6
:10D0A0001FBF08FB01F1C8F5807E03FB0E11C1F321
:10D0B00007218C444FEA6C0389F80030002B84D0A0
:10D0C0002188814202D150453FF47FAF02F0FE0239
:10D0D000E3F736FE834608F0FE0221885046E3F768
:10D0E0002FFE7F225946E3F72BFE20806DE7FF23BA
:10D0F00089F80030E4E7069A8AB3019A5343009A0C
:10D10000D05CC8F1FF0800FB08F84FEA282889F82E
:10D1100000805AE70698C0B1DDE9000703FB07006D
:10D12000405CA1B9BEF1FF3FEBD002990129E8D0E4
:10D13000BBB9BCF1FF3F01D0012D18D1C2F1FF02F4
:10D140004243121289F800203FE7FF20E9E7029FDF
:10D1500007F1FF3A8A45EBD1BEF1010FE7E7FF2067
:10D16000CFE7691E994202D1BCF1010FE5E789F8CA
:10D1700000002AE72DE9F04FCA6AD3B04E6A0D4687
:10D180001346CC69B2420290886A0DF12C08A8BF00
:10D190003346A342D4BF079307940B6B096A8342BB
:10D1A0001F46A8BF07468F42D4BF08970891B242D6
:10D1B000B8BF3246A242ACBF099209948342B8BFBD
:10D1C000034640468B42ACBF0A930A9107A9029BD3
:10D1D00003F1380201F090FA002800F0CD80E869F0
:10D1E00005F11C03696A05F1240B05F12C0A04AC56
:10D1F000884217AE19AF0DF16C0940F0C080194696
:10D20000204601F0E1FD94E8030086E8030059465A
:10D21000204601F0D9FD94E8030087E80300514659
:10D22000204601F0D1FD94E8030089E80300189A34
:10D230001A9B9A4203DD3946304601F0D2FD17AE03
:10D240001C9C00210FA80DF1A00996E8C00CAAEBC8
:10D250000603E41BABEB07025C431B9B9B1B02FB1F
:10D260001344102208F06BFF3A46E30FE4433146C3
:10D270004846E40F36AECDE900B353464FF0000BFD
:10D28000DEF7C8FE1C9B3046019400931B9BDDE932
:10D290001712DEF7BFFE1A9A1C9B44A819999A42EE
:10D2A0000ABF0223CDE90034CDE900231B9B13AC58
:10D2B000DEF7B0FE44AB40461193CDE90F9601F086
:10D2C00079FD8246E4F714F9074695F843902397D1
:10D2D0001D9409F00F092594CDF898B08DF89CB0F5
:10D2E000CDF878B098E80F0084E80F0095F8363054
:10D2F00007A8AA8E8DF88B3095F837301691ADF8C7
:10D3000089208DF8883001F055FD064607A801F008
:10D3100056FD0246314605F13800FEF75FFA064633
:10D32000002800F08980B9F1020F40F08780079A49
:10D33000D8F8003021949B1A026803EB43010A4499
:10D340001E9244681C440F238DF88030D8F804B036
:10D35000D8F80C305B4573DA3846E4F7E3F844A8B4
:10D36000FFF7C0FB28A8FFF7BDFB36A8FFF7BAFB05
:10D3700016B13046FEF76EFA53B0BDE8F08FEA6A98
:10D38000904211D11946204601F01EFD94E8030099
:10D3900086E803005146204601F016FD94E803009C
:10D3A00087E8030059463BE7914213D1594620468E
:10D3B000039301F009FD94E8030086E80300514659
:10D3C000204601F001FD039B94E8030087E8030079
:10D3D000194625E71946204601F0F6FC94E80300BB
:10D3E00086E803005946204601F0EEFC94E803006D
:10D3F00087E803005146204601F0E6FC189A1A9B84
:10D4000094E803009A4289E8030003DD3946304678
:10D4100001F0E7FC189A1C9B9A4203DD494630460E
:10D4200001F0DFFC1A9A1C9B9A42BFF600AF4946F6
:10D43000384601F0D6FCFAE6044687E75C4685E705
:10D440005246FF213846CDF850B0CDF858B003F021
:10D4500038FACDF800A05B46D8F8002039460FA86E
:10D46000FFF724FBB9F1010F8DF890001ED1089B46
:10D470003168ABEB030303EB430288188A5AADF81B
:10D48000892082788DF88B207268D35C95F83720DC
:10D490008DF88830FC2A04D813FB02F31B128DF898
:10D4A00088301DA90298DDF70BFD1CE0B9F1020FD1
:10D4B000F7D1002CF5D002280DD100232397534536
:10D4C000EFDAE15CFC299FBFFA5C12FB01F2121259
:10D4D000FA540133F3E7012803D123948DF8909097
:10D4E000DFE70028DDD10BF1010B31E738B5437CD4
:10D4F00004460268C3F340056FF341034374536865
:10D500009847637C65F34103637438BD38B502689E
:10D510000446137D13F008030DD0437C0021C3F3B0
:10D52000400543F00203437453689847637C65F3F6
:10D530004103637438BD1846FCE7C369014623B153
:10D54000006810B1836803B1184770472DE9F846A9
:10D5500006460D46002491463746202200212846E3
:10D560009A4603F0AEF987B924B3237D274626688F
:10D570004A4613F0040F294620460CBF53460023A9
:10D58000B04701202F60BDE8F8863B7D4A4629461A
:10D59000384613F0040FD7F800C00CBF53460023E1
:10D5A000E04728B16B7CDB07EBD5002C08BF3C467D
:10D5B000FF69D8E7F3682046EC8103EBD3732C6056
:10D5C000C3F34F03EB800233AB80F3686C812B8194
:10D5D0002B8AAC8123F4FF7323F0010343F480739F
:10D5E00043F001032B82CEE71F29134610B588B004
:10D5F0002BD940F21C62914227D0A1F58A521F3AE2
:10D60000012A22D9A1F5C0520B3A032A1DD9A1F54E
:10D610000054A4F10B02042A17D9283C072C14D972
:10D62000A1F501521F3A102A0FD94FF6FF6291421D
:10D630000BD04FF6FF02914207D00A466946FFF72A
:10D6400085FFBDF8040008B010BD0020FBE7C068EE
:10D650007047007DC0F3C000704703680A789342AA
:10D6600011BF981A4B784068C01A704703680A883F
:10D67000934211BF981A4B884068C01A70470088BF
:10D680000B88C01A704730B1036823B10022C3E988
:10D690001622C3F8D820704720B1C37A017043F036
:10D6A0000203C372704700B14160704700B18161ED
:10D6B000704700B10078704700B1007A704708B138
:10D6C000D0F8B800704700B1C069704700B1C161BF
:10D6D000704700B18069704710B9086048607047B2
:10D6E000037803F0FD03012B02D04FF0FF30F4E785
:10D6F000036B0B60406BF1E750B1037803F0FD035F
:10D70000012B04D190F8A80000F00F007047002012
:10D71000704738B1037803F0FD03012B01D1006F8E
:10D720007047002070470023C1E9003340B10378FF
:10D7300003F0FD03012B01BF836C0B60C36C4B60D6
:10D74000704718B1C37A43F00803C3727047F0B54D
:10D750000D4687B001210446F2F7F1FA10B100201E
:10D7600007B0F0BD95E803006E46022202AD86E8E0
:10D77000030031462046F3F7F9FD31462046F3F722
:10D78000B2FF04F1140307460FCB85E80F004FF4F6
:10D7900080112046F2F7D3FA38B12046F3F798FA11
:10D7A00002460146284600F08DFF002231462846F9
:10D7B00000F0DEFF18B9002FD1D02046D0E7204678
:10D7C000F5F742FC451E002DF5DBA36831461B68CA
:10D7D00053F82500FFF7BBFF0028C1D1013DF2E758
:10D7E00070B588B004460E46154600211C2201A8DB
:10D7F00003F067F8012201A903960595CDE90144DC
:10D80000C034204601F09DFD012804D1002201A969
:10D81000204601F096FD08B070BDC068E0F754B92D
:10D820002DE9F341054616461F469DF820800C461B
:10D8300021B90024204602B0BDE8F0812021F2F792
:10D840007EFA50B9002C02DC002FF3DAF1E7002E4B
:10D85000EFDBB442A8BF3446ECE7B8F1030F28462B
:10D860000DD1F4F7A7F868B93743E3D5002CB4BF5E
:10D87000023C0234002CB8BF0334A410DAE7F4F7FA
:10D88000A0F8F0E70DF107030DF106024146284626
:10D89000E0F73EFE9DF80630002BE7D09DF80730FC
:10D8A000002BC7D1E2E7A0B103290AD00C290FD180
:10D8B000436E90F8252064210020C2F1640213B960
:10D8C0007047036EF5E71844534393FBF1F3F6E713
:10D8D000002070472DE9F04F036D8FB0826C4FF040
:10D8E000000B054690F824601344C26C846E0365F7
:10D8F000436DCDF808B01344CDE903BB4365002C5C
:10D9000000F078814FF480770023A046BA46CDE935
:10D910000A337022002140460593F4F7D1FD059BA0
:10D920000C906E221844002183B2059303B2404646
:10D930000693F4F7C5FD81466F2200210C90404606
:10D94000F4F7BEFDB9F1010F0C90B8BF4FF001091B
:10D950000128B8BF01200AFB09F978434FEA292AB8
:10D9600007124046F5F73AFB069B80460028D0D1C7
:10D97000BAF1000F0CAA08BF4FF0010A002FD5E939
:10D98000140108BF012782E803002BB9BAF5807F94
:10D9900002D1B7F5807F0FD0059B4FF480320CA8E1
:10D9A0005942002301930AAB09B2009392FBF7F3AB
:10D9B00092FBFAF201F0F0F90C9B1021204683EA69
:10D9C000E372A2EBE3720D9B002BB8BF5B429A425D
:10D9D000049BCCBF01234FF0010B0493F2F7AFF986
:10D9E000C0B94FF480712046F2F7A9F918B9049B29
:10D9F000002B40F0FF804FF400712046F2F79FF9B2
:10DA000018B9BBF1000F40F0F5802046F5F7E6FAB3
:10DA1000044674E72046F3F7C5FF10F0010F049B9E
:10DA200008BF002310F0020F0693049B08BF0023D9
:10DA300010F0040F059314BFD9464FF0000910F001
:10DA4000080F204614BF5F460027F3F7B3FFC8B99D
:10DA50002046D9F783FE82462046D9F7D7FE804676
:10DA60002046F3F7AEFF30BB2046F3F7BBFF07902D
:10DA70002046D9F727FE079A0346002A2CDC002807
:10DA80002ADC42E00DF127030DF126020321204696
:10DA9000E0F73EFD9DF82630002B9DF827300CBFA7
:10DAA0004FF0FF3A4FF0010A002B0CBF4FF0FF3848
:10DAB0004FF00108D4E70DF127030DF126020C21E8
:10DAC0002046E0F725FD9DF826209DF82730C2B1BD
:10DAD000ABB94FF0FF330122B9F1000F02D00D991D
:10DAE000B1422BDA8FB171420D9888420299D8BFAA
:10DAF000214602910399D8BF0C21039105E001232F
:10DB0000E9E7BBB94FF0FF331A46BAF1000F18DC52
:10DB1000B8F1000F15DC002A45DC002B39DCB8F128
:10DB2000000F7FF75EAF059B002B3FF45AAF002735
:10DB3000B9469BE001234FF0FF32CDE70C21029460
:10DB4000DBE7069911B10C99B1421CDA059951B184
:10DB500071420C9888420299D8BF214602910399DC
:10DB6000D8BF03210391002A2BDC002B0EDCBAF175
:10DB7000000FD4DDB8F1000F6DDC069B002B3FF4E5
:10DB800030AF002764E003210294EBE7BAF1000F05
:10DB900058DCB8F1000F6FDC002F3FF422AF734266
:10DBA0000D9A9A423EE0002B42DCB8F1000F33DDC3
:10DBB000059B002B5ED1B9F1000F3FF412AF059F1A
:10DBC0003CE0002B31DCBAF1000FEEDD0027B8F1AC
:10DBD000000F43DC069B73B30C9B9E422BDC049B23
:10DBE000002B95F8A8300CBF0C22032262F303032C
:10DBF00085F8A830029B5BB195F8A830039A62F3D0
:10DC0000030385F8A830029B2B670023C5E9143372
:10DC100002980FB0BDE8F08FB9F1000F3FF4E1AE0C
:10DC20000D9B9E423FF7DDAED9E7BAF1000FCEDC87
:10DC3000B8F1000F17DCB9F1000FADD00D9BB34266
:10DC4000AADBCCE7B8F1000F06DC069B002BA3D0C3
:10DC50004FF00009C0E700274FF00009069B13B101
:10DC60000C9BB342BBDA059B002BE4D073420C9AA9
:10DC70009A42B3E70027F9E7059B002B8CD073424B
:10DC80000C9A9342DCE7012B70B5DDE9044502DC18
:10DC9000C61E012E07D9013804282BD8DFE800F072
:10DCA0000C03221B130000238A1A2B6002EBD27292
:10DCB000236803EB620304E000238A1A2B602368C5
:10DCC0001344236006E0012B04DD8A1A013B92FB1A
:10DCD000F3F22A6070BD8A1A92FBF3F22B681A44A1
:10DCE0002A60E3E70133891A91FBF3F12960236885
:10DCF0000B44E6E700232B60ECE7136851B1013BCE
:10DD0000002B136001DA002070478268126852F815
:10DD100023007047013313608268118E8B42F5DB5C
:10DD2000F1E707B51822F4F7CBFB03B05DF804FB6D
:10DD300007B51922F4F7C4FB03B05DF804FB07B57F
:10DD40001A22F4F7BDFB03B05DF804FB07B51B22F4
:10DD5000F4F7B6FB03B05DF804FB38B500210546C7
:10DD6000FFF7DFFF04462846F3F731FA04440021A9
:10DD70002846FFF7DDFF204438BD38B500210546B1
:10DD8000FFF7DDFF04462846F3F71EFA044400219E
:10DD90002846FFF7DBFF204438BD10B504460022BB
:10DDA000F5F7E2F8002220460121BDE81040F5F722
:10DDB000CDB870B5044616461D460022F5F7DBF8CF
:10DDC000314620460022F5F7DDF82946204600229C
:10DDD000F5F7DFF8204600220121BDE87040F5F795
:10DDE000B5B810B504460022F5F7DAF82046F5F785
:10DDF000F5F8BDE81040F3F775B92DE9F041089C3E
:10DE0000054618469DF82430DDE9066711B1002269
:10DE1000226022E0A2F1040C5FFA8CFCBCF1020F3C
:10DE200003D8012E084608BF0122BC4607EB86082E
:10DE30000021E0450AD1091A4FF0000C062A0CD83F
:10DE4000DFE802F0092C320B423B34005CF804EBB3
:10DE500086447144EDE7C4F800C0A6464FF0000CBC
:10DE600006F1FF38E04535D806F18042013A54F812
:10DE7000220057F8222010442268801A63B1043C23
:10DE8000002254F8043F57F822100132EB1A964250
:10DE9000A3EB01032360F4D1BDE8F081691A01EB23
:10DEA000D17149102160D8E7691AFBE7691A701E21
:10DEB000C4F800C091FBF0F0CFE7691A91FBF6F0CF
:10DEC00000EBD0725210A3E7691A701C91FBF0F0BE
:10DED0002060C2E757F82C100CF1010CDEF800208E
:10DEE0000A4402444EF8042FBCE72DE9F041069F96
:10DEF000044615461E460FB100233B600022204613
:10DF000001F0BDFB38B93B46324629462046BDE804
:10DF1000F04101F0DCBABDE8F08138B5846C05460B
:10DF2000B4B1206820B101F0B1FA2068E3F7FAFA41
:10DF3000E06908B1F5F760FD206A08B1F5F75CFD0E
:10DF40006068E3F7EFFA2046E3F7ECFA0023AB64EE
:10DF500038BD38B58D6C0C462DB1286C18B1F5F76D
:10DF60004BFD00232B642046BDE83840FFF7D5BFAA
:10DF700010B50446806C20B94420E3F7C1FA00B123
:10DF8000A06410BD70B5036805460E461B6A98472D
:10DF9000044678B12B683246014628465B699847AB
:10DFA0002046AD6900F09DF83146A847204600F0B4
:10DFB000B0F8012070BD2DE9F04103681546044614
:10DFC0000E465F6A13460022B84701280FD1002091
:10DFD000BDE8F08129462046FFF7D4FF0028F6D09F
:10DFE00023680022314620465F6A2B46B847022844
:10DFF000F0D023682A46314620461B69BDE8F0412F
:10E00000184782B02DE9F04106AE0546884617460E
:10E0100046F8043F03689847002387600446C360BE
:10E0200000F11003C0E9005896E8070083E80700F4
:10E0300020466B689847054618B920462C46E3F7FA
:10E0400071FA2046BDE8F04102B0704710B5C468CF
:10E0500014B90024204610BD0368DB6898470446C5
:10E060000028F6D000F040F8F4E770B50C460646FC
:10E0700011461546204600F03DF8204600F02DF8E8
:10E0800070B9204600F02BF850B12046B66900F078
:10E0900028F82946B0472046BDE8704000F039B85E
:10E0A00070BD10B5836813B90024204610BDFFF77A
:10E0B00082FF04460028F7D000F016F8F5E78068E4
:10E0C000003818BF0120704700B1016270474368F3
:10E0D000013B23EAE3734360704740687047007B6D
:10E0E00070478368C01A7047436801334360836890
:10E0F000C01A704743680BB1FFF7E9BF7047084487
:10E1000070471030704700230160826043600373E2
:10E1100070478368C01AE3F705BA10B10368DB697A
:10E120001847704738B51446054698B149B9836811
:10E13000EA6814446018984294BF0020012040000F
:10E1400038BDC36B08469847AB6801468342EFD29F
:10E150000120F5E70320F3E70120704700687047CE
:10E1600070B50D46096804461646303079B901F09D
:10E17000D9FB286050B1036860681D69FFF7C1FFD3
:10E1800002463046294602F09AFB012070BD01F09C
:10E19000CFFBEEE7F8B500F130070646384601F050
:10E1A000C4FB044610B905462846F8BD23687168CB
:10E1B0001869FFF7A4FF0546FFF78FFF0028F3D08B
:10E1C0002146384601F0B8FBEBE72DE9F0410D465A
:10E1D000044618B900263046BDE8F0810029F9D080
:10E1E00000F13007384601F09DFBD0B9294604F113
:10E1F000240001F0A6FD05460028EBD0E26A036981
:10E200003846134453F8046C01F08CFB0246384640
:10E21000314601F0A0FB61682869BDE8F041FFF7D5
:10E220006EBF03686168D3F810804046FFF767FF50
:10E23000236906462946404698470028D6D1CAE7B2
:10E240002DE9F0410F46054670B100F13006304629
:10E2500001F068FB044648B905F1240001F065FEB1
:10E26000304601F0ABFBEC60BDE8F08123686968E3
:10E27000D3F810804046FFF742FFFFF72EFF18B992
:10E28000AB693946404698472146304601F050FB7D
:10E29000E0E72DE9F0419046044668B361B300F130
:10E2A0002407384601F04DFD054628B3066941466E
:10E2B000A36930469847E36B30469847E368616846
:10E2C0001B1A3046E360FFF71AFFE26A2B69064625
:10E2D00029463846134453F8048C01F0D4FD3046E7
:10E2E000FFF717FF04F13000414601F0DBFA40462A
:10E2F000BDE8F041E3F716B9BDE8F081F8B5044692
:10E3000010B309B304F124070846FFF7EAFE0146FB
:10E310000546384601F015FD0146A8B1E26A0369D9
:10E320003846134453F8046C01F0ADFD04F130009D
:10E33000314601F0B7FA3046E3F7F4F8E36B2846CC
:10E340009847E3681B1AE360F8BD2DE9F3410D46D9
:10E35000044620B90026304602B0BDE8F08100290D
:10E36000F8D000F12408404601F001FD0090B0B162
:10E37000066961683046FFF7C2FE626829460746B3
:10E38000304602F09CFA04F1300001F02BFA064608
:10E39000019098B90099404601F0BBFD0096009BA2
:10E3A000002BD7D061681869FFF7A9FEE36B06461A
:10E3B00028469847E3680344E360CCE769460422B3
:10E3C00002F07DFAE06A009B042204381B690DEB21
:10E3D0000201184402F073FA626821463846FFF7DA
:10E3E00092FEDCE710B54020E3F782F8044618B14E
:10E3F0004022002102F065FA204610BD08B5024611
:10E400000B464068127A1B7A49689A420ED1012A5B
:10E4100008D102F060FA002801D1002008BD06DD15
:10E420000120FBE7002AF8D18842F6D0F8D84FF057
:10E43000FF30F3E738B5C568044610212846F5F7E4
:10E44000B1FB10B12846F5F7D7FA237A012B04D196
:10E450006068BDE83840E3F765B838BD08B50246E6
:10E460000B46006812791B7909689A420ED1012A7D
:10E4700008D102F030FA002801D1002008BD06DDE5
:10E480000120FBE7002AF8D18842F6D0F8D84FF0F7
:10E49000FF30F3E70379012B02D10068E3F742B8BC
:10E4A00070474FF4806313B5009300230446026B5A
:10E4B0001946406B01F07FFB626AE36A9B1A58437E
:10E4C00002EBA02002B010BDF7B51F464FF48063E9
:10E4D00004460D46009300231646026B1946406B16
:10E4E00001F069FB089B3246294600933B4601F048
:10E4F00068FA626AE36A9B1A584302EBA02003B0F1
:10E50000F0BD30B542F2107542F2F674A84294BFE5
:10E5100003462346A94294BF08462046AA4298BF14
:10E5200014460A22053305300534B3FBF2F3B0FB81
:10E53000F2F003F1004303EB8023B4FBF2F003EBB2
:10E54000005030BD07B54FF48063002200931146A0
:10E5500040F25123FFF7B8FF03B05DF804FBD0E9A8
:10E560000C329A42ACBFC06A406A704707B5B0F936
:10E570004E300093B0F94C30B0F94A20B0F9481051
:10E58000FFF7A2FF03B05DF804FB01607047416034
:10E590007047016370474942416370474FF0004341
:10E5A0004162C0E90A32704701627047C16070473A
:10E5B0000161704741617047C16370478163704773
:10E5C000416470470164704790F85C3061F3041354
:10E5D00080F85C307047C1617047A0F84C30BDF9DD
:10E5E0000030A0F84810A0F84A20A0F84E3070473C
:10E5F000002816DA891A64230A220029B8BF494282
:10E600005943C0F30903B1FBF3F1C0F30953C0F35D
:10E61000892053435043994228BF1946884238BF46
:10E620000846704770B5456A0446C66A2946006BBD
:10E630003246FFF7DDFF324629462063E06BFFF7E5
:10E64000D7FF32462946E063A06BFFF7D1FF324681
:10E65000A0632946206CFFF7CBFF206470BD30B566
:10E660000568836840685B1B0A6803EBD37300EBA3
:10E67000630005EB63055C104B68521B1B1A644377
:10E680005B4302FB0232944234BF0020012030BDC4
:10E690008360009BC0E90012C3607047036819449F
:10E6A000013981607047436819440139C16070477E
:10E6B000836802689A1AC3684068181A013002FB1E
:10E6C0000000704703685B1A036083680B44836033
:10E6D00043689B1A4360C3681344C3607047036870
:10E6E0000B44036083680B448360436813444360B6
:10E6F000C3681344C360704770B515680B689D42CA
:10E70000B8BF1D4605604C685368A342B8BF234696
:10E71000436094688E68B442A8BF34468460D2686F
:10E72000C9688A42A8BF0A46A542C26004DC934277
:10E73000CCBF0020012070BD0020FCE70B6810B5A5
:10E7400014689C42D4BF0460036054684B689C42C8
:10E75000D4BF4460436094688B689C42ACBF8460C3
:10E760008360D268CB689A42ACBFC260C36010BD00
:10E770002DE9F04F0C6885B005680E46AC4260DBB1
:10E78000D0F8088044455CDC4C684768BC4258DBE4
:10E79000D0F80C904C4554DC002A03DC012005B075
:10E7A000BDE8F08FA8EB0504A9EB07000095013444
:10E7B0000130641040108442A8BF04466846944269
:10E7C000A8BF14460022254407EB040ACDE90175D1
:10E7D000CDF80CA0FFF7CCFF024630B12C440294D8
:10E7E00031466846FFF73BFFD9E7A9EB040B3146FA
:10E7F0006846CDF80C90CDF804B0FFF7B9FF02469B
:10E8000028B125440295ABEB04040194E8E7A8EB9A
:10E81000040531466846CDF808800095FFF7A8FF4B
:10E82000024610B12D1B0095EDE731466846019771
:10E83000CDF80CA0FFF79CFF0028AFD02D1B009552
:10E84000CEE70020ABE702688B689A420EDC826854
:10E850000B689A420ADB4268CB689A4206DCC068C1
:10E860004B689842B4BF00200120704700207047D9
:10E870002DE9F34107680C460B6815469F4203DA01
:10E88000002002B0BDE8F081436849688B42F7DBA5
:10E890008668A1688E42F3DCD0F80C80E168884578
:10E8A000EEDCFAB169462046CDE90073FFF760FF60
:10E8B0000028E5D02A46694620460096FFF758FF13
:10E8C0000028DDD02A4669462046CDE90078FFF7CA
:10E8D0004FFF0028D4D02A46694620460096FFF70D
:10E8E00047FFCEE70120CCE72DE9F0410C46054675
:10E8F000114616462046FFF7A6FF002875D00022D5
:10E900002046FFF7B5FF002872D167687368D4F816
:10E9100008C0D4F800E0BB42E168ACEB0E02A1EB0A
:10E92000070106DD013B0120C5F808C0EB60C5E921
:10E9300000E7F3686768DF1BC91B002914DDE7687F
:10E94000BB4211DA27684FEA0018D4F808E000F15A
:10E95000010C45F8087005EB00105F1C0B44C0E982
:10E96000017EC3604FFA8CF061687368E768994272
:10E97000B8BF1946F3689F428C46A8BF1F4633684C
:10E98000A7EB010E21688B421ADDBEF1000F15DBEB
:10E9900000F1010E4FEA0018013B05EB001045F8AD
:10E9A00008104FFA8EFEC0F804C0C0E90237B36801
:10E9B00070462168591A521A002A09DCBDE8F08114
:10E9C000B368591A521A002AF8DDBEF1000FF5DBC0
:10E9D000411C04015E1C05EB001013442E51C0F8CD
:10E9E00004C0C0E9023748B2E8E74FF0FF30E5E77E
:10E9F0000020E3E72DE9F34186680C460B681546D5
:10EA00009E4234DBD0F80C804B6898452FDB0768BA
:10EA10008B689F422BDC4368C9688B4227DC1AB99C
:10EA2000002002B0BDE8F08169462046CDE90073C0
:10EA3000FFF79EFE0028F3D12A466946204600963D
:10EA4000FFF796FE0028EBD12A4669462046CDE91D
:10EA50000078FFF78DFE0028E2D12A46694620465D
:10EA60000096FFF785FE80F00100C0B2D9E70120D3
:10EA7000D7E72DE9F74FD1F80090023AD1F80C8092
:10EA8000D1F804A001938B68A8EB0A04A3EB090E4C
:10EA9000671C0EF1010CD0E90065132A00F2B18069
:10EAA000DFE802F01F3B40455358630A686C7A83E5
:10EAB00087959A9DA0A3A7AB83689B1B013303EBAB
:10EAC000D3720CEBDC735B10C3EB6203C26807EB21
:10EAD000D774521B6410013202EBD272C4EB620491
:10EAE0000AE083689B1B013303EBD3720CEBDC73EE
:10EAF0005B10C3EB62030024019A33442C4413449B
:10EB00000C9A14440B6063444C603C44013B013C50
:10EB10008B60CC6003B0BDE8F08F83689B1BA3EBD8
:10EB20000E03E8E7C3685B1B1C1B0023E4E7836854
:10EB30009B1B013303EBD3720CEBDC735B10C3EB59
:10EB40006203C268521B141BD6E783689B1BA3EBAE
:10EB50000E03F6E7C36807EBD7745B1B6410013341
:10EB600003EBD373C4EB6304DFE783689B1BA3EB66
:10EB70000E03ABE76FEA08045444D6E783686FEAF4
:10EB800008049B1B5444013303EBD3720CEBDC737E
:10EB90005B10C3EB6203AFE783686FEA08089B1B57
:10EBA00008EB0A04A3EB0E03A6E7C468641B013458
:10EBB000BBE783689B1B013303EBD3720CEBDC7365
:10EBC0005B10C3EB6203C468641B013494E7836881
:10EBD0009B1BA3EB0E03F6E7DB434B448BE7DB43C6
:10EBE0004B4473E7DB434B44ABE783689B1B013328
:10EBF00081E783689B1B013368E783689B1B0133B4
:10EC00009FE70024234677E72DE9F04F85B08B4638
:10EC1000994607469DF84010DDE90E38029112B979
:10EC2000B9F5807F09D03E463C4600255D4504F19C
:10EC3000080408D18ABB14462AE0B3F5807FF2D1DC
:10EC400005B0BDE8F08FD8F80000013554F8081C75
:10EC5000091A44F8081C54F8041CD8F80400091ACE
:10EC600044F8041CE2E756F8082C013402FB09F1D1
:10EC7000D8F8002002EB212246F8082C56F8042C84
:10EC800002FB03F1D8F8042002EB212246F8042C01
:10EC90005C4506F10806E6D1D2E7B2F5616F52DDB8
:10ECA000A2F561620A216FF009000E9392FBF1FA5E
:10ECB0000AF1010500FB0A240FFA8AF0E2F7B0F826
:10ECC000019028B2E2F7ACF805460AF15A00654314
:10ECD00000B2E2F7A5F803900AF15B0000B2E2F798
:10ECE0009FF8C4F10A0C019B4443039A0A2103FBD9
:10ECF0000C55002002FB0C440E9B95FBF1F594FB98
:10ED0000F1F46D11641158459AD0B9F5807F57F828
:10ED100030A07168D8F800C01AD1B3F5807F17D140
:10ED20000AFB04FE01FB15EE61430CEBAE2C0AFB63
:10ED3000051147F830C0D8F8042002EBA122726018
:10ED400001300836DFE7002AB8BF02F56162A9E7A3
:10ED5000029A92B10AFB09F2594302FB04FE01FB3D
:10ED600015EE61430CEBAE4C02FB051147F830C0C9
:10ED7000D8F8042002EBA142E1E70AFB04FE01FB04
:10ED800015EE614309FB0EFE0AFB05110CEBAE4CC0
:10ED9000594347F830C0EBE71FB59DF81C4002947B
:10EDA000069CCDE9003413460A460121FFF72CFFEB
:10EDB00004B010BD83680068181A01307047C3683A
:10EDC0004068181A01307047D1E90012C0E90012FA
:10EDD0007047D1E90012C0E900127047C0E9001283
:10EDE000704702460B4630B5D0E90054D1E9000126
:10EDF00082E80300C3E9005430BD00F0C043B3F122
:10EE0000005F13D120F0C0436FF0604293420DD0F9
:10EE1000B3F1805F4FF06400A2BFC3F17F6303F5DD
:10EE20007F2303F6FF734B4393FBF0F070470023FF
:10EE300010B50446C260C0E9013102FB01F0E2F7FF
:10EE400057FB01232060237410BD10B504460068F1
:10EE500028B1237C0BB1E2F765FB0023236000237C
:10EE6000C4E9013310BD70B5067C04460D4616B9E1
:10EE70000026304670BDC16800686943E2F75CFB5C
:10EE80000028F5D063682060AB42A56088BF65604C
:10EE9000EFE738B50D460446D0E90113994209D091
:10EEA000E268D4E9000303FB02004DB9294601F0F2
:10EEB00008FD08E00431FFF7D6FF0028F0D138BD87
:10EEC000294601F0FCFC6368012001336360F6E72A
:10EED00043688B4283BFC368006803FB01000020C6
:10EEE000704770B5C468D4E90056E2F729FA2046A5
:10EEF000E2F718FB30462B46BDE8704018471FB5B7
:10EF000002460023C0B2C2F30724C2F3074260F3F3
:10EF1000070364F30F2362F3174361F31F6318467B
:10EF200004B010BD030A82B04209C0F3C40003F468
:10EF3000784302F4FC621343184480B202B0704775
:10EF400000F47F020346C0B282B003F47F4300F1B5
:10EF50007F401044184402B0704708B5E1F7DAFE6C
:10EF60000730C0F3C70008BD00F47F0382B013FA76
:10EF700080F002B0704707B5FFF7F6FF024608467B
:10EF8000FFF7F2FF131A5842584103B05DF804FB33
:10EF9000431A82B05842584102B0704703460020DD
:10EFA00082B0DAB262F30700C3F30722C3F3074368
:10EFB00062F30F2063F3174002B07047002382B062
:10EFC00062F3070361F30F2360F31743184602B09F
:10EFD000704713B50446002062F3070061F30F2069
:10EFE00064F3174063F31F6002B010BD4FF6FF7368
:10EFF000002082B0DAB21B0A62F3070063F30F202D
:10F0000040F47F0002B0704782B0002002B0704729
:10F01000C178FF2912D011B9042201F052BC8278C4
:10F0200012FB01F212128270427812FB01F21212EC
:10F030004270027812FB01F2121202707047FF292F
:10F040000A4610B41AD019B9022210BC01F039BC1A
:10F0500001880378C1F3451103F01F0311FB02F18E
:10F0600013FB02F309121B1243EA41134178C9084A
:10F0700011FB02F1091243EAC121018010BC704763
:10F08000C0F30743C0F30722C0B282B003EB830191
:10F09000C0EBC00003EB410302EB8201C3EBC303EF
:10F0A000C1EB011102EB4102134403EB8000C0F3FA
:10F0B000072002B07047C0F34512C0F3C42300F02C
:10F0C0001F0002EBC20103EB830301EB0111C3EB51
:10F0D000C31302EB8102C0EBC000134400EB4010ED
:10F0E0001844C0F307207047837803EB830203EBD7
:10F0F0004203427802EB8201C3EBC303C1EB01116F
:10F1000002EB410213440278C2EBC20203EB82001D
:10F11000C0F307207047C0F30743C0F30722C0B213
:10F1200082B003EB8301C0EBC00003EB410302EBB1
:10F130008201C3EBC303C1EB011102EB4102134493
:10F1400003EB8000C0F3072002B07047F0B5C2F1B6
:10F15000FF0C8646C1F30744C1F307230746CEF3ED
:10F16000072EC0F307400CFB04F40CFB03F3154619
:10F1700000FB0244FFB20EFB0233CAB248F2810622
:10F1800080340CFB02F280330020744307FB05221D
:10F1900085B07343C4F3C7548032C3F3C75372437B
:10F1A000C2F3C75262F3070063F30F2064F3174002
:10F1B00005B0F0BDF0B5B0F17D4F85B0C5B2C0F37C
:10F1C000072C0091C0F307474FEA10664FEA116120
:10F1D0001ED2022E9DF800E09DF801209DF802400D
:10F1E00021D9C6F1FF0348F281005C435A4303FB77
:10F1F0000EF307FB064406FB0C2206FB05334443D3
:10F2000042434343C4F3C757C2F3C75CC3F3C75574
:10F21000002065F307006CF30F2067F3174061F3DC
:10F220001F6005B0F0BD754694462746F0E7C0F371
:10F2300007420346C0B282B002EB420202EB8002F8
:10F24000C3F307201044C0F3C70002B07047B0F109
:10F250007D4F1FB54FEA106301904FEA116201D252
:10F26000022A02D8019B039302E0022B13D80391D8
:10F270009DF80C30002063F307009DF80D3063F318
:10F280000F209DF80E3063F317409DF80F3063F3A5
:10F290001F6004B010BDFF2A04D104B0BDE81040C7
:10F2A000FFF788BFC3F1FF04C2F1FF02C3EB0323E2
:10F2B00054436FEA2424E4B2B3FBF4F38DF807302F
:10F2C0000198FFF777FF02908DF80B40029BCAE789
:10F2D0002DE9F04100260446D0F804803546464525
:10F2E00005D1CDB92046BDE8F041FFF7AEBD3146AE
:10F2F0002046FFF7EDFD074629462046FFF7E8FDCB
:10F30000034638688268D20303D5E2F70BF9013669
:10F31000E5E701351860FAE729462046BDE8F041E7
:10F32000FFF7A1BD38B5037D044613F0010507D1F1
:10F330009B0705D5FFF7CCFF237D65F341032375BC
:10F3400038BD2DE9F0470D4686B0904604460028AA
:10F3500039D00E7E16F0010650D1844601AFBCE8CC
:10F360000F000FC7DCF8003089463B60237D03F0B7
:10F37000010A43F0010323754E4521D02B7EDB07A4
:10F380001ED431462046FFF7A3FD01680B680BB978
:10F390000136F1E78B68D803FAD4C3F3C032424593
:10F3A000F6D133F4004302D0AA689A42F0D14B68F8
:10F3B0002846EB600B6898472B7E13F0020704D0B9
:10F3C000BAF1000F07D001270CE0DA07E0D5BAF157
:10F3D000000F04D006E02F7E17F0010706D001A829
:10F3E000FFF776FF384606B0BDE8F087237D20465C
:10F3F0006AF300032375FFF795FFE4E70027F1E7C1
:10F40000F7B50F4604460C201D461646E2F770F885
:10F4100001900760019BC3E90156636823B9042288
:10F4200001212046FFF703FD01A92046FFF731FD2A
:10F43000019803B0F0BD70B5044646680025B5429A
:10F4400004D12046BDE87040FFF76CBF2946204636
:10F45000FFF73EFD237D0268013543F0020323756B
:10F46000936843F480339360E9E70068704740682D
:10F470007047806820F40040704700697047C0689A
:10F480007047037E43F002030376704738B50446A5
:10F490004068C0B10369C3B12168984763680546F5
:10F4A0005A6852B1A36843B1013203D0D86808B199
:10F4B000E2F738F8A068E2F735F80023C4E9003332
:10F4C000A360284638BD0B25FBE70925F9E72DE9A0
:10F4D000F04F044685B08B461546994613B100237C
:10F4E000C9F800306068002800F0C58047684669A8
:10F4F00017B3002E00F0C180D0F81CA0BAF1000FA5
:10F5000000F0BB80A268002396680293D2F80C80BA
:10F51000D2E900C1664524D2002332462168D04793
:10F52000AF427ED2606802AB5A4600932B464669D2
:10F530002168B047074655E0002E00F09E8002ABE0
:10F5400002975A4600932B462168B0470746B9F107
:10F55000000F02D0029BC9F80030384605B0BDE864
:10F56000F08F8E42D8D88A1B01317B1C02F1010634
:10F57000A1EB0C01A1EB0601414402D1B54202D935
:10F580001546AE420BD32A46584601F098F902952B
:10F59000A2680027029993680B449360D7E732462C
:10F5A000584601F08CF92168B344D4E901035A6844
:10F5B0000023D0F81CA00132D0470023A5EB060A97
:10F5C0006068039303AB574500930ED247695346D7
:10F5D0005A462168B8470746039B1E44AE4294BF73
:10F5E00002960295002FB2D1D2E7436942462168C4
:10F5F0009C463B466746B847A268074653680133B6
:10F600001360039AA168501E92450B6828BF92466A
:10F61000034458461FFA8AF24B60414601F04FF905
:10F62000DAE7B8F1000F09D1D4F808803846E1F7DD
:10F630005FFFC8F80C00A368D3F80C800023606853
:10F640004246039303AB00933B462168D0F814A0D5
:10F65000D047A36807461E60039AA168501EAA42BD
:10F660000B6828BF2A460344584602924B60414625
:10F6700001F025F9B6E70B276FE709276DE737B5E6
:10F68000044640681346002830D04268C56922B15C
:10F690000DB1026A52B909200EE0002DFBD00A46D6
:10F6A000AC46216803B0BDE830406047012B08D06C
:10F6B000022B0BD013B1002003B030BDA3689960BA
:10F6C000F9E7A26893680B449360F4E70A4621685F
:10F6D000A8470028F0D1606801AA2168036A98470A
:10F6E0000028E9D1A368019A9A60E5E70B20E3E7D7
:10F6F0002DE9F041054690460E46002946D008788F
:10F7000078B14B783A2B14BF4F1C8F1CE1F75CFB90
:10F71000044600283CD083682BB9E3684BB9092024
:10F7200005E00F46F2E798470028F6D10120BDE832
:10F73000F0816C606368013309D0E3684246394662
:10F7400020469847431E033302D90C20EFE7284692
:10F75000286063680BB90020E9E71020E1F7D0FECC
:10F76000A860636801330AD17368C3600023AA6884
:10F770001360AA689360AB68B2685A60EBE74FF019
:10F78000FF336FF001020360AB68F6E70B20CEE7B2
:10F790000320CCE72DE9F04180461C200F4615469A
:10F7A0001E46E1F7ADFE044640B1C5608661C0E982
:10F7B00000871DB12846E1F7A3FEA0602046BDE802
:10F7C000F08109B10368CA50704711B10368194448
:10F7D0004A6070470331002321F00301C0E901337F
:10F7E0000160704738B5044600680830E1F780FED4
:10F7F000054680B1014600222046FFF7E2FF62681D
:10F80000FFF7E3FF616811B12A46FFF7DAFFA3684B
:10F81000656003B9A560284638BDF8B50E460546B3
:10F8200068B161B14368994203D1BDE8F840FFF780
:10F83000D9BF00680830E1F75BFE044610B9002428
:10F840002046F8BD2B6802462846F7583946FFF790
:10F85000BCFF3A462146FFF7B4FF22463146FFF788
:10F86000B0FF32462146FFF7B0FFE9E738B505465D
:10F8700000680830E1F73CFE044688B101460022EA
:10F880002846FFF7A2FF2146AA68FFF79AFFA9685A
:10F8900011B12246FFF799FF6B68AC6003B96C6049
:10F8A000204638BD38B50B4640B1D0E90014A3421C
:10F8B0000AD10B445968416009B9816038BD002202
:10F8C000BDE83840FFF77DBF85685C58AB4209D181
:10F8D00084600CB94460F1E721460022BDE838405D
:10F8E000FFF773BF0B4421465D682A46FFF76DFFA3
:10F8F00022462946E4E7F8B50E46054608B14468B5
:10F9000004B9F8BD2B6823445F6846B928462146F0
:10F91000FFF7C8FF2046E1F705FE3C46F0E720462A
:10F92000B047FAE700B14068704700B1806870479F
:10F9300003681944486870470368C858704703460D
:10F9400040B14268002002B97047196801300A448A
:10F950005268F8E77047914270B50C4615461BD0C7
:10F96000DAB10368D658A64216D02146FFF79AFFAF
:10F9700022463146FFF729FF32462146FFF721FF95
:10F9800022462946FFF71DFF2A462146FFF71DFFA5
:10F9900005B9846006B9446070BD08B18668E2E7C5
:10F9A0000646E0E730B1436833B98068B0FA80F0CA
:10F9B0004009704701207047002070470021FFF781
:10F9C0009ABF2DE9F74F0546002800F08680B0F574
:10F9D000806F00F082805E1A0C9B01EB41089B1A3D
:10F9E00006EB460602EB420703EB4303A6EB0809CE
:10F9F000C6F58066DA1BC3F58063009206FB00F251
:10FA0000019309EBA22C00FB0CFC08EBAC2C00FBD7
:10FA10000CFCC0EBAC2C0CF10103022B61D94FEABA
:10FA2000490B04464FF0080A02EB42020BEBA222FC
:10FA3000624308EBA222531C022B0FD94FEAEC7150
:10FA4000D31789024FEA8C2041EA9C51D0F724FC5D
:10FA500020B1BAF1010AA4EB000424D1002D42DB4D
:10FA6000B5F5806F41DC2C464FF48061002204FB29
:10FA700006F309EBA323634308EBA3236343981224
:10FA8000C5EBA3230133022B1DD98542CCBF2246EF
:10FA900021468C1A04EBD47402EB6404A24212D007
:10FAA0009142E4DC0FE004FB06F209EBA22C04FB1C
:10FAB0000CFC08EBAC2C04FB0CFCC5EBAC2C0CF1E7
:10FAC0000103022BB0D8019B009A634302EBA323EE
:10FAD000634307EBA3276743BD12284603B0BDE885
:10FAE000F08F0446EFE70024EDE74FF48064EAE787
:10FAF00000284FF02D02BABF404201230023002905
:10FB0000BEBF49420233DBB2884285BF5143103346
:10FB10005043DBB28CBFB1FBF0F1B0FBF1F1CAB2E4
:10FB2000162A16D92C2A1FD8292A1FD8252A1FD8C9
:10FB3000202A8CBF03200420DA06084403F00102C7
:10FB400048BFC0F15A009B0717D59AB1B43080B2B4
:10FB50007047012A08D9052A08D9092A08D90F2A85
:10FB600034BF03200420E7E70020E5E70120E3E7B6
:10FB70000220E1E7C0F1B400E9E7002AE7D0C0F5D0
:10FB8000B470E4E70346012030B50C46002102B909
:10FB900030BDD5074FEA620241BF00FB04F503FB0D
:10FBA0000155A0FB0301491903FB04F5A3FB033432
:10FBB00004EB4504EBE78A4210B504461846029B65
:10FBC00004DBA2420EDDA14204DB10BDA24209DA31
:10FBD000A142FADD1B1A641A521A5C4394FBF2F438
:10FBE0002044F2E71846F0E75A3000B2E1F718B9BE
:10FBF0004B689A684A6002B111600A681A601AB9C3
:10FC0000036099600B607047906888420CBF9360F6
:10FC10005360F6E78B685A688A6002B111600A681F
:10FC20001A601AB9036059600B60704750688842C7
:10FC30000CBF53609360F6E738B50546144611B122
:10FC40000B7B012B39D10B4629688B4234D061687C
:10FC5000994235D1A1680B7B3BB9012228460A7332
:10FC600021462373FFF7D6FFA168D1E9012312B122
:10FC7000107B012809D113B1187B012805D100237D
:10FC80000B73214623681C46DAE713B11B7B012B5B
:10FC900007D101232846137300230B73FFF7A8FF36
:10FCA000A168237B28460B73012323738A682146AE
:10FCB0001373FFF7AFFF296809B101230B7338BD38
:10FCC0000B7B3BB9012228460A7321462373FFF7B9
:10FCD0008FFF61684B6813B11A7B012A11D18A68C2
:10FCE000002ACCD0107B0128C9D013B11B7B012B7B
:10FCF00007D101232846137300230B73FFF78AFFF4
:10FD00006168237B28460B73012323734A682146CD
:10FD10001373FFF76DFFCEE7F8B50E4614460546A0
:10FD200050B151B1002752B10C22394600F0C9FD43
:10FD30000120AC60C5E90076F8BD0846FCE7104636
:10FD4000FAE770B50E46054610B90024204670BD8E
:10FD50000468002CF9D06B68304621699847002868
:10FD6000F4D0D4E90132A8BF13461C46F1E72DE9CF
:10FD7000F84F8946054688B1FFF7E3FF044670B99E
:10FD80001420E1F7BDFB044640B1A868E1F7B8FBD9
:10FD90008046206130B92046E1F7C4FB00242046AC
:10FDA000BDE8F88F00232373C4E901332B6823B91E
:10FDB0002C60236001232373F1E7C4F810902F68AF
:10FDC0003E46BEB927604846267339696B68984736
:10FDD00000281BDA7C6027464FF001094FF0000A2B
:10FDE000396809B10B7B9BB12B6801221A73C4F8E7
:10FDF0001080D4E76B683746316920699847D6E9A7
:10FE0000012312EA200638BF1E46DAE7BC60E2E7AB
:10FE10000E68736899421ED1B3684BB11A7B3AB928
:10FE200001221A7381F80C9086F80CA03746D7E7A8
:10FE3000D1F808B0BB4504D128460F46FFF7EAFECB
:10FE4000594681F80C902846314686F80CA0FFF7F9
:10FE5000CFFE3E46EAE723B11A7B12B983F80C9035
:10FE6000E0E7D1F804B05F4504D128460F46FFF71C
:10FE7000BFFE594681F80C902846314686F80CA002
:10FE8000FFF7C8FEE5E770B50C46D1E901512268DD
:10FE9000002D28D019B30B4649680029FBD1D2B1F7
:10FEA0005168A1420CBF536093601A6899689442EC
:10FEB0001E7B12D001B10A605160A5689D602B6065
:10FEC0002568012E1D60257B1D7365685D602B60B4
:10FED00019D1B0B917E00360E7E71A46F0E7237BD2
:10FEE00029460A6002E0237B0029FAD132B1556825
:10FEF000A5420CBF51609160012BE9E7012B016025
:10FF000001D1FFF799FE25692046E1F70BFB284652
:10FF100070BD08B508B9002008BDFFF7B4FF002880
:10FF2000F9D0E1F7FFFA0120F6E770B5054610B108
:10FF300004680CB92C6070BD26466468002CFBD1A7
:10FF4000B468002CF8D1346834B16368B3424FF020
:10FF500000030CBF6360A3603069E1F7E3FA304649
:10FF6000E1F7E0FAE5E70C22002100F0AABC10B5A9
:10FF7000037A0446FF2B02D00068E1F7D3FA20464B
:10FF80000C220021BDE8104000F09BBCF8B5037ABC
:10FF900004460E46581EC2B2FD2A30D8276807EB29
:10FFA00083052A462B4412F8011BB14225D100EBF0
:10FFB0008000E1F79DFA10B3237A0022013D206012
:10FFC000013B1146DBB2237200EB830315F801CF2E
:10FFD000B44508D057F822C040F821C095F800C0B9
:10FFE00003F801C00131013294F808C09445EDD204
:10FFF0003846E1F797FA0120F8BD9A42D3D10020A4
:020000040803EF
:10000000FAE773B5037A04460D460192FF2B38D008
:10001000006828B103EB83015A1E0144561C29D104
:100020000133D9B201EB8101E1F786FA064640B30C
:10003000217A206000EB81000A460146043006F078
:1000400064F8237A0133DBB25A1E237202EB830376
:10005000019AF554AD08237A1F2D03F1804328BF80
:100060001F25013B46F8232001226368AA40134361
:10007000636006E011F8016DAE4204D1019B40F8C7
:10008000223002B070BD013AC8E770B5047A036847
:10009000FF2C0ED003EB8405002084420ED80020F4
:1000A0000BE0814203F1080303D163680120136070
:1000B00003E018781C460028F3D170BD15F8016BD9
:1000C000B14202D153F82030F0E70130E5E7007A81
:1000D000B0FA80F04009704782B00A46012102B0B0
:1000E000FFF78FBF82B00A46022102B0FFF789BF37
:1000F00082B00A46072102B0FFF783BF82B00A46EA
:10010000032102B0FFF77DBF82B00A466A2102B028
:10011000FFF777BF82B00A466B2102B0FFF771BFCD
:1001200082B00A46102102B0FFF76BBF82B00A46C8
:10013000112102B0FFF765BF82B00A46122102B05A
:10014000FFF75FBF82B00A46132102B0FFF759BF25
:1001500082B00A46142102B0FFF753BF82B00A46AC
:10016000152102B0FFF74DBF84B00023ADF80C108D
:10017000090C8DF80F308DF80E101C21039A04B075
:10018000FFF73FBF82B00A461D2102B0FFF739BF1B
:1001900084B00023ADF80C10090C8DF80F308DF8E9
:1001A0000E102321039A04B0FFF72BBF82B00A463A
:1001B000282102B0FFF725BF84B00023ADF80C1052
:1001C000090C8DF80F308DF80E103121039A04B010
:1001D000FFF717BF82B00A46322102B0FFF711BF06
:1001E00082B00A46302102B0FFF70BBF82B00A4648
:1001F000342102B0FFF705BF82B00A46352102B0B4
:10020000FFF7FFBE82B00A46382102B0FFF7F9BE01
:1002100084B00023ADF80C10090C8DF80F308DF868
:100220000E103921039A04B0FFF7EBBE82B00A46E4
:100230003A2102B0FFF7E5BE82B00A463B2102B088
:10024000FFF7DFBE82B00A463C2102B0FFF7D9BEFD
:1002500082B00A46412102B0FFF7D3BE82B00A46FF
:10026000422102B0FFF7CDBE84B00023ADF80C10E0
:10027000090C8DF80F308DF80E103D21039A04B053
:10028000FFF7BFBE82B00A463E2102B0FFF7B9BEFB
:1002900082B00A46482102B0FFF7B3BE84B0002303
:1002A000ADF80C10090C8DF80F308DF80E104C21A4
:1002B000039A04B0FFF7A5BE82B00A46502102B0EF
:1002C000FFF79FBE82B00A46512102B0FFF799BEE8
:1002D00084B00023ADF80C10090C8DF80F308DF8A8
:1002E0000E105221039A04B0FFF78BBE84B0002396
:1002F000ADF80C10090C8DF80F308DF80E10582148
:10030000039A04B0FFF77DBE82B00A465A2102B0BC
:10031000FFF777BE82B00A465C2102B0FFF771BEDC
:1003200082B00A465E2102B0FFF76BBE82B00A4679
:100330000C2102B0FFF765BE82B00A462D2102B043
:10034000FFF75FBE84B00023ADF80C10090C8DF8E8
:100350000F308DF80E107821039A04B0FFF751BECC
:1003600082B00A46792102B0FFF74BBE82B00A463E
:10037000672102B0FFF745BE82B00A46682102B08D
:10038000FFF73FBE82B00A46762102B0FFF739BEC2
:1003900090F900200378002A0FDA03F0E002C02A67
:1003A0000DD003F0F002E02A0BD003F0F800A0F12A
:1003B000F0035842584180007047012070470220E6
:1003C0007047032070470023024673B5019301B9BB
:1003D00001A9002A61D00B68D05C00285DD0050619
:1003E00003F1010402D40C6002B070BD00F0E0051E
:1003F000C02D0ED10C60125D02F0C004802C4CD1D7
:10040000800102F03F02023300F4F86010440B60F8
:10041000EAE700F0F005E02D17D10C60145D04F060
:10042000C005802D39D19D1C0D60525D02F0C005C4
:10043000802D32D1000302F03F02A401033380B2C9
:1004400004F47C6410442044E1E700F0F8050C60FB
:10045000F02D22D1145D04F0C005802D1DD19D1C0E
:100460000D60555D05F0C006802E16D1DE1C0E60B5
:10047000925D02F0C006802E0FD1800402F03F0290
:1004800024030433AD0100F4E01004F47C3405F4DB
:100490007C65044315442819B9E70020A4E770B52A
:1004A0000024054626468E4202D02B5D28190BB942
:1004B000204670BDFFF76CFF012806F1010638BF2A
:1004C000012054FA80F4EEE773B5002406460D4689
:1004D0000194019BAB4202D3204602B070BD01A93A
:1004E00030460134FFF76FFFF3E737B500240546C8
:1004F0000194019BEB5C13B9204603B030BD01A908
:1005000028460134FFF75FFFF3E718B3A0F59C43DB
:10051000B3F5A44F1DD300F17F4303F1FF135D2B0F
:1005200017D9A0F54053FF2B13D9A0F53A537F2BD1
:100530000FD9A0F547532F2B0BD9A0F57E40A0F182
:1005400010030F2B05D930381F288CBF0020012045
:100550007047012070477F2882B015D9B0F5006F31
:1005600014D2C0F3871300F03F00002143F0C00312
:1005700040F0800200208DF804308DF805208DF8C1
:1005800006108DF80700019802B07047B0F5803F63
:100590000CD2C0F30733C0F3851200F03F0043F0E4
:1005A000E00342F0800240F08001E3E7B0F5881FED
:1005B00010D2C0F38743C0F30532C0F3851100F0B9
:1005C0003F0043F0F00342F0800241F0800140F030
:1005D0008000D0E70020D7E773B50B6806460425F6
:1005E000013B0B600C683019FFF7D2FE30B101A956
:1005F00030460194FFF7E7FE02B070BD2CB1013D1B
:10060000013C15F0FF050C60ECD10020F4E7232934
:1006100003780BD113B9012303700BE0022B03D035
:10062000013B5842584170470023F5E7012B05D1A3
:10063000202901D0012070470223EDE700207047F8
:100640002DE9F041884617460546F0B1EAB100F0C1
:100650003CF90446384600F038F90646A8B104448F
:1006600041462846FFF71BFF2B19311874425A1BCD
:10067000914206D9324639462844BDE8F04100F09F
:100680001EB91A5D03F80129F1E7BDE8F081F8B55C
:100690000C461746054680B100F017F9214606467C
:1006A0002846FFF7FCFE2C1839462046FFF7F7FED8
:1006B0002346361A5A1B964200D2F8BD1A5C03F83C
:1006C000012BF7E7F7B50B4601910C4600210246D6
:1006D0000746084600F030F9461C3046E0F708FFB0
:1006E000054620B123463A46314600F025F9284612
:1006F00003B0F0BDF8B50F461946064615461C4630
:10070000FFF761FE386020B1206800213044FFF718
:100710005AFE2860F8BD2DE9F0430F4685B090469B
:100720001E46054620B90024204605B0BDE8F083EA
:10073000002AF8D00378002BF5D0002401948DF81E
:1007400003400029EFD09DF8309009F0080916E029
:1007500001AB03AA02A92846FFF7CCFFB9F1000FAD
:1007600005D002990DF10300FFF751FF38B940465B
:10077000DDE90212FCF738FF08B120448419019B1F
:10078000EA5C0AB1BB42E3D3002CC8BFA41BCBE791
:100790002DE9F04F002587B0044617469DF848A084
:1007A00088460593C0E9005519B312B31AF0010F3A
:1007B000119B104618BF6FF060431193FCF747FF81
:1007C00006461FFA80FB18F8053008EB05099BB9AF
:1007D0005DB119F8013C0A2B01D00D2B05D1109BFE
:1007E00013FA86F2636813446360636853BBB6B25E
:1007F000666007B0BDE8F08F00233A464FF0FF3146
:1008000048460193119BCDF808A00093059BE0F7A3
:100810003BFC6368109A014605449A1812EB0B0FD3
:10082000E7D4109A5B44484613443A466360059BFC
:10083000CDF800A0FFF76FFF23688342ACBF2360B1
:100840002060C0E7109A9B1A6360D2E7037D43F0F3
:10085000010303757047037D6FF300030375E0F731
:100860002DBD10B50446E3F7B7F92368C31A013B61
:10087000636010BD007D00F0010070472DE9F04776
:10088000089D80460F46144699460CB9264612E04C
:100890004FEA540A404609FB0A763146A847002829
:1008A00008DDE44306EB090704F00104AAEB040A9F
:1008B0005446EAE7FCD13046BDE8F087704705F0C2
:1008C00016BC05F03CBC05F020BCCFF761BD05F0BF
:1008D0003EBCCFF755BDCFF749BD70B50646CFF743
:1008E00057FD451C2846E0F703FE044618B12A468A
:1008F0003146FFF7E4FF204670BD70B5064605F0AF
:1009000036FC05460130E0F7F3FD044628B12A46DF
:100910003146FFF7D4FF00236355204670BD0CB469
:1009200007B504AB53F8042B0193ECF77BFA03B043
:100930005DF804EB02B07047ECF774BA38B50446C2
:100940000D46FFF705FC29462046BDE83840FFF775
:1009500005BC38B504460D46FFF7E2FB29462046A4
:10096000BDE83840FFF7E2BB38B504460D46FFF757
:10097000E3FB29462046BDE83840FFF7E3BB38B526
:1009800004460D46FFF7D8FB29462046FFF7DAFB61
:1009900029462046FFF7C4FB29462046BDE83840DB
:1009A000FFF7C4BB70B5044640680D4608B1FFF7B9
:1009B000F9FF236823B129462046BDE87040184757
:1009C00070BD70B50E6805460C46336833B196F8B5
:1009D0002220D20602D50B60FFF7F3FF21462846FE
:1009E0002660BDE87040FFF7DDBF08B528B1D7F736
:1009F000F5FBBDE80840D8F715BDD8F73DFCF8E792
:100A000038B50546FFF7F1FF044640B12846D7F751
:100A1000B3FA29462046BDE83840FFF7D2BF38BDBB
:100A200007B5FFF7E2FF28B9112003B05DF804EB2A
:100A3000E0F738BA03690020ADF804301B0C8DF8DC
:100A400006309DF8043063F307009DF8053063F32A
:100A50000F209DF8063063F3174003B05DF804FBE8
:100A600010B50446E3F7B8F8001B10BD034670B597
:100A700093F84C20C06A12F0060202D15B6B184456
:100A800070BD042A01D11B6BF9E7022AF8D1D3E922
:100A90000E24D3E90C51A242C8BF04F5B4748D42B0
:100AA00002EB0403CCBF01F5B4760E4603EBD3731F
:100AB000B5EB630F4FEA630201DA2844E0E79642A0
:100AC000CCBF40188018DBE730B5D0E90E45A54211
:100AD000A5EB040303D100201AE003F5B473002B47
:100AE000FBDBB3F5B47F14DAB3B18B4217DBB1EBA8
:100AF000630FB4BF012300230122DB0043EA02138A
:100B000090F84C2022F01802134380F84C3001205A
:100B100030BDA3F5B473E4E74FF4B473E7E7C3F56E
:100B2000B474944206DDC1F5B474944204DC01232C
:100B30000022E2E70123DFE713448B42CBDB0023F3
:100B40001A46DAE707B55022F1F7BAFC03B05DF8B0
:100B500004FB07B51222F1F7B3FC03B05DF804FB08
:100B600007B51322F1F7ACFC03B05DF804FB07B541
:100B70001022F1F7A5FC03B05DF804FB07B51122C4
:100B8000F1F79EFC03B05DF804FB2DE9F84F044635
:100B90000F4600219046FFF7DCFF00210646204665
:100BA000FFF7DEFF002182462046FFF7E0FF00212D
:100BB00005462046FFF7E2FF81462046F0F704FB9A
:100BC000A0EB060B2046F0F702FB401BABEB0A0B39
:100BD000A0EB09008345204613DAF0F7F5FA831BF2
:100BE000A3EB0A0303EBD37362695B101A4432442C
:100BF0003A60A2691A442A447A60C8F80030BDE815
:100C0000F88FF0F7E4FA431BA3EB0903EAE72DE9B9
:100C1000F74F0F464FF40031924681461E46FFF7CC
:100C200091FF00EBD0704FEA6008AAEB600A4846DB
:100C3000FFF71CFFB9F85C30C418A4B204F15A00E5
:100C400000B2E0F7EDF80AFB00F520B2E0F7E8F8B3
:100C50004FF440310AFB00F44846FFF77AFF4FF4A7
:100C6000403101904846FFF77BFF4FF44031834607
:100C70004846FFF77CFF4FF4403182464846FFF775
:100C80007DFF3A68ED13019BE4132A44D21AA2EBCC
:100C9000080232603B681D445D444544B5607B6892
:100CA0002344A3EB0A03A3EB080373607B681C4493
:100CB00004444444F46003B0BDE8F08F2DE9F041F2
:100CC0008CB007460E4615469846F0F7DCFC002827
:100CD0003CD0AE423AD0B6F5B47FFC6A05AA06A96C
:100CE000C8BFA6F5B476B5F5B47F38462644C8BF6C
:100CF000A5F5B475B6F5B47F2C44C8BFA6F5B47697
:100D0000B4F5B47FC8BFA4F5B474FFF73EFF414605
:100D10003846FFF717FF41460546512238460DF188
:100D20002008F1F7CDFB089000383346BDF81420B9
:100D300018BF0120CDE90045CDE90208DDE9060133
:100D4000D8F7B2FB41463846F0F7DEFB0CB0BDE801
:100D5000F08173B53C2205464FF44031F1F7B0FB0A
:100D6000044642224FF4403101902846F1F7A8FB97
:100D700040224FF44031019004442846F1F7A0FB93
:100D8000002801904FF040024FF4403128462BDDFF
:100D9000F1F796FB0346019041224FF4403128467B
:100DA0001C44F1F78DFB002801904FF041024FF4F5
:100DB000403128461DDDF1F783FB034601903822C0
:100DC0004FF4403128461C44F1F77AFB0646019067
:100DD0003B224FF440312846F1F772FB3044A042E9
:100DE000B8BF204602B070BDF1F76AFB43420190E4
:100DF000D2E7F1F765FB43420190E0E710B588B018
:100E0000044601AA02A9FFF7C0FE019A04AB02A999
:100E10002046FFF7FCFE2046FFF79BFF021E03DD86
:100E2000114604A8FDF74EFC04A92046F0F76CFB20
:100E300008B010BDB1F5B47F38B50D46C8BFA1F5F7
:100E4000B4750446D0E90C135A1B5B1A48BF03F56E
:100E5000B473002AB8BF02F5B472D01A0028B8BF24
:100E60004042B4280BDD2046F0F779FB2046FFF71F
:100E7000C5FF20462563BDE83840FFF7BFBF93425A
:100E800006DD4FF400332A462046FFF717FFEDE753
:100E9000ECDA0A464FF400332946F5E7B1F5B47FA2
:100EA00038B50D46C8BFA1F5B4750446D0E90C317C
:100EB000EA1ACB1A48BF03F5B473002AB8BF02F58B
:100EC000B472D01A0028B8BF4042B4280BDD2046C7
:100ED000F0F745FB2046FFF791FF20466563BDE82C
:100EE0003840FFF78BBF934207DD0A464FF40033CB
:100EF00029462046FFF7E2FEECE7EBDA4FF4003339
:100F00002A46F6E738B504460D461146FFF7C6FFF8
:100F100029462046BDE83840FFF78CBFF7B50446A8
:100F2000006C10F5004F35D094F84C20D4E90E3504
:100F3000C2F34102AB42C8BF05F5B475012A0BD01C
:100F4000022A34D032BB0095D4E91112FEF733FEE9
:100F5000A16B0546024633E0D4E911C25E190CEBE1
:100F6000020706EBD67607EBD7777610B0EB670F64
:100F70004FEA670110DA0A4600966146FEF71BFE4B
:100F8000014605462046FFF755FF31462046FFF74C
:100F900085FFA56503B0F0BD33460095FEF70BFE57
:100FA000054631462046FFF745FF2946EEE7009308
:100FB0002B46D4E91112FEF7FEFDE26B0546014611
:100FC0002046FFF79FFFE4E7B1F5B47F38B50D4643
:100FD000C8BFA1F5B4750446D0E90E135A1B5B1ABD
:100FE00048BF03F5B473002AB8BF02F5B472D01A33
:100FF0000028B8BF4042B42808DD2046F0F7AFFA19
:101000002046A563BDE83840FFF788BF934205DD61
:1010100000232A462046FFF751FEF1E7F0DA0A46A0
:1010200000232946F6E7B1F5B47F38B50D46C8BFB1
:10103000A1F5B4750446D0E90E31EA1ACB1A48BFBF
:1010400003F5B473002AB8BF02F5B472D01A0028B1
:10105000B8BF4042B42808DD2046F0F780FA2046A9
:10106000E563BDE83840FFF759BF934206DD0A4605
:10107000002329462046FFF721FEF0E7EFDA0023A0
:101080002A46F7E738B504460D461146FFF7CBFF71
:1010900029462046BDE83840FFF796BF002905DB0A
:1010A000B1F5B47F05DAC162F0F759BA01F5B47150
:1010B000F4E7A1F5B471F3E7026C8A4210B40DD0E5
:1010C000846CA142A8BF2146446CA142B8BF21460E
:1010D0008A4203D010BC0164FFF720BF10BC7047E8
:1010E00010B50C46002104F15000DFF74DFC04F16F
:1010F00060000021BDE81040DFF746BC03684FF0F8
:10110000FF311A68D96002F150018B4204D199680D
:10111000D1621868F0F723BA02F160018B4204BF74
:1011200099689163F5E7C1600068F0F718BA73B584
:10113000C66A8E4215D0436B9942A8BF1946036B0D
:101140000D46816B9942B8BF1946A942B8BF2946DE
:101150008E4206D0009200F1500300F12C02E3F71A
:1011600067F802B070BD38B5002564230C468D6366
:101170002046CD62CD638D6481F84C508D65C1E908
:101180000C534FF0FF33C1E91731CB6691F8703043
:1011900023F03F03C1E9105581F87030C1E91415FF
:1011A000C1E919550821EEF776FD20461021EEF72A
:1011B00072FD2A4629462046BDE83840FFF7B7BFF2
:1011C00090F8703003F00703022B13B515D1436B71
:1011D0009942A8BF1946036B9942B8BF1946C36A22
:1011E0009942A8BF1946836B8B4206D0009200F14A
:1011F000600300F13802E3F71BF802B010BDC36DC5
:10120000013314BF806DC06A704790F8703003F0EE
:101210000703022B01D0006B7047C36E013314BF6C
:10122000806E806B704790F8700000F00700704788
:1012300090F8703003F00703012B0AD1036B002BE9
:1012400007DA426B002A04DD806BC31A584258410A
:1012500070470020704710B50C4610212046EEF76D
:101260001AFD20464FF48061BDE81040EEF761BFE3
:1012700070B504460026E06A855904361DB9E0F7CA
:1012800051F9E56270BD2846E0F74CF9F3E710B577
:101290000C46086BE0F746F9606BE0F743F9002372
:1012A000C4E90C3310BD07B515220021F1F708F988
:1012B00003B05DF804FB4FF6FF739942F0B50446A6
:1012C0008BB00D4651D0836B8B424ED90A01016B16
:1012D0008A5801EB051306A902925A6803929A688C
:1012E000DB6804920593EFF72DFF142200212046BE
:1012F000F1F7E6F8064601902046FFF7D4FF0746CF
:101300002046D6F76BFFD7F7F7FF0A2390FBF3F2DF
:1013100096423346069E3846B8BF13469742A6EB20
:101320000301B8BF1046029A33440A440799029257
:101330000F1A039A08443A440392049A1A44059BEC
:10134000034404920593236C9D420AD1636B33F8E6
:1013500015305B0505D502A8FDF731FD039B1B1A6F
:10136000039302A92046F0F7CFF80BB0F0BD2DE9AA
:10137000F04F8DB00446019104A9EFF7E3FE20463B
:10138000EFF722FF03902046EFF721FF1222002102
:1013900000902046F1F794F813228346002108902C
:1013A0002046F1F78DF81022804600210890204653
:1013B000F1F786F811228146002108902046F1F7C6
:1013C0007FF814228246002108902046F1F778F831
:1013D00007460890204607EBD77507F00107FFF78F
:1013E00062FF5B4600EBD07600F001006D107610D6
:1013F000013501363D44002706440C2DA8BF0C25BD
:101400000C2EA8BF0C26B8F10C0FA8BF4FF00C088B
:10141000B9F10C0FA8BF4FF00C09BAF10C0FA8BF1F
:101420004FF00C0A0C2BA8BF0C230293039BA3EBD9
:101430000803023B0393A36BBB4209D8A26B4FF690
:10144000FF73BA4208BF1F4638460DB0BDE8F08FA3
:10145000216B3B01CB5801EB07129B45D168D2E9C8
:1014600001C0A8BFDDF808E0049AACBFA2EB0E0EE5
:10147000A2EB060EE14573440893059BACBFA3EBBA
:10148000090EA3EB050EF444CDF824C0DDF80CC022
:101490008445D4BF424492191044009AA2EB0A0238
:1014A0000A9008A8023A8A424FF00002D4BF53447F
:1014B0005B1919440B910199FDF75AF90028BDD128
:1014C0000137B8E710B5826B0446406B5200FFF756
:1014D000F6F92046BDE81040E3F770BB38B5836BE2
:1014E00004460D468B4203D84FF6FF7399420AD14A
:1014F000216C2046FFF7DFFE294620462564BDE823
:101500003840FFF7D8BE38BD70B51546826B04462B
:101510008A420FD9466B36F8112022EA050226F8D6
:101520001120FFF7C8FE6B0504D52046BDE87040CA
:10153000EFF7D2BB70BD70B505460E460024AB6B0D
:10154000A34200D870BD2146324628460134FFF739
:10155000DBFFF4E770B5836B04460D4616468B42FD
:101560001AD990F84430D90705D5F20503D54FF4C0
:101570008071FFF7E0FF626B2946204632F8153094
:10158000334322F81530FFF796FE730504D5204645
:10159000BDE87040EFF7A0BB70BD70B505460E46C4
:1015A0000024AB6BA34200D870BD214632462846CA
:1015B0000134FFF7CFFFF4E7006C7047836B8B4279
:1015C00007D9436B33F811309A430CBF0120002038
:1015D00070470020704770B54FF480720446FFF7E3
:1015E000EDFF06460D4620464FF48071FFF7A3FF3E
:1015F0003EB1294620464FF48072BDE87040FFF7A7
:10160000A9BF70BD4B1E19D5013801F10B03012B89
:101610001CD1820718D16421B0FBF1F201FB120248
:1016200042B94FF4C873B0FBF3F203FB1200B0FAF7
:1016300080F35B0903F11C00C0B270470B2BC4BFE1
:101640000130A1F10D03E2E70023F3E7072293FB4A
:10165000F2F2C2EBC2029B1A03F0010048BF404203
:10166000C0F11F00E8E7F8B50446FDF7FEFE0546A9
:101670002046FDF702FF436D07465B68B3F5A02FD8
:1016800040F08180F2F74BFD06463846F2F760FDE8
:10169000044696B37B6D9F68062F4CDD4022394689
:1016A0002846FFF78BFF00286ED016B1002386F87E
:1016B000203044BB4FF4004239462846FFF77EFFF6
:1016C000002845D0002E6AD06623284686F82030B0
:1016D000FFF7A6F9C0F3072386F82100C0F30740FF
:1016E00086F8223086F823002846FFF765FFB842C7
:1016F0002ED1B22386F820302AE0002843D07B6D1B
:101700009F68062FCADC00234FF400423946284662
:1017100084F82830FFF752FFD0B12846FFF780F950
:10172000C0F3072384F82000C0F3074084F8213079
:1017300084F82200C6E7002386F820300028E2D192
:101740004FF4004239462846FFF738FF0028BBD146
:101750004FF4804239462846FFF730FF98B194B1E4
:10176000FF23284684F82830FFF75AF9C0F30723EF
:1017700084F82000C0F3074084F82130636A84F8BD
:10178000220001336362F8BD4FF400423946284617
:10179000FFF714FF0028DBD0002C93D0BDE72846CC
:1017A000FFF70AFFD4E702294FF4C87294BF012360
:1017B0000023A0EB0303B3FBF2F203F1010000EB03
:1017C000930010444FF06402B3FBF2F3A0EB03006C
:1017D00094BF0C23002319440C23C1EB41113E3963
:1017E000B1FBF3F107230844B0FBF3F3C3EBC303EE
:1017F000C01AC0B2704770B504464FF44041C06A89
:10180000FFF799FE94F93610A08EFFF7CCFFA36B7B
:10181000054663BBD4E90C23534033F07F4328D102
:1018200094F933304FF48042E06AE918BDE8704023
:101830000631FFF78FBEA26B32F8261002EB86034B
:10184000A28E91420ED193F9021094F93620914262
:1018500008D193F903104FF40042E06A294406319D
:10186000FFF778FE0136E36BB342E4D8D2E70026F7
:10187000F9E770BD3430704770B5FDF7F6FD0646E8
:10188000F1F7ACFBFFF7F6FF002104463046F1F715
:10189000A8FB054601213046F1F7A3FB0646284682
:1018A000E4F7A4FC4178037864223039303B51439B
:1018B0004FF47A7202FB031183780A22303B02FB59
:1018C0000311C3782846303B19442388C91A0029DC
:1018D000B8BF494200F08FFF94F902103046013939
:1018E000BDE8704000F087BF38B50546FDF7BDFD87
:1018F00004462846FDF7C3FD0546204600F092FF4A
:1019000004462846FFF7B6FF621C0188284652B2FB
:10191000BDE83840E3F74CBD70B50446FDF7A5FDC2
:1019200006462046FDF7ABFD0546304600F07AFF3F
:1019300004463046E4F75AFC064604EB8404FEF7FE
:10194000C4FF4FF47A713319345D28465A78303C1D
:10195000303A4C43642101FB02449A780A21DB7837
:10196000303A303B01FB02441C44FFF783FF90F9FF
:1019700002202846A1B2BDE87040E3F719BD07B5C3
:101980000122F0F79DFD03B05DF804FB07B51522B9
:10199000F0F796FD03B05DF804FB70B50D4601F15C
:1019A0002C062B6B304653B905F13806FEF706F8C6
:1019B000EB6B3046E3B9BDE87040FDF7FFBFFDF7C4
:1019C000B1FF04460028ECD0037C5A0702D44068DB
:1019D000DFF7A8FD237C9B0702D42068DFF7A2FD78
:1019E00030462146FDF75EFF2046DFF79BFDD8E736
:1019F000FDF798FF044601463046FDF753FF2046A9
:101A0000DFF790FDD4E710B50C46142104F12C004B
:101A1000FDF7E0FE182104F13800FDF7DBFE00229F
:101A200064230521C4E91122C4E91333C4E9152252
:101A3000C4E917336FF000420323C4E919230A23D2
:101A4000C4E91B1394F8743023F01F0343F001031F
:101A500084F8743010BD07B530220021F0F730FD56
:101A600003B05DF804FB07B512220021F0F728FD52
:101A700003B05DF804FB2DE9F043036F85B0044625
:101A80000E468B4268D9EFF7A5FB05462046D5F7F1
:101A900065FE94F87430074613F0180F05D1204600
:101AA00005B0BDE8F043EFF75ABD03F00703012B83
:101AB00055D12046FFF7CFFF80462046FFF7D3FFE2
:101AC000636948224FF4A021034403EB0800C71BBD
:101AD0002046F0F7F5FC80464FF400310090204698
:101AE000FFF74DFFA36900EB0801226A81465B1AEC
:101AF00011440391216F019301398E4213D205FBEA
:101B000006F3B3FBF1F22B44A2EB0802B3FBF1F3B3
:101B10004344121A694603443A4420463B44009227
:101B20000293EFF7F1FCBEB1226F731E013A6B43D3
:101B3000B3FBF2F3A3EB0803A3EB09033B440093CD
:101B400005FB06F3B3FBF2F343444B443B440293DF
:101B500069462046EFF7D8FC05B0BDE8F083022BBC
:101B60009DD100212046FFF711FF236F05448046D9
:101B70002046B5FBF3F5FFF76EFF636905FB06F939
:101B8000C6182046FFF76FFF694606442046EFF768
:101B9000D9FA4E44F31B1D44A3EB080302950093AE
:101BA000D6E707B510220021F0F78AFC03B05DF8F4
:101BB00004FB2DE9F04FCBB000F1140A01F1180538
:101BC00004460EAE8B462A4651463046FCF794FD3D
:101BD000002800F08C8012AF95E80F0087E80F0016
:101BE000DBF820300B90079396E80F0085E80F0094
:101BF000236F012B7BD92046FFF72DFF0746204698
:101C0000FFF731FF06462046FFF7CBFF0090204646
:101C1000EFF7E0FA03902046EFF7ECFA63690190E2
:101C200020460293D5F79AFDA36981462046059385
:101C3000EFF7D8FE2A468046514616A8FCF75CFD11
:101C4000002854D01EA8F2F7DAF91EAA4FF4A021FA
:101C50002046CDF888B0EEF707FF2EA8D8F734FF5E
:101C60002EAA4FF400312046CDF8C8B0EEF7DCFBC9
:101C70004FF400312046FFF782FE022205464FF462
:101C800000312046F0F71CFC236F82461A90069321
:101C900004F12C0318460993FDF751FE38B3029B5B
:101CA0003E44059A01381E4405EBD57520900AEB99
:101CB000DA7AA6EB0903309004F12C004FEA6509AB
:101CC00004934FEA6A0A009B3B441344A3EB0803C6
:101CD0000893FDF72AFE079B05464B4401330D93FD
:101CE00045B912AB0BF118040FCB84E80F004BB0D1
:101CF000BDE8F08F2B7C13F001030CD0209B23B1A7
:101D0000013B2093309B013B309329460998FDF716
:101D100013FE0546E4E7AA68ADF8A420120C8DF87E
:101D2000A620AA7A29898DF8DB2094F87420ADF8D2
:101D3000D91012F0180F049A2193319308BFEB6861
:101D4000259227922A7C6968C2F300120A9351F8FF
:101D5000236004EB82020199506CD26C361A121A7D
:101D60004E4396FBF2F6089A8E1B164400229046CC
:101D700005920B9A2896A2EB090200960C92216F0D
:101D8000414521D8069A0398824226DA414524D15A
:101D90006A6852F823206FF000439A421DD0279BB7
:101DA0002EA95846A3EB09024B441C93289B1A9278
:101DB000A3EB0A0253441D9308F1FF331B921AAAA6
:101DC0003193F2F7CBF908E027980D9ADDF8A0C01F
:101DD00090422590CDF898C008DD209B002B94D030
:101DE000309A013B013A209330928EE74A1E059FBC
:101DF000B7FBF2F2049F3A440A9F47442792B7FB8D
:101E0000F1FE01FB1E7195F810E0CEF3001E029169
:101E1000029F04EB8E0EDEF84410DEF84CE00791D2
:101E2000696851F82710079FC91B019F7943079FD5
:101E3000AEEB070E91FBFEF70199CF1B08990F44FB
:101E40000C99013928978A4233DBB8F1000F30D062
:101E50009900DDF80CE007910699714531DB69685E
:101E600051F823C06FF000439C4522D0DDF808C034
:101E700051F82C1099421CD0009BBE42B8BF3E4680
:101E8000BB42A8BF3B469042009312D09E4202F153
:101E9000FF32009B1EA908BF01365846269328969C
:101EA0003E4627922592F2F7C4F8279B009701330C
:101EB0002793059B08F10108039A13440593029B9D
:101EC0005DE7A0EB090248441A92ACEB0A021C90B1
:101ED0001B920CEB0A021D926A6852F823106FF0F5
:101EE000004399420AD0029952F821209A4205D023
:101EF0001EA95846CDF88480F2F79BF8B9F1000F7F
:101F0000D7D0BAF1000FD4D06B68079A9A586FF007
:101F100000439A42CDD008F1FF331AAA2EA95846A1
:101F20003193F2F71BF9C4E72DE9F04F1E46036F1A
:101F300087B0054693428846174605D80020306092
:101F4000706007B0BDE8F08FEFF744F9044628460B
:101F5000EFF750F995F87430029003F00703012B66
:101F600049D12B6F012B40F2A68007FB04F0013B07
:101F7000B0FBF3F030602846FFF76DFD04462846BD
:101F8000FFF771FD33682044034428463360D5F7DA
:101F9000E5FB33681B1A336095F8743098F810200D
:101FA00013F0180FC2F300120CBFD8F80C30002346
:101FB00005EB82021F442B6F516CD26CB7FBF3F020
:101FC00003FB1077D8F804300298521A53F82730E0
:101FD0005B1A434393FBF2F3C31A28467360FFF77F
:101FE000E0FD73680444284623447360EFF7FAFC6D
:101FF0007368181AA4E7032B10D198F81010002367
:10200000D8F80000C1F3C001009450F8270005EB98
:102010008101CA6D496DFDF7CEFDABE7022B4AD1B8
:1020200005F12C0B5846FDF78AFC4FF4A0218146A0
:102030002846FFF7ABFC002104902846FFF7A6FCDA
:102040002A6F0390511E012A01FB10435846B3FB2F
:10205000F2FA89BFA4EB0A0200227A43B2FBF1F242
:102060003260FDF75FFC00230146D1B90398296F68
:1020700020447843B0FBF1F0B9F1000F3FF47AAFA0
:1020800009F1FF31049A03FB0AF302FB11A1B3FB30
:10209000F9F3B1FBF9F1034401EBD17103EB6100FA
:1020A00068E78845E2D0013358460593FDF740FCC8
:1020B000059B0146D9E700205CE700F138032DE9D4
:1020C000F04FE7B00546184688460093FDF76AFCD6
:1020D00000284DD108F1180602AC05F11402314672
:1020E0002046FCF709FB002842D006AF96E80F0017
:1020F00087E80F0094E80F0086E80F000EA8F1F7BC
:102100007EFF0EAA4FF4C0212846CDF84880EEF796
:10211000ABFC2EA8D8F7D8FC2EAA4FF4C021284635
:10212000CDF8C880EEF780F94FF4C0212846FFF7BC
:1021300026FC4FF4C02100EBD0704FEA600928461E
:10214000FFF71DFC00EBD0704FEA600A0098FDF726
:10215000ECFB0446BAF1000318BF0123B9F1000FEC
:1021600008BF0023019334B906AB0FCB86E80F00FC
:1021700067B0BDE8F08F40220EA91EA8FEF79FFBB6
:1021800070222EA94AA8FEF79AFBE368ADF8A430A6
:102190001B0C8DF8A630A37BA2898DF84B31ADF8CE
:1021A0004921637DDF075DD5D4E900376A69A969F4
:1021B00002EB030B0F44ABEB09010A9109EB0B0196
:1021C0000C91A7EB0A010B910AEB07010D91217D00
:1021D00088071AD011F0010F404608BF5A46CDE9D2
:1021E0002527227D91071EA94CBFEA695A46CDE9F1
:1021F0002727002221924D92F1F71BFF019B23B16B
:102200000AAA4AA94046F1F7A9FF227D12F00C0F55
:102210001CD0CDF894B01EA9227D404652074CBF79
:10222000AA693A46CDE9262B237D1B074FF001030F
:1022300048BF2F6A21934D932897F1F7FAFE019B2F
:1022400023B10AAA4AA94046F1F788FF109B01333F
:102250001093309B0133309321460098FDF76CFBBF
:10226000044680E7A2686FF000439A42F4D00AABBC
:1022700021692846FFF758FEDDE90A3796E738B5A9
:1022800091F830300C4613F0010503D1C86ADFF72E
:1022900049F9E56238BD2DE9F04F0546D1B0FDF7AB
:1022A000E4F804462846EEF766FD5A2200218046EF
:1022B0002046F0F705F905903490FBF7C8F927227E
:1022C000002181462046F0F7FBF83022C7B20021FA
:1022D00034902046F0F7F4F805463490102200219F
:1022E0002046F0F7EDF8012F00EB0503349004933E
:1022F00040F0BA80132200212046F0F7E1F80546AD
:102300003490152200212046F0F7DAF812224FF41B
:102310000031349006462046F0F7D2F813224FF4ED
:102320000031349083462046F0F7CAF810224FF46B
:102330000031349082462046F0F7C2F811224FF463
:102340000031069034902046F0F7BAF86A224FF434
:102350000031349009902046F0F7B2F86B224FF428
:102360000031079034902046F0F7AAF80890349096
:1023700034A8D8F7A9FB34AA4FF400312046CDF891
:10238000E080EEF751F8012F099B75D1E269521BED
:102390000F92A2EB0902A2EB0B02A2EB0A0201329E
:1023A0000D92049A0025A1690698114401EB0902D7
:1023B0000E9102440D981A44CDE91101013A0F998A
:1023C00011A81092CDE91312DDE90712FCF77AF992
:1023D00011AA34A94046F1F7C1FE5C220021204633
:1023E000F0F76EF85B228246002119902046F0F744
:1023F00067F86FF0604203461990CDF800A00BA873
:10240000CDE90125059AE16AFEF7C2F919A8D7F7C7
:1024100073FF19AA29462046CDF87480EEF742FAD8
:10242000E36A0DA82093FCF7CAFCA0EB0900012F7A
:102430000B9A00EBD0704FEA600026D10D9B9B1BDE
:1024400017939B1A1593A36919A9049A1A44134662
:102450000C9A034440461693134415AA1893F1F7B7
:10246000A6FD51B0BDE8F08F122200212046F0F702
:1024700027F80544349044E7626915440D954D44AE
:102480005D445544013D0F958BE70F9B1E4432443C
:1024900015961792D7E7CB6A0022DA627047C06AB6
:1024A00010B10021F0F79DBD7047F7B504460F4607
:1024B000FFF7F5FF064618B3EEF789FE05462046FE
:1024C000EEF798FE85421BDD5A2200213046EFF7D9
:1024D000F7FF0190FBF7BBF805465C220021304670
:1024E000EFF7EEFF216C054401903A46E06A69433C
:1024F000D5F7A4FAE06A03B0BDE8F040EFF72FB8D3
:1025000003B0F0BD10B50C464FF480612046EDF7E6
:10251000C2FB20460421EDF7BEFB20464FF40031FC
:10252000EDF707FE20460121EDF703FE2046BDE84A
:102530001040E4F745BCC86A38B50C4618B1F0F74E
:10254000AFFD0023E36294F84C3013F0100503D183
:10255000A06BDEF7E7FFA56338BD2DE9F047144611
:102560004FF6FF72A8B0064694420F4662D0C56A85
:102570000DA8B5F8288098451FBF2B8595F82A30FF
:1025800043F0080385F82A30D7F7B6FE0DAA4FF4BA
:10259000802128461197EEF785F95C224FF48021BF
:1025A0002846EFF78DFF099019903046FFF777FF27
:1025B000064600283ED017980DF1140AFBF747F89D
:1025C0001999B3690A1804FB023201EBD17307F1C0
:1025D0001804A2EB63026B69029202440193504615
:1025E0000A44EB692146013A0393049201AAFCF7DD
:1025F00083F8B8B10DF1240994E80F0089E80F00C1
:102600009AE80F0084E80F00304600F029FF06F139
:1026100014020DA914903846F1F7C9FC99E80F008F
:1026200084E80F0095F82A30A5F828806FF3C303DB
:1026300085F82A3028B0BDE8F0872DE9F0479246AA
:102640004FF6FF72A0B0054692450E464AD0C46AC6
:102650005A224FF48021278D20469F421FBF238599
:1026600094F82A3043F0080384F82A30EFF728FF63
:1026700081464FF480215C2204902046EFF720FF32
:10268000804604904846FAF7E2FF81462846FFF765
:1026900006FF09EB0803826904A80AFB032208EB82
:1026A000D873A2EB6302EB6A01924A444244013AB6
:1026B00003925A69DB6900920293D8F705FA04AADB
:1026C0004FF4802120460896EDF7AEFE6A4604A935
:1026D0003046F1F743FD94F82A3027856FF3C303A2
:1026E00084F82A3020B0BDE8F087F7B506460D46DD
:1026F000FFF7D5FE0446C8B183695A220021ED1ABE
:10270000EFF7DEFE0190FAF7A2FF5C2207460021F8
:102710002046EFF7D5FE074400EBD07305EB6305C9
:10272000F36B95FBF7F0834200D8581E03B0F0BD61
:10273000F8B50D46002304460139C363E26B11F876
:10274000013F01323BBB28466364C4E90F23FEF717
:10275000BCF8471CA06B38B194F84C3013F010064D
:1027600002D1DEF7DFFEA6633846DEF7C1FEA063C6
:10277000A8B12946FEF7ADF894F84C3020466FF327
:10278000041384F84C30EEF7EAFEE06A38B1BDE895
:10279000F840EEF7E4BE0A2B08BFE263CEE7F8BDCF
:1027A00038B50D46002304460139C363E26B11F8C6
:1027B000013F0132D3B96364C4E90F2394F84C306C
:1027C000DB0603D4A06B08B1DEF7ACFE94F84C3006
:1027D0002046A56343F0100384F84C30EEF7BFFEAB
:1027E000E06A38B1BDE83840EEF7B9BE0A2B08BF41
:1027F000E263DBE738BD10B5036C04468B4210D0B2
:10280000C36B8B4298BF03F1FF31C36AC0E910115B
:1028100013B10021FFF749FE2046BDE81040EEF756
:102820009EBE10BD006C7047F8B50446806B0D4627
:10283000164660B1FEF749F800231946814202D0DE
:10284000626C9A4205D1002306F1FF3C0AE0087051
:10285000F8BDA26B525C01310A2A08BF0133EDE7D3
:10286000EA540133CA18824207D2A76BBA5C0A2A1B
:1028700003D0002EF4D09C45F2D80022EA54E7E7BA
:102880002DE9F04F0546E3B0FCF7EFFD044628467E
:10289000EEF771FA3022064600212046EFF710FECF
:1028A00005461222002142902046EFF709FE431907
:1028B00013220021429020460593EFF701FE42903B
:1028C00000EB050A0CA8D7F717FD0CAA4FF400314E
:1028D00020461096EDF7E6FFD4F83080B8F1000FEF
:1028E00006D10DF58478802242A92046FFF79CFF8F
:1028F00027220021204694F84C70EFF7E1FD279045
:10290000C5B2012D04D007F00F077B1E5D425D416B
:10291000606B002834D0F1F721FA022881466FD18C
:102920009DF88B3027A8169ADB0802936FF060435E
:102930000193189B0093199B616BFDF729FFDDE95B
:1029400027B7A369204609933B44013B0B9350F8FA
:10295000143F08935B44013B0A93002D5ED0002393
:1029600007220093059B08A9FCF783F8B9F1020F31
:1029700059D1636B08AA0CA930461393F1F717FBE2
:1029800027A8D7F7B9FC27AA002120462B96EDF7F8
:1029900089FF9DF8F73006A8319A4146DB0802937B
:1029A0006FF060430193339B0093349BFDF7F0FE7F
:1029B0006369069A04F1140008931344079A013BD3
:1029C0000A93A36909931344013B0B93636B002B98
:1029D0004DD10922009308A9FCF74BF8CDF8B88037
:1029E000236B2BB99DF8F83043F001038DF8F830D4
:1029F00008AA27A93046F1F7DAFA63B0BDE8F08FEC
:102A000027A9606BF1F7E7FD012813BF4FF0FF37EF
:102A1000BDF8A0B0BDF8A270BB4692E7CAF10003B2
:102A2000082200959FE727A807EBD7770BEBDB7B06
:102A3000D7F7A4FA27AA20464FF400312B96EDF7DA
:102A40009AFF7A1038A84FEA6B01FCF7C7F9702299
:102A50004FF400312046EFF733FD0690339008AA7B
:102A6000636B27A930462E93D7F762FB88E72DB119
:102A7000002308220093CAF10003ACE7059B07225C
:102A80000095A8E72DE9FF4104460121EDF73FF944
:102A9000E56A2046F0F79AFA01462846F0F735FB3A
:102AA0004FF0FF31E06AF0F7A1FB0121E06AEDF79A
:102AB000F2F8002226212046D3F72CFF2046FFF70C
:102AC000EEFCA16B064600F02AFD6FF04041E06A83
:102AD000EEF7CFFA3046D4F7C7FBE06AEEF774FBA7
:102AE00005462046EEF770FB854210DC94F84C203A
:102AF0004FF4887302F00F02D340DB0707D5E56A75
:102B00002046EEF761FB01462846EEF7B2FA304662
:102B1000EEF75DFB302205460021E06AEFF7D0FCBE
:102B20008046102200210390E06AEFF7C9FC00EB19
:102B30000807039011220021E06AEFF7C1FC3D4431
:102B400000EB080303901D4494F84C3003F00F078A
:102B5000082F68D1236A05EB0308D6F78DFBD6F75B
:102B6000ABFB804565DDD4F81880D6F785FBD6F73A
:102B7000A3FB236AC01A80454DDDA3690427013BEE
:102B8000AB42E06AA8BF2B461946EEF789FA00214E
:102B90002046FFF78AFC082F5FD100230D22214633
:102BA0000093E06AD4F77EFBE06AD4F75DFB94F80B
:102BB0004C3003F00F03013B012B19D8E06AEEF70C
:102BC000DDFA0746E06AEEF7ECFA0546D6F754FB65
:102BD000D6F772FBA8420BDCD4F82C80D6F74CFB5E
:102BE000D6F76AFB2D1A4046791B0139EEF71FFA1A
:102BF000A26B00213046EFF794FD00230228014626
:102C00001A4602D0032818BF0121304604B0BDE89F
:102C1000F041EEF789BAD6F72FFBD6F74DFB236AC2
:102C2000C31A013BACE7042F03D1D4F81880A845A0
:102C300001DB2B46A4E7D6F71FFBD6F73DFB236A43
:102C4000C01A804507DAD6F717FB0827D6F734FBFA
:102C5000236AC31A94E7A36992E7042FE06A04D1B8
:102C600000230A22009321469CE7012F03D1002371
:102C700010220093F7E7022F96D10023132200932E
:102C8000F1E710B501210446EDF74BF84FF6FF735D
:102C9000E06A0121A364EDF74CFA204600222721C7
:102CA000BDE81040D3F736BE08B50121C06AEDF784
:102CB00046F880F00100C0B208BD37B50446DAF727
:102CC000FDFA0546FAF725FD50BB2046FFF7ECFF5D
:102CD00000B32046FFF7D5FFD4E910329A420BD05B
:102CE00001AA2321204663640193D3F713FE012830
:102CF0001ED12046EEF733FC2846FAF7DAFC04280A
:102D000016D12046EDF72FF8002103B0BDE8304082
:102D1000ECF77DBC204603B0BDE83040FFF7B2BE03
:102D2000636C2046236403B0BDE83040EEF717BC67
:102D300003B030BD91F8583003F00303013B012B81
:102D400010B50C460AD8C86ADEF7ECFB0023E36234
:102D500094F8583043F0030384F8583010BD38B568
:102D600004460D46C16B006DFCF747F82860216CE6
:102D7000606DFCF742F8686038BD2DE9F043044609
:102D80008BB09046894604AFD4F76EFA2046EEF732
:102D90001BFA05462046EEF71AFA39460646204643
:102DA000FFF7DDFF0297B4F84C303246294606A8FB
:102DB0000193B4F848300093636CF0F7DCFF62696C
:102DC000069B511E01320B4407990693A369581EB6
:102DD000013301442046079108991144099A1A4485
:102DE000089106A90992EEF78FFB2046C4E91298D4
:102DF000D5F7F4F900218046D6F71CFB2046EDF705
:102E00006BFF40460121D6F715FB0297B4F84C3012
:102E10003246294606A80193B4F848300093636C03
:102E2000F0F7A9FF6269069B511E01320B44079916
:102E30000693A369581E013301442046079108995F
:102E40001144099A08911A4406A90992EEF75CFB0D
:102E50000BB0BDE8F0832DE9F04190F859308AB00D
:102E600004460D4603F00F030A2B6DD8B5F5616FCC
:102E700064DA002D65DB636CAB425CD0204604AFA6
:102E8000D4F7F2F92046EEF79FF906462046EEF712
:102E90009EF9394680462046FFF761FF0297B4F855
:102EA0004C304246314606A80193B4F848300093AE
:102EB000636CF0F760FF6169069B2046A2690B44D2
:102EC0000693079B13440793089B0B4406A908939A
:102ED000099B13440993EEF717FB65642046D5F769
:102EE0007DF900210546D6F7A5FA2046EDF7F4FE58
:102EF00001212846D6F79EFA0297B4F84C30424694
:102F0000314606A80193B4F848300093636CF0F79B
:102F100032FF6169069B2046A2690B440693079B1A
:102F200013440793089B0B4406A90893099B134479
:102F30000993EEF7E9FA0AB0BDE8F081A5F56165FD
:102F400094E705F5616594E7002594E72DE9F041E4
:102F500090F8593015460E468AB003F00F03044628
:102F60000A2B036D84BF00252E46B34202D1436D68
:102F7000AB4266D02046D4F777F92046EEF724F925
:102F800007462046EEF723F904A980462046FFF7BE
:102F9000E6FE04AB42463946029306A8B4F84C302C
:102FA0000193B4F848300093636CF0F7E4FE616974
:102FB000069B2046A2690B440693079B1344079384
:102FC000089B0B4406A90893099B13440993EEF749
:102FD0009BFA2A46314604F15000FBF7FFFE2046DB
:102FE000D5F7FCF800210546D6F724FA2046EDF780
:102FF00073FE01212846D6F71DFA04A92046FFF7E3
:10300000AEFE04AB42463946029306A8B4F84C30F3
:103010000193B4F848300093636CF0F7ACFE61693B
:10302000069B2046A2690B440693079B1344079313
:10303000089B0B4406A90893099B13440993EEF7D8
:1030400063FA0AB0BDE8F08138B590F8593004460B
:1030500003F00F030B2B24D10021FFF7FCFE00220D
:1030600020461146FFF772FFE36B002B6FD0236CF5
:10307000002B6CD02046D4F7F7F82046EEF7A4F8E2
:10308000E36B0502204695FBF3F5EEF7A0F8226C02
:103090000002294690FBF2F22046BDE83840FFF7D7
:1030A0006CBE0D2B23D10021FFF7D5FE0022204658
:1030B0001146FFF74BFFE36B002B48D0236C002B2E
:1030C00045D02046D4F7D0F82046EEF77DF8E36BE4
:1030D0000502204695FBF3F5EEF779F8236C020222
:1030E00092FBF3F2AA42A8BF2A461146D4E70E2B60
:1030F00020D10021FFF7AFFE002220461146FFF746
:1031000025FFE36B1BB3236C0BB32046D4F7ACF85D
:103110002046EEF759F8E36B0502204695FBF3F5E0
:10312000EEF755F8236C020292FBF3F2AA42B8BF05
:103130002A46DAE70C2B0AD10021FFF78CFE002289
:1031400020461146FFF702FF4FF48072CDE738BDED
:103150002DE9F0410D468AB00446EEF700FA284604
:10316000F0F7FCFD0328064614D194F8583003F01C
:103170000303013B012B02D8E06ADEF7D3F90023F9
:10318000E36294F8583043F0030384F858300AB0EF
:10319000BDE8F08107A92846F1F71DFA0128F6D10C
:1031A000002E40D1BDF81E30D90605D56B69002B25
:1031B000EDD0AB69002BEAD094F8583003F003034C
:1031C000013B012B02D8E06ADEF7ACF9E562BDF8FD
:1031D000203006F003069DF81D00E3638000BDF873
:1031E000223000F07C00236494F85830304323F000
:1031F0007F03184384F858002046EEF72EF8204647
:10320000FFF722FF636C3BB9A36CB3F5807F03D15A
:10321000E36CB3F5807F02D02046EDF75DFD2046DC
:10322000EEF79DF9B3E7731EDBB2012BCFD8E76A47
:10323000AF420CD094F85830284603F00303013B0A
:10324000012B2DD9FDF749FB0028A0D0E062022E0A
:10325000BDD15A2200212046EFF732F95B22074602
:10326000002105902046EFF72BF95C2280460021D3
:1032700005902046EFF724F96FF060430022059097
:103280000090294605A8CDE9013243463A46FDF7AC
:103290007FFA059BADF82030069BADF8223096E70B
:1032A000FDF71BFB00283FF472AFE062002FCED089
:1032B0003846DEF737F9CAE78165EEF750B9416560
:1032C000EEF74DB991F85C30DB0610B50C4602D430
:1032D000C86ADEF727F90023E36210BDF7B50C4694
:1032E000054619461046022C0A9E9DF82C70DDE911
:1032F000082312D10097FDF70EFA0446304604EB7E
:10330000D474FBF757FD2B6800EBD0706410C4EB4E
:10331000600423442B6003B0F0BD032CFBD1009765
:10332000FDF7F9F904463046FBF744FD2B68001B16
:103330000344EFE7022A02D0032A0ED07047436B02
:10334000002BDCBF4B6B43634B6C43640B6C03641F
:103350000B6903618B6B83637047436B002BDCBF8E
:103360004B6B43634B6C43640B6C03640B690361ED
:103370007047436B013330B500D130BD00F12F04ED
:10338000002314F8011F31B1C26A456B1A4401339E
:10339000042B5155F5D14FF0FF334363EDE74B1C40
:1033A00070B505460C4614D0C16A042230302E2672
:1033B0002144FDF78CFA00236C631A19E96A885CD2
:1033C00018B101338E54032BF7D1EA6A134400225B
:1033D0001A5570BD07B55C220021EFF771F803B0F4
:1033E0005DF804FB07B55B220021EFF769F803B035
:1033F0005DF804FB07B55A220021EFF761F803B02E
:103400005DF804FB37B590F85C3000210546C3F346
:1034100040145A064FF001024FEAC40448BF44F07A
:103420000104EFF74DF86FF04043019098420ED140
:10343000052200212846EFF743F86FF060439842D9
:1034400005D195F82B301B0758BF44F002042046E5
:1034500003B030BD4164EEF782B88164EEF77FB807
:10346000C06A7047F8B504460D4601B9C56A2046E2
:10347000FFF77FFF2846FDF728FA461CE06AA842BE
:103480000AD194F85C30DB060FD431462846DEF7CB
:1034900053F8E062C0B9F8BD38B194F85C3013F06D
:1034A000100702D1DEF73EF8E7623046DEF720F87B
:1034B000E0620028EFD02946FDF70BFA94F85C3063
:1034C0006FF3041384F85C302046BDE8F840E3F75E
:1034D00007BE0EB477B5079E0446EEF740F83EB936
:1034E0002046E3F7FDFD03B0BDE8704003B0704730
:1034F000E06A38B194F85C3013F0100502D1DEF7C1
:1035000011F8E56208A930460191FDF7DBF894F85F
:103510005C30E0626FF3041384F85C30E0E770B570
:1035200090F85C3004460D4613F0100604D1C06AD2
:1035300010B1DDF7F7FFE66235B194F85C30E56273
:1035400043F0100384F85C302046BDE87040E3F798
:10355000C7BD2DE9F04F93B004468B460EA9EDF799
:1035600059FEE36A0EA80493FBF724FC07900EA80B
:10357000FBF725FC08902046FFF73CFF82462046DB
:10358000FFF728FF07462046FFF72CFF81465046ED
:10359000FAF75DF880462046FFF734FF07EB080393
:1035A000054600270993049B3B440593049BDB5D80
:1035B000002B38D13E46E26A00212046EFF7B1F8F1
:1035C000022855D14B465246F11B05980095FDF750
:1035D000A2F804460EA804EBD474FBF7EBFB6410CE
:1035E00000EBD070C4EB600400238DF82B300D93FA
:1035F000CDE90B73002E71D1B0465046DDE90C12B7
:10360000F9F7F2FFDBF80020A8EB09039A426ADB26
:1036100000EB0903013343449A42CCBF0020012050
:1036200013B0BDE8F08F099B43440693069A089BAC
:10363000934208DA94F85C3003F00F03012B04BFC7
:1036400045F00405EDB2002352464FF0FF310598D6
:103650000193079B029500934B46DDF715FDDBF8C0
:1036600004303E184345A6DDDDF8188037469AE75A
:1036700003280CD14B465246F11B05980095FDF7E7
:103680004AF804460EA8FBF795FB041BACE70024A0
:10369000AAE70B9B0DF12B00049AD15CFCF7B7FF56
:1036A00050B10B9B9E42A8D30BAB0DAA0CA904985A
:1036B000FDF720F8002DECD15046DDE90C12F9F7AA
:1036C00093FFDBF800302044834202DAA0460B97D8
:1036D00093E7A0460B9F09EB0004E2E79846013E02
:1036E00005F00805DDE700209AE7406C7047806C24
:1036F000704790F85C00C0F34010704710B5084662
:103700000C46FDF78DF9C0F3072384F82C00C0F3B5
:10371000074084F82D30FF2384F82E0084F82F30E2
:1037200010BD00F0C043B3F1005F18D120F0C043DA
:103730006FF06042934212D0B3F1805F4FF06400AB
:10374000A2BFC3F17F6303F57F2303F6FF734B43EF
:1037500093FBF0F08842A8BF084620EAE07070476B
:1037600000230846C1E90B3391F8343023F00303FA
:1037700081F834300221ECF78EBA01F15C00FCF7DD
:103780001DB910B50C4601212046FAF706FB20466C
:103790000221BDE81040ECF77EBA10B50C460021BE
:1037A0002046FAF7FAFA0223204600211A46FAF7D1
:1037B00000FB20460221BDE81040ECF76CBA10B5C2
:1037C000FBF75DFE436B04464BB1006C38B1D96A20
:1037D00099B1FFF747FE0121206CECF75CFAA36C6E
:1037E000A3B1606D90B1D96A59B1FFF73BFE606D2E
:1037F0000121BDE81040ECF74EBA0121ECF799FC2D
:10380000EDE70121BDE81040ECF793BC10BD91F845
:10381000303010B50C461BB9C86A08B1DDF782FE1E
:103820000023E36284F8303010BD10B50C46084622
:10383000EFF7D4FBC16A2046EFF767FC2046012171
:10384000FAF7ABFA0223204600211A46FAF7B1FA3A
:1038500020464FF48041BDE81040ECF76ABC10B53B
:103860000446806B78B3636B6BB394F86A10C1F352
:103870004201012906D002291ED051B9EFF7B6FC4A
:10388000012103E00021EFF7B1FC0021606BFAF7A2
:10389000A8FAA06BD3F71EFA606BD3F71BFAA06BE4
:1038A000D3F7E2FCA06BEDF7A5FC012130B9A06BCA
:1038B000BDE81040ECF73DBC0121DFE7A06BBDE89F
:1038C0001040ECF7E8B910BD036D8B4209D0C36B13
:1038D0008B4208D190F8690001288CBF002001209C
:1038E0007047012070470020704710B504465C30D7
:1038F000FCF764F8002384F8683010BD38B504463E
:10390000406B0D4610B1E16AEFF7FFFB002D3CD094
:1039100004F15C00FBF766FF056094F86830284608
:10392000216B013384F86830EFF7EFFBA06D65631E
:1039300020B1A36C012163B3ECF7E9F9A36C93B355
:1039400094F86A30D9070AD5DA06206D4FF00101E4
:1039500022D5ECF7A0F90221206DECF7EAFB94F8F0
:1039600068300121E06B012B27D9ECF794F9022193
:10397000E06BECF7DEFB204600222321D2F7CAFFE2
:103980002046BDE83840FFF76ABF2046FFF7ADFF8D
:10399000CCE7ECF7C6F9D1E7ECF7CBFB0221206DC1
:1039A000ECF779F9DBE794F868300121E06B012B43
:1039B000DBD894F86A30DB06D7D4ECF7BAFB0221E7
:1039C000E06BECF768F9D6E7F8B50446FBF751FD74
:1039D0000A2840D12046FBF748FD05462046FBF764
:1039E0004EFDC36B04469D4202D0036D9D4232D111
:1039F00094F868302946204684F86930FFF764FF60
:103A000048BB04F15C073846FBF78CFF01460646CD
:103A10003846FBF78DFF0546E8B131463846FBF7DF
:103A200041FF3046DDF77EFD94F868302946384680
:103A3000013B84F86830FBF735FF94F86830204686
:103A4000013B84F868302968FFF758FF2846BDE835
:103A5000F840DDF767BDF8BDEDF7E9BA07B55A22C2
:103A6000EEF72EFD03B05DF804FB0021EFF7B9BAC5
:103A700007B55C220021EEF723FD03B05DF804FBDF
:103A8000F0B5054685B00E460021FFF7E7FF4FF47D
:103A9000802104462846FFF7E1FF07462046F9F754
:103AA000D6FD04463846F9F7D2FD07462846FFF70B
:103AB000DFFFE319AC6903EBD37300EB6307284620
:103AC000EDF785FB694600EBD07007EBD77204EB8E
:103AD00060032846A3EB620373603B44F360EDF799
:103AE00031FB009B3360029BB36005B0F0BDF8B5BD
:103AF00090F83C30044603F00303012B34D1826B71
:103B0000C16A036BB1FBF2F1B3FBF1F5520801FBA3
:103B100015334A431344B3FBF1F5036301FB15333B
:103B2000002113444363FFF799FF05462046FFF742
:103B30009FFF06462846F9F78AFD07462046EDF71F
:103B400059FB054620463E44FFF78FFF216B07EBEC
:103B5000D77305EBD5755B10C3EB650301FB16311D
:103B6000BDE8F840EDF763BAF8BD08B50068EFF7B7
:103B700035FABDE80840FFF7BABF2DE9F04F05461A
:103B8000B5B0FBF776FC06462846FBF76EFC1D2E0B
:103B9000044619D12846EDF7EEF814A9054620464B
:103BA000FFF76EFF18A8D6F78FFF18AA4FF48021F1
:103BB00020461C95ECF738FC14AA18A92846F0F703
:103BC000CDFA35B0BDE8F08F202EFAD128460DF1A0
:103BD0003009EDF7D0F8804618A8D6F78DFB08F12C
:103BE000180518AA4FF480212046CDF87080ECF714
:103BF00059FE08A92046FFF743FF08AA2946484670
:103C0000FAF77AFD0028DCD02046FFF72EFF0746A2
:103C1000FFF76FFD28B19DF8BB3043F040038DF8EE
:103C2000BB303846FFF71CFC05902046DDF888A025
:103C3000DDE9246BEDF7C8FA01225B460599009691
:103C4000CDE90102524606A8FCF7A2FD2046EDF799
:103C5000BEFA002106462046FFF700FFC368BA6996
:103C600006EBD67603EBD373834638464FEA660AF3
:103C700002EB6302A36903EB6603D61AEDF7A7FA1A
:103C8000DBF80C300021A269C01A229B9244079AEB
:103C90000028DB68C8BFB603A2EB030203EBD373B3
:103CA000C8BF96FBF0F6724320460AEBA2363022DC
:103CB000A6EB6306EEF704FC122283460021149063
:103CC0002046EEF7FDFB1322824600211490204689
:103CD000EEF7F6FB149063699A440AEB0B03CDE907
:103CE0001036E36914AC181A079B3344A0EB0B00A1
:103CF00013939DF8BB30129043F008038DF8BB304E
:103D000095E80F0084E80F0099E80F0085E80F00A0
:103D10003846FFF7A5FB10AA18A91F904046F0F7F8
:103D200046F994E80F0085E80F004AE72DE9F043D3
:103D30004FF4807985B004460E464D460027D4B92D
:103D4000002D02AB4FF48032C7F1000108BF0125FE
:103D5000B9F1000F0093304608BF4FF001090194FC
:103D600092FBF9F392FBF5F2CDE90244FBF714F86C
:103D700005B0BDE8F083702200212046EEF7A0FBDD
:103D8000029038446E22002107B22046EEF798FBDD
:103D900080466F22002102902046EEF791FBB8F199
:103DA000010F0290B8BF4FF001080128B8BF0120F1
:103DB00005FB08F809FB00F04FEA28254FEA202907
:103DC0002046EFF70BF90446B9E770B586B0054613
:103DD000FFF74BFE0446E8B14FF480212846FFF779
:103DE0003DFE5B224FF4802106462846EEF768FB35
:103DF000054604902046FFF733FB00236FF0604236
:103E00000146009304A8CDE901232B463246FCF776
:103E1000BFFC049806B070BD2DE9F74F0E4604466E
:103E20001546FFF722FE00230746721EE362C4E92F
:103E30000C33E36A12F8018F0133B8F1000F13D18C
:103E4000E36294F83C30A5B965F301033146384686
:103E500084F83C30FFF706FB236B3846636303B0FE
:103E6000BDE8F04FECF738BFB8F10A0F08BFE362C6
:103E7000DFE70122414620464FF0000A62F30103CA
:103E800084F83C30FFF7EAFDD4F82C90F9F7DFFB1B
:103E900005465B2241462046EEF712FB05444FF4EF
:103EA0007A73304609FB05F593FBF5F30F2BA8BF9A
:103EB0000F23032BB8BF0323DA0758BF0133A363D3
:103EC000FCF703FDA56B00F1010900FB0555012D71
:103ED00038BF01252846DDF70BFB8046A26B00EBBF
:103EE000090B524515D8002345444146384605F88C
:103EF000013CFFF7B7FA4046DDF714FBA36BE16A1C
:103F000020465A084B434A43E3622263FFF7EFFD22
:103F1000A2E731460AF1010AFCF7DBFC0A23584606
:103F20000BF8013CDAE7F0B490F83C400B46114640
:103F3000C26A04F00304012C16D1846BB2FBF4F4C2
:103F4000A34211D2056BB5FBF4F76743ED1BEE1AE4
:103F50001FFA86FC36B2002ECCBF66467642B6EB20
:103F6000540F0AD81C46E319934228BF02F1FF33CD
:103F7000F0BCC0E90C33E4F787B89D428CBFE4186D
:103F80001C1BF0E707B51322EEF79AFA03B05DF8B1
:103F900004FB07B51222EEF793FA03B05DF804FBB9
:103FA00007B51022EEF78CFA03B05DF804FB07B5F5
:103FB0001122EEF785FA03B05DF804FB2DE9F84F06
:103FC00004460F4600219046FFF7E3FF0021064616
:103FD0002046FFF7D7FF002182462046FFF7E0FF8B
:103FE000002105462046FFF7E2FF81462046EDF717
:103FF000EBF8A0EB060B2046EDF7E9F8401BABEB26
:104000000A0BA0EB09008345204613DAEDF7DCF834
:10401000831BA3EB0A0303EBD37362695B101A449F
:1040200032443A60A2691A442A447A60C8F80030DF
:10403000BDE8F88FEDF7CBF8431BA3EB0903EAE7E4
:10404000F0B5154687B000221C466FF06043064667
:1040500004A8CDE901320B6B00934B6B8A6AC969E6
:10406000FCF796FB96F83C30012B23D8049B4FF4C9
:1040700000312A68304603EBD3735B105B421A446D
:1040800022602A68D21AA26096F83C306D68012B33
:1040900007D1FFF78CFF059B05442B446560E36067
:1040A00006E0FFF77DFF059B2D1AE560ED1A6560C0
:1040B00007B0F0BD082B28D025D8022B01D0042B47
:1040C000F6D1059B6A6803EBD3735B105B421A441D
:1040D00062606A68D21AE26096F83C302F68022B60
:1040E00025D1049B4FF400313046FF1AFFF751FFF2
:1040F0004FF400313F1A304627602D68FFF749FF23
:104100002D1AA560D4E7102BD2D1049A286802EBAF
:10411000D273A0EB6300059B206003EBD376696844
:104120000244A1EB6601A2600B446160B7E74FF463
:1041300000313046FFF726FF0744049B4FF400315F
:10414000276030462D681D44FFF71CFF0544D8E763
:1041500070B50C4601F12C06236B30461BB9BDE847
:104160007040FBF72BBCFBF7DDFB054601463046F4
:10417000FBF798FB2846DDF7D5F9EDE7F7B50646DE
:104180000C461D461746002A39D06A464821384653
:10419000FBF77BFF01281AD1009820636A464C2167
:1041A0003846FBF772FF012818D1009BA3851B0C32
:1041B0006A464D21384684F82E30FBF766FF012809
:1041C00016D19DF8000084F83C0003B0F0BD4822F1
:1041D00029463046EEF774F90190DEE74C22294675
:1041E0003046EEF76DF9C0F307430190A085DFE795
:1041F0004D2229463046EEF763F9C0B2E3E719468F
:104200004C22EEF75DF9C0F307434D222946019099
:10421000A085304684F82E30EEF752F948220190FE
:10422000294684F83C003046EEF74AF92063CCE793
:104230002DE9F04F0446ADB00846ECF79CFDB4F80C
:1042400048300646C3F30E03012B0DD994F83C30D9
:10425000022B00F0C180082B0BD008D8012B40F2B4
:10426000BB80042B00F0B8802DB0BDE8F08F102B80
:10427000FAD10CA808AFEFF7C8FA0CAA0021204623
:104280001096ECF75DFC04AA3946204604F12C0B8D
:10429000FFF794FED4E914231A440092D4E91012D3
:1042A0000846FBF788FC0546D4E914231A4400921B
:1042B000D4E910121046FBF77EFC17AB024697E8D4
:1042C000030083E80300049B30460CA9ADF864307A
:1042D000CDE91552EFF7B0FA5846FBF726FB074633
:1042E0000028C1D01CA80DF1280AEFF78EFA1CAAED
:1042F000002120462096ECF723FC05AA51462046D3
:10430000FFF75CFED4E914231A440092F868D4E95C
:104310001012FBF750FC8146D4E914231A44009292
:104320003869D4E91012FBF746FC3D688046002D41
:1043300000F0548106AA50212846FBF7A6FE01286A
:1043400040F021810698249006AA52212846FBF7C6
:104350009CFE012840F01E81069BADF88C301B0CA2
:1043600006AA532128468DF88E30FBF78EFE0128D1
:1043700040F01B819DF818008DF8AC0006AA512171
:104380002846FBF782FE012840F01781069800F0CE
:1043900001009DF8AD3006AA542160F300032846C1
:1043A0008DF8AD30FBF771FE012840F010810698C2
:1043B0002A9027AB9AE8030083E80300059B1CA919
:1043C0003046ADF8A430CDE92598EFF735FA3946F7
:1043D0005846FBF7B1FA82E70CA8EFF710FE0CAADB
:1043E000002120461096ECF73FFB302200212046AA
:1043F000EEF766F8804600211C902046FFF7D0FDBE
:10440000002100EB08052046FFF7D1FD002100EB5D
:1044100008072046FFF7BDFD002181462046FFF733
:10442000B1FD94F83C3000EB080C022BD4E91712D4
:104430006CD11898E36900EBD07003EB6003A3EB39
:104440000C03013BA06901EBD171089305440A9369
:1044500002EBD272236AA5EB6105DB1B099503EB26
:1044600062030B9302AD08A904F12C092846FAF760
:10447000B0FC13AB95E8030083E803000AA92846C3
:10448000FAF7A7FC15AB95E8030083E80300304674
:104490000CA9EFF7CEFD4846FBF747FA0546002882
:1044A0003FF4E2AE1CA8EFF7AAFD1CAA00212046AB
:1044B0002096ECF7D9FA2B6AEF6903EBD37894F8DE
:1044C0003C3007EBD777022B4FEA68084FEA6707C3
:1044D00001D0042B4FD1AB6ADDF820A01F442B6B19
:1044E000A3EB080BD04600232A681CA92046FFF73F
:1044F00045FE1CA93046CDE923A7CDE9258BEFF772
:1045000098FD29464846FBF717FAC7E7042B09EB45
:10451000080007D1189B03EBD37C636903EB6C03A2
:1045200003448EE7012B11D0D3B100239C46E569EB
:1045300001EBD17102EBD27209932D1AACEB610140
:104540000B9305EB620508910A958BE76369189F49
:104550009C44A36907EBD77703EB67032B44E6E79B
:104560006369189D00EB030C236A05EBD57503EB1B
:104570006503DB1BDBE76B6AA3EB070A099FEB6AAA
:10458000BB469844AFE7502200212046EDF798FF44
:104590000790D8E6522200212046EDF791FFC0F3A4
:1045A00007430790ADF88C00DAE65322002120463D
:1045B000EDF786FF0790C0B2DEE6512200212046CB
:1045C000EDF77EFF0790003818BF0120E1E6542286
:1045D00000212046EDF774FF0790E9E652222946B4
:1045E0002046EDF76DFFC0F307435322294607909D
:1045F000ADF88C0020468DF88E30EDF761FF50222B
:10460000294607908DF8AC002046EDF759FF51225E
:104610002946079024902046EDF752FF0790003876
:104620009DF8AD304FF05402294618BF012060F3C9
:1046300000038DF8AD30CCE72DE9F04FA1B0044672
:1046400093460E4610A89946EFF7D9FC10AA002110
:104650002046ECF709FA0322BBF1000F1DD04FF4FE
:1046600000312046EDF72CFF0D220C9082464FF4CE
:1046700000312046EDF724FF002580460C9094F889
:104680003C30022B77D0082B1AD017D8012B72D9C7
:10469000042B70D021B0BDE8F08F4FF4A02120464C
:1046A000EDF70EFF0D220C9005464FF4A021204699
:1046B000EDF706FFDA4680460C90E0E7102BE9D1D3
:1046C0000CA92046ECF7A6FD0CA8FAF773FB0746E9
:1046D0000CA8FAF774FB00EBD07007EBD777431008
:1046E0000CA8B3EB670F40F30F81FAF763FB236D60
:1046F00000EBD0700C9ABBF1000F18BF55465E431B
:10470000B4F8483047100A20C3F30E030D9946430E
:104710003A44013B39440A920B91B6FBF3F6636DC0
:1047200000FB03661C9B4846FF1A94F83C300AAC19
:10473000082B3A444FF480730CBF7D1BED194244A3
:104740000027C9E900211A46314601970094FAF77B
:1047500023FB0A9B2A9A31461D442A9B2A984544EA
:104760001D600B9B53604FF48073CDE900471A46E0
:10477000FAF712FB8EE7302200212046EDF7A0FE6B
:10478000074600210C902046FFF70AFCC3190021C0
:1047900020460393FFF70BFCC31900212046049326
:1047A000FFF7F0FBC319002120460593FFF7F1FB4B
:1047B0004FF4A02100EB07082046FFF7E3FB4FF47E
:1047C000A02108902046FFF7E4FB4FF4A0210690BB
:1047D0002046FFF7E5FB4FF4A02107902046FFF7A6
:1047E000E6FB94F83C10099002291C9838D100EBA4
:1047F000D070E769059B07EB6007079AFF1A039BD8
:104800009A18A3691344BBF1000F18BF5546B4F8BA
:1048100048A00229CAF30E0A0AF1FF3A39D15645D7
:1048200016D0049B099A9A18236A9B1A86B12046CF
:104830000593ECF7CCFCDDE903231A44079B1A44EB
:10484000099B1A44059B801A704390FBFAF01B1ACF
:10485000013F2A9AC9E900737F1B1760536019E76B
:1048600000EBD070042967694FEA600023D1039BF5
:104870000744079A47449A18A3691344B4F8482098
:10488000BBF1000F2BD0CAF10005C2F30E0A0AF1EA
:10489000FF3A0429C3D0564523D1069AE7699044CC
:1048A000A7EB08072A9AC9E900732A9B1F60D9F869
:1048B00004302B44D2E7012907D1089A059B134401
:1048C000039A1F44A36903449CE7069B226A43445E
:1048D0001F448318049A9B1A0029CFD093E76D4296
:1048E000D3E7002EDED020460393ECF76DFC059A4B
:1048F000089B42441A44069B1A44039B801A704347
:1049000090FBFAF00744CDE7FAF759FAEFE638B52D
:1049100091F8A0300C46002523F003032046C1F88F
:104920009C5081F8A0304FF48071EBF7B4F910215E
:104930002046EBF7B0F94FF480612046EBF7F9FB26
:104940002846D4F7D9FC1D280CDD2846D4F7D4FC22
:10495000142300F10A0191FBF3F12046BDE8384031
:10496000ECF7A8BE0121F8E738B590F8703005469D
:1049700013F038030AD1ECF727FC04462846ECF77D
:1049800026FC8442B4BF0020012038BD083B5842B9
:104990005841FAE72DE9F3470C4605465110002B24
:1049A0004CD023685B1A23601344013BA3608369E6
:1049B0006360036AE36012224FF440312846EDF74A
:1049C0007FFD1322019007464FF440312846EDF752
:1049D00077FD1022824601904FF440312846EDF7D2
:1049E0006FFD1122019080464FF440312846EDF7CB
:1049F00067FD6A22814601904FF440312846EDF769
:104A00005FFD064601906B224FF440312846EDF7DA
:104A100057FD37442268564480440346D21B4B441A
:104A20002260A2683244A2606268A2EB080262605F
:104A3000E2681A44E26002B0BDE8F08763685B1A7E
:104A400063601344013BE36043692360C369A3606F
:104A5000B1E708B5FCF7E7FB012803D0831E5842F5
:104A60005841400008BD2DE9F04F87B00F4604467D
:104A7000D8F724FC0646F8F71CFE012840F0A28077
:104A80003046F8F746FE002840F09C8002A93046E8
:104A9000F8F722FE032202A92046ECF767FC204625
:104AA000FFF762FF05468FB194F8A030DB070DD405
:104AB000002800F08A80D4F89420029B9B1A96F874
:104AC0002420002BB8BF5B4293427BDBD4F89C8050
:104AD00004F13806B8F1000F0ED12046FFF7B9FFF8
:104AE00094F8A030012843F0010384F8A03070D876
:104AF00004F12C03C4F89C30272200212046D4E97D
:104B00000C37FF1AEDF7DCFC5FFA80F804902046C2
:104B1000FFF72AFFB8F1010F94F84C900CBF8046C4
:104B20004FF00008002D00F0DA801222002120460C
:104B3000EDF7C6FC00218246132204902046EDF7D3
:104B4000BFFC834604902046ECF73EFBC145A0EB3A
:104B50000A02029B14BFE1696169A2EB0B0215BF57
:104B6000A1EB0B018A44CB1AA3EB0A0342B102EB7F
:104B7000D271491007FB031393FBF2F2236B13442A
:104B8000D4F89C20B242D4E90C100CBFE06AA16BAF
:104B90008342A8BF03468B42B8BF0B4611689942B7
:104BA00010D01360002D00F0C4804FF40071204637
:104BB000EBF771F82046ECF7D2FC002223212046C7
:104BC000D1F7A8FE07B0BDE8F08FD4F89820039B7A
:104BD00074E7022890D1D8F771FB04A9F8F77CFD9F
:104BE000032204A92046ECF7C1FB272241462046B8
:104BF000EDF766FC0190C7B22046FFF7B5FE94F8CA
:104C00004C30012F1DD1F8B90599002B57D1D4F89C
:104C100088309942FFF66CAFD4F8803099424BDC73
:104C2000A26FD4F88000D4F88830801A00EBD070DE
:104C300002EB6002D4F89000521A002AB8BF524228
:104C40001CE00028E0D047469F4204992CD1D4F8BC
:104C50008C308B42FFF64CAF636F99422CDB626F56
:104C6000E06FD4F88430801A00EBD07002EB600261
:104C7000D4F88C00521A002AB8BF5242C01A00EB76
:104C8000D07003EB60035B1A002BB8BF5B429A4203
:104C90001EDD04F12C03C4F89C3094F8A0306FF3AF
:104CA000410384F8A03027E7D4F884309942FFF616
:104CB0001FAFE36F9942D2DDC4F89C601CE7D4F8C3
:104CC000903099423FF714AFA36F9942F4DBA7E706
:104CD00094F8A030C4F89C6043F00203E1E710228E
:104CE00029462046EDF7ECFB294683461122049025
:104CF0002046EDF7E5FB824604902046ECF767FA84
:104D0000C145A0EB0A02039B14BFA169216AA2EB73
:104D10000B0215BF8B448A44A3EB0B0AAAEB030AD0
:104D200002EBD2735B1007FB0A3393FBF2F3226BA7
:104D300025E74FF480713AE72DE9F0470546BCB00E
:104D4000FAF793FB04462846ECF715F827220021D2
:104D500080462046EDF7B4FB2090C5B22046FFF711
:104D600003FE94F84C90012D0746204622D177B1DE
:104D7000FCF75EFA06462046ECF729FA824606B3AF
:104D8000E36A002B1DDAA9451DD1E36B1CE0FCF79B
:104D90004FFA06462046ECF717FA8246002E40D01E
:104DA000E36A002B3DDAB9F1000F3DD1A36C002579
:104DB00001930AE0FCF73CFA0646002FEAD00025F2
:104DC000D9E7A945E1D1636C009304A804F18406F6
:104DD000D5F77AFE04AA4FF440312046CDF8208062
:104DE000EBF722FB3B46524669462046FFF7D2FDD1
:104DF000009B2046C4F88430019BC4F88830029B95
:104E0000C4F88C30039BC4F89030FFF722FE0228D0
:104E10000CD0324604A94046EFF7A0F93CB0BDE8FB
:104E2000F087B9F1000FC1D1236CC0E7702204A94B
:104E300020A8FBF744FD324604A94046EFF78EF95F
:104E4000DFB1A9450CBFE36B636C00933B46524650
:104E500069462046FFF79EFD009B702220A96367EC
:104E600004A8019BA367029BE367039BC4F88030FF
:104E7000FBF725FD04F17402CCE7A9450CBFA36C38
:104E8000236C0193E2E7D0F880300A2193FBF1F321
:104E9000012BB8BF0123C0F88030E4F78BBAD0F8FB
:104EA00080200A23816F5A43C36F002BB8BF5B4237
:104EB0008B42B8BF0B469342A8BFC0F88020E4F7EE
:104EC00079BA426FD0F88010002A13DA5318002BF9
:104ED00010DD5B420B44816F8B4206DD90F885301C
:104EE000DB0709D5914209D1C36F934208D04367CC
:104EF000E4F760BA1346EDE70B46F6E70B46F6E734
:104F00007047426FD0F88010002A12DD8A4210DA12
:104F10008B1A5B1AC16F8B4206DA90F88530DB077B
:104F200009D5914209D1836F934208D04367E4F7D2
:104F300041BA1346EDE70B46F6E70B46F6E7704736
:104F4000FBF778BFFBF7AABF10B50C46022120463D
:104F5000EAF7A1FE2046C8224FF47A71BDE810405E
:104F6000E4F77CBB00684FF0FF33C362ECF7F7BA9D
:104F7000C162ECF7F4BA08460021DBF705BD4FF03B
:104F8000FF3310B5CB620C4691F8303020466FF3FA
:104F9000020381F830301021EAF77DFE2046082117
:104FA000EBF7C7F820464FF48061BDE81040EBF7FF
:104FB000C0B82DE9F0410546C0B0FAF756FA0446EC
:104FC0002846EBF7D8FE694606462046ECF722F95C
:104FD00008A8D5F779FD08AA4FF4003120460C96B1
:104FE000EBF722FA6A4608A9304604F11405EFF7F8
:104FF000B5F8636928460493A3690593E3690693AA
:10500000236A0793F9F7D6FE07462846F9F7D7FE35
:1050100094F8303003F00703012B03D0022B6DD03E
:1050200087426BDB2046ECF7D2F807462846F9F7B3
:10503000C1FEE56AA0EB07086A1C56D043465D43F3
:1050400048BFFF352D12272200212046EDF738FA00
:105050002490C0B2049B012808BFA8EB0505012FCE
:10506000B8BF01271D44013F04952F440697122223
:105070004FF440312046EDF723FA13228046249066
:105080004FF440312046EDF71BFA102207462490DA
:105090004FF440312046EDF713FA4FF44031054606
:1050A000249011222046EDF70BFA049A2490A2EBEB
:1050B00008020492069A3A440692059A521B0592F7
:1050C000079A024424A80792D5F7FEFC24AA20469A
:1050D0004FF440312896EBF7A7F904AA24A93046EB
:1050E000EFF73CF840B0BDE8F0812046EAF733FE28
:1050F00010F0010F14BF45460025A4E72046ECF749
:1051000063F807462846F9F75AFEE56AA0EB070858
:105110006B1C19D043465D4348BFFF352D12272233
:1051200000212046EDF7CCF92490C0B2079B01285E
:1051300008BFA8EB0505012FB8BF01275B1B013F86
:105140000793DB1B059392E72046EAF704FE10F075
:10515000010F14BF45460025E1E707B51222EDF720
:10516000AFF903B05DF804FB07B51322EDF7A8F91A
:1051700003B05DF804FB07B51022EDF7A1F903B009
:105180005DF804FB2DE9F04F89B0074610468A46CA
:1051900090460493F8F75BFA159B0025C418169BFC
:1051A0001C44FB6A03FB0AFADDE913235646D318B5
:1051B0000593FA6A02EB0A03B34203D8204609B00A
:1051C000BDE8F08F7B6B53F8261003EB86000029B7
:1051D00045D0D7F83CC0A946013A5CF825304A458D
:1051E00004D950F804BBBBF1000F1CD10A7812F0AF
:1051F000020224D102920831059A06A8A9EB0505FE
:105200009B1A42462E444D460193129B0093049BE9
:10521000FBF7BEFA159A079B1344169A13449C4257
:10522000B8BF1C461BE09BF800B009F1010E1BF053
:10523000010FDBD05CF82E904B44F146CFE740469F
:10524000F8F705FA159B1844169B1844A04206DD92
:105250004046F8F7FCF9159BC418169B1C44013610
:105260000135A6E7F8B500250C462F46606BD4E95A
:105270000B325343AB420CD808B1DCF753F9A06BA7
:1052800008B1DCF74FF9E06BB0B1BDE8F840DCF7EE
:1052900049B950F82530AE0063B1586820B1DCF749
:1052A00041F9636B9B595F60636B9859DCF73AF97E
:1052B000636B9F510135D9E7F8BD0123042010B578
:1052C0000C46C1E90B33DCF713F9E063206B800077
:1052D000DCF70EF9E26B8023A0631360A26B13600E
:1052E000606BD4E90B3159438900DCF725F90023C1
:1052F000606303604FF6FF73C4E9103310BD2DE9FE
:10530000F743914600221C4605460F4613464B457F
:10531000226044D1EB6ABA000026581E53434A4625
:10532000904242D8272200212846EDF7C9F8019083
:10533000C0B20128284646D1ECF74AFB2368034453
:1053400028462360EBF740FF23680021A0EB030809
:105350002846FFF709FFA8EB0000A060EB6B53F8AD
:1053600029303344C01A206000231E46BE426360C9
:105370003DD100212846FFF7FEFE6368034428461E
:105380006360ECF72AFB6368181A6060AB6B53F834
:10539000263018440138E06003B0BDE8F083E96BC3
:1053A00051F8231001330A44B1E7696BC958002949
:1053B000B8D0097801320433C907B3D5E96B51F885
:1053C00022100E44ACE7ECF703FB236800211B1A04
:1053D00028462360FFF7C1FE236818442060EB6B6A
:1053E00053F829301E440644013EA660BCE7AA6B70
:1053F00052F8262001361344B8E730B585B004468C
:10540000D0E910216B46FFF77AFF0099002911DAE5
:105410000123002249422046ECF71FFB019A002A93
:1054200015DA012352420021204605B0BDE8304084
:10543000ECF713BB029D2046EBF7C6FE8542EDDD7F
:105440002046EBF7C1FE01230022411BE3E7039D49
:105450002046EBF7BCFE854205DD2046EBF7B7FEA4
:105460000123421BDFE705B030BD2DE9F04F0446B4
:105470008DB04FF4A021FFF770FE4FF4A0210790EC
:105480002046FFF771FE4FF4A02108902046FFF759
:1054900072FE11224FF4A02183462046EDF710F84A
:1054A0005B224FF4A0210B9005462046EDF708F84B
:1054B0005C224FF4A0210B9006462046EDF700F841
:1054C0005A224FF4A0210B9007462046ECF7F8FF34
:1054D00006224FF4A0210B9080462046ECF7F0FF07
:1054E0004FF4A0210B90814607222046ECF7E8FFFD
:1054F000002182460B90236B994208D32046EBF79C
:10550000ACFE20460DB0BDE8F04FECF728B8089B84
:105510004246204609910293079BCDE903B5CDE9A8
:1055200000733346FFF72EFE50450999A36BA8BFC1
:1055300050464845ACBF43F8210043F82190013163
:10554000D9E70121EDF74DBD0021EDF74ABD7FB54B
:105550000546F9F78AFF04462846F9F78AFF06460A
:105560002046EDF73BFD332E054606D10022C16AE9
:1055700004B0BDE87040E4F7A3BD0E2E37D1D7F7D5
:105580009DFE10B1037A012B31D0204602A9D2F73B
:1055900091F995F83030204613F00C0F29D0EBF735
:1055A00019FE0446272200212846ECF789FF0190C6
:1055B000E20F029BC0B2224401280CBFC3EB62037E
:1055C00003EB620393FBF4F4EE6A24EAE474D7F786
:1055D00075FE024600B1012221462846E4F770FD1F
:1055E000B44204D0002223212846D1F793F904B015
:1055F00070BDEBF7FFFD039C00EBD07304EB63047D
:1056000094FBF0F4E0E77047486B10B50C4618B116
:10561000DBF788FF00236363A06B18B1DBF782FF21
:105620000023A363206B18B1DBF77CFF0023236307
:1056300010BD7FB590F8642002F001048C4218D0B0
:105640000039C46A036D18BF0121C56D61F3000202
:1056500080F8642062691344D0E915160093A369A9
:10566000324419442B440292019169460393EBF7AB
:105670004BFF04B070BD07B55A220021ECF720FFA4
:1056800003B05DF804FB70B50546F9F7F2FE044679
:105690002846313CF9F7E9FE0646EDF79FFC012C60
:1056A00005460BD830460021FDF7DCFE2846E4F71E
:1056B000C5FD2846BDE87040E4F780BD70BD90F898
:1056C000643061F3410380F86430704770B590F83E
:1056D000703004460D46C3F3C0028A422BD061F3FA
:1056E000C30380F870306420D1B1DBF7D1FA6FF0DA
:1056F00040410646E06AEBF7BCFC00223146E06A16
:10570000EDF79DFB8DB16FF040412046EBF7C8FCF3
:10571000002320461A461946BDE87040ECF7FAB956
:10572000DBF7B6FA2E460146E4E72A460221204678
:10573000EDF723FAECE770BD90F870305B0702D408
:10574000C06AFDF78DBE406B7047C06C7047006843
:10575000E4F736BF90F87000C0F3C000704738B56A
:105760000446C06AFDF7C1FF4FF6FF730546984235
:105770000BD0E06A4FF6FF71FDF76CFEE06A4FF662
:10578000FF71BDE83840FDF768BEE06AFDF7AFFF86
:10579000A842EED138BD73B5C36C04468BB37F23EA
:1057A00001A9ADF80430E4F7EBFF0128054628D144
:1057B000E06AFDF755FEE16C06462A460139FAF724
:1057C00066FF3146E06AFDF74DFE2046FFF7C7FF52
:1057D000236B3BB1E06AFDF743FE037813B9204623
:1057E000EBF7BDFE94F87030E16C5B070BD4E16C15
:1057F00020460139E4F70AFE002223212046D1F792
:1058000089F802B070BD01220139606BFAF73FFFE1
:10581000656B2846FBF759F8411C2846DBF78CFEE0
:1058200060630028E3D1ECE738B5C56C0446691C19
:10583000E4F7ECFDE36C9D4204D02046BDE838401F
:10584000FFF7A9BF38BDC16C0131E4F7DFBDC16C02
:1058500011B10139E4F7DABD704730B585B00446BF
:10586000C16C02AAC06AE1F7B7FA5C2200212046A7
:10587000ECF726FE05462046FFF7FDFEF7F7E7FEAC
:105880000544039B0135E06A1D44A36C0395029314
:10589000EBF79DFC85420ADA012202A9E06AE1F7F2
:1058A0004FFBA56C01462046E4F7B0FDA56405B0AA
:1058B00030BD30B585B00446C16C02AAC06AE1F7BC
:1058C0008BFA5C2200212046ECF7FAFD05462046C3
:1058D000FFF7D1FEF7F7BBFE2844039B01220138F6
:1058E00002A91B1AE06A0393A36C0293E1F728FB59
:1058F000A56C01462046E4F789FDA56405B030BDDE
:105900002DE9F7430446F9F7B4FD05462046F9F7BB
:10591000ACFD0E2D044645D1D7F7D0FC10B1037A6B
:10592000012B3FD020464FF00008EBF753FC064612
:105930002046EBF75FFC694607462046D1F7BAFFE1
:10594000009D06EBD67305EB630507EBD77395FB5C
:10595000F6F57543019E06EB630696FBF7F67E436C
:105960002046EDF771FB404501D80F2516E0414672
:105970002046EDF736FB0746EBF7EDFB8146384650
:10598000EBF7FCFB4D4510D186420ED1E7620022B9
:105990002321204697F82C50D0F7BCFF29462046FB
:1059A000EBF7CEFF03B0BDE8F08308F10108D7E7BD
:1059B00008B500F06AFB0A220023CAF7BDFC08BD47
:1059C000E5F7C6BC38B50546F9F757FD0446284645
:1059D000F9F755FDD3F758FDC368DA0605D500235E
:1059E00023608388013BA36038BD236823F007034D
:1059F0002360A36843F00703A360C368DB07F3D504
:105A0000636823F007036360E36843F00703E36020
:105A1000EAE730B50D8887B08C888B68C968013398
:105A200000900131ADF804505B1BADF80640091B36
:105A300005929BB289B2ADF80C3001FB03F0ADF8D2
:105A4000103002906846ADF80E10E5F751FB07B034
:105A500030BD30B50D8887B08C888B68C96801333C
:105A600000900131ADF804505B1BADF80640091BF6
:105A700005929BB289B2ADF80C3001FB03F0ADF892
:105A800010304000ADF80E1002906846E5F730FB8C
:105A900007B030BD30B50D8887B08C888B68C96879
:105AA000013300900131ADF804505B1BADF80640A6
:105AB000091B05929BB289B2ADF80C3001FB03F0D3
:105AC000ADF8103000EB4000ADF80E1002906846C3
:105AD000E5F70EFB07B030BD30B50D8887B08C8878
:105AE0008B68C968013300900131ADF804505B1B2D
:105AF000ADF80640091B05929BB289B2ADF80C3097
:105B000001FB03F0ADF810308000ADF80E100290EC
:105B10006846E5F7EDFA07B030BDF8B506460C4625
:105B2000F7F7D7FD4768056938680022002321464A
:105B3000E5F75EFE05F13803224680B16C3553F877
:105B4000041BAB4242F8041BF9D13046F7F7B1FD14
:105B5000042804BF002323820023E374F8BD04F16A
:105B6000340152F8040B8A4243F8040BF9D13B6824
:105B70001B6A003B18BF0123EFE770B50C690546AF
:105B80004E682068F7F79FFDD3F77EFCEA8803464E
:105B9000012A08D0B2F5A57F26D04AB9317AAA6881
:105BA00029B1226704E0317AAA680029F9D0E266B7
:105BB0002A79002A4BD0757A587CD4E91B212DB163
:105BC00010F0FD0F0CBF9D88DD88AA1AB57A2DB1A3
:105BD00010F0FD0F0CBFDD889D88691A03280BD8D3
:105BE000DFE800F0081C2127AA68003A18BF01224C
:105BF000A275DDE7C4E90121616800291DDC0022EE
:105C00006260A268002A1DDC0023A36030680022C5
:105C1000211D0023BDE8704000F074B86160D98890
:105C20008A1AA260E8E79888821A6260DA88521AB3
:105C3000F7E79888411A6160F3E79A889142E0DBC0
:105C4000013ADDE7DB889A42E0DB013BDDE770BD2E
:105C500001460120E5F786BB38B5044650B1D0F7C0
:105C600021FA4FF4C87305465C43D0F71BFA431B77
:105C7000A342FAD338BD704740B1C368587810F0DA
:105C800001001EBF1878B0FA80F040097047EFF3AA
:105C90001183102383F31288BFF36F8FFEE710B5D3
:105CA0004369044633B90020E268537843F00103A6
:105CB000537010BD98470028F5D00028E368B8BF9E
:105CC0004042FF28A8BFFF201870EDE700F037BA68
:105CD00000F00DBA102408B5EFF3118384F3128895
:105CE000BFF36F8FE8F77FF8F6E7D0E90032136073
:105CF0005A600023427B836022F00202C0E9003335
:105D00004273704713B501240094E5F709FD02B012
:105D100010BD3AB18A4205D3C0E90212C0E90000C1
:105D2000002070476FF015007047012302688B4018
:105D300022EA0303036022FA01F000F00100704739
:105D400010B5032104460C30FFF7EFFF30B104F12A
:105D5000100000F06EF9B0FA80F0400910BD20B1DB
:105D600000228C30114600F02BB9704773B5044601
:105D7000EFF31185102383F31288BFF36F8F002395
:105D8000A0F11006032104380193FFF7CEFF28B1DC
:105D9000A36901A930460193E5F7DCFE85F311887C
:105DA000BFF36F8F02B070BD38B504460D461022A8
:105DB000002100F0C4F9656038BD13B501900846B4
:105DC000EFF31184102383F31288BFF36F8F01A9BF
:105DD000E5F7C0FE84F31188BFF36F8F02B010BDEA
:105DE00010B5FFF7EAFF041E08DDEFF31180102362
:105DF00083F31288BFF36F8FE6F718F9204610BDC2
:105E000038B530220D460021044600F098F94FF4D1
:105E100080736560E36038BDEFF30580003818BF1C
:105E2000012070476FF05700704700207047D0E99D
:105E3000003213605A600023C0E90033704708B590
:105E4000FFF7F5FF437B23F00203437300238360D6
:105E500008BD38B504460D46E6F734F8637B43F0D9
:105E600002036373E5B1A5602B689D4209D16B689D
:105E7000C4E900531C606C6012E06A689A42F6D074
:105E80001B68002BF3D094F90E2093F90E108A4270
:105E9000F3D09142F1DD5A68C4E9003214605C60CD
:105EA00038BD10B5EFF31184102383F31288BFF3CC
:105EB0006F8FE5F7C5FF84F31188BFF36F8F10BDB7
:105EC00008B5EFF31181102282F31288BFF36F8FB0
:105ED00083680BB1FFF7B3FF81F31188BFF36F8FB6
:105EE00008BD014610B5EFF31184102383F3128827
:105EF000BFF36F8F437B13F0280F0AD183680BB178
:105F0000FFF79DFF4B7B084623F004034B73E5F737
:105F100097FF84F31188BFF36F8F10BD01211838EC
:105F2000FFF7DFBF08B50346EFF31181102282F3BC
:105F30001288BFF36F8F0068834207D008B1FFF764
:105F40007EFF81F31188BFF36F8F08BD0020F8E753
:105F500038B504460D46E6F711F90346B5F1FF3FA3
:105F600008BFB4F1FF3F204614D013F109004FEAF7
:105F7000E37141F100010A2871F100030BD36FF0C6
:105F80000A0383424FF004038B4106D30A22002305
:105F9000CAF7D2F938BD0020FCE76FF00040F9E7FE
:105FA000C11763304FF0640241F1000108B50023CE
:105FB000CAF7C2F9C117E6F7E1F86423584308BDF0
:105FC00038B5EFF31185102383F31288BFF36F8F79
:105FD0000468A04212D09CB1A16720462261FFF75D
:105FE0002EFF04F1180000F024F82046E5F728FF02
:105FF000012085F31188BFF36F8F38BD0020F8E7CB
:106000002046F6E708B50246E6F772FA70B1D0E925
:1060100004319B1A61EBE272B3F1004F72F100019F
:1060200004DA002AACBF1846002008BD6FF000401B
:10603000FBE7024638B5EFF31185102383F312888E
:10604000BFF36F8F0368CBB1E6F752FA04461046F0
:10605000E6F760FA00224FF000438442C0E90423CF
:1060600006D1E6F74DFAFFF7CDFF0021CFF77EFF0F
:10607000002085F31188BFF36F8F38BD6FF01500D6
:10608000F7E708B5E6F752FB08BDE6F74FBB00237C
:10609000C0E9081200F1180203634363C0E9062255
:1060A000C0E90033704710B50446FFF7C2FFA8B936
:1060B000636A0BB12046984704F11800FFF732FFDE
:1060C00060B1FFF7EEFEEFF31180102383F3128827
:1060D000BFF36F8FBDE81040E5F7A8BF10BD10B447
:1060E00000F10C04C0E9034410BCE7F761B90A44AD
:1060F000914200F1FF3300D1704710B511F8014B08
:1061000003F8014F9142F9D110BD884210B501EB5F
:10611000020402D98442234607D8431EA14208D074
:1061200011F8012B03F8012FF8E7024401468A42D7
:1061300000D110BD13F8014D02F8014DF7E70244FC
:106140000346934200D1704703F8011BF9E710B5ED
:106150000139044632B111F8013F00F8013B013A20
:10616000002BF7D10021FFF7EAFF204610BD10B544
:10617000024601448A42134603D01C780132002CA7
:10618000F8D1181A10BDF0B5C3F137070446FFB2B5
:1061900003F01F031046082BE6B233D0102B3ED07D
:1061A0006508A40844EA817445EAC1752D194FEACF
:1061B000910242EB5102290941EA02716D1842EB4A
:1061C0001212290A41EA02616D1842EB1222290CCF
:1061D00041EA02416D1842EB1242AD1842F1000251
:1061E000EC0844EA4274D10804EB8402A6EB4205B1
:1061F000EDB2092D0CD90134A5F10A0541F10001D8
:10620000EDB212E0E40844EA417406F00705C9085B
:10621000303554EA010200F8015BBCD1F0BD24091D
:1062200044EA017406F00F050909092D84BFED1930
:10623000EDB2EDE7D1E9043293421EBF5A1C0A6168
:10624000187070470148006870470000388F0024BC
:0862500076A1FC7F01000000B3
:106258000000000088630308B5190008000000006A
:10626800F5C801080000000000000000E86303080A
:1062780000000000286403080000000028650308E7
:1062880000000000686403080000000008640308B8
:1062980000000000A8640308000000004864030828
:1062A8000000000068650308000000004865030856
:1062B800000000000865030800000000E864030807
:1062C80000000000C8640308000000008864030898
:1062D80039DE01080000000000000000886503089E
:1062E80000000000A8650308F5470008000000004A
:1062F800D55E00080000000000000000A863030845
:1063080000000000C8630308E91A00080000000044
:106318000135000800000000DDB901080000000098
:1063280000000000C8650308000000002866030894
:10633800000000000866030800000000E865030884
:1063480000000000686603080000000048660308B3
:10635800000000008866030800000000A866030823
:1063680000000000E866030800000000C866030893
:10637800D119000800000000E1AE0108000000008B
:106388003D9D030800000000706C030842040024CF
:106398000000000059440008000000000000000050
:1063A80023A50308B4720308000000006404002455
:1063B800000000004958000800000000000000002C
:1063C80054A50308A4740308000000006604002410
:1063D80000000000BFE80108000000000000000005
:1063E8005AA5030868750308606C0308680400244C
:1063F8000000000000000000000000000000000095
:10640800559A030800000000000000003A04002428
:10641800000000004D3800080000000000000000E7
:1064280010A1030848710308246C030848040024D9
:10643800D88F0024B54F00080000000000000000BD
:106448001EA103085C710308246C03084A04002495
:10645800EC8F0024B54F0008000000000000000089
:106468002CA1030870710308246C03084C04002451
:1064780000900024B54F0008000000000000000054
:106488003AA1030884710308246C03084E0400240D
:1064980014900024B54F0008000000000000000020
:1064A80048A1030898710308246C030850040024C9
:1064B80028900024B54F00080000000000000000EC
:1064C80056A10308AC710308246C03085204002485
:1064D8003C900024B54F00080000000000000000B8
:1064E80064A10308C0710308246C03085404002441
:1064F80050900024B54F0008000000000000000084
:1065080072A10308D4710308246C030856040024FC
:1065180064900024B54F000800000000000000004F
:1065280080A10308E8710308246C030858040024B8
:1065380078900024B54F000800000000000000001B
:106548008EA10308FC710308246C03085A04002474
:106558008C900024B54F00080000000000000000E7
:106568009CA1030810720308246C03085C0400242F
:10657800A0900024B54F00080000000000000000B3
:10658800DFA503086C750308F06C03086A0400248F
:1065980098030024315B00080000000000000000A0
:1065A800EFA50308B8750308F06C03086C04002411
:1065B800A8030024315B0008000000000000000070
:1065C8000C9D0308446F0308186C03083C0400245E
:1065D80000000024B53C0008000000000000000096
:1065E800199D0308986F0308186C03083E040024DB
:1065F800A8000024B53C00080000000000000000CE
:10660800269D0308EC6F0308186C03084004002457
:1066180050010024B53C0008000000000000000004
:1066280043A2030824720308486C03085E0400248C
:10663800B4900024E55000080000000000000000AD
:1066480070950308046F0308E46C030838040024F9
:1066580018020024192700080000000000000000AC
:10666800259E0308EC700308B86C03084404002452
:10667800CC02002449490008000000000000000086
:1066880002A00308287103088C6C03084604002440
:10669800EC930024994B0008000000000000000063
:1066A80050A403086C720308000000006004002472
:1066B800049100241D55000800000000000000009F
:1066C800D7A40308907203080000000062040024A5
:1066D800F9930024B55600080000000000000000EF
:1066E800A3230408F08A0308000000006E040024B5
:1066F8004493002400000000000000000000000097
:1067080000000000CBDD010800000000CBDD01081F
:1067180000000000CBDD010800000000CBDD01080F
:1067280000000000CBDD010800000000CBDD0108FF
:106738001D9A03080D3600081B9A03080D36000839
:10674800199A03080D360008179A03080D36000831
:10675800159A03080D36000800000000CBDD01087B
:1067680000000000CBDD010800000000CBDD0108BF
:1067780000000000CBDD010800000000CBDD0108AF
:1067880000000000CBDD010800000000CBDD01089F
:10679800000000005D3A000800000000CBDD0108A1
:1067A80000000000CBDD010800000000CBDD01087F
:1067B80000000000CBDD0108139A03080D3600081D
:1067C80000000000CBDD010800000000CBDD01085F
:1067D80000000000CBDD010800000000CBDD01084F
:1067E80000000000CBDD010800000000CBDD01083F
:1067F80000000000CBDD010800000000CBDD01082F
:1068080000000000CBDD010800000000CBDD01081E
:1068180000000000CBDD010800000000CBDD01080E
:1068280000000000CBDD010800000000CBDD0108FE
:1068380000000000CBDD010800000000CBDD0108EE
:10684800119A03080D36000800000000CBDD01088E
:1068580000000000CBDD010800000000CBDD0108CE
:1068680000000000CBDD010800000000CBDD0108BE
:1068780000000000CBDD010800000000CBDD0108AE
:1068880000000000CBDD010800000000CBDD01089E
:1068980000000000CBDD010800000000CBDD01088E
:1068A80000000000CBDD010800000000CBDD01087E
:1068B80000000000CBDD010800000000CBDD01086E
:1068C80000000000CBDD010800000000CBDD01085E
:1068D80000000000CBDD010800000000CBDD01084E
:1068E80000000000CBDD010800000000CBDD01083E
:1068F80000000000CBDD010800000000CBDD01082E
:1069080000000000CBDD010800000000CBDD01081D
:1069180000000000CBDD010800000000CBDD01080D
:1069280000000000CBDD010800000000CBDD0108FD
:1069380000000000CBDD010800000000CBDD0108ED
:1069480000000000CBDD010800000000CBDD0108DD
:1069580000000000CBDD010800000000CBDD0108CD
:1069680000000000CBDD010800000000CBDD0108BD
:1069780000000000CBDD010800000000CBDD0108AD
:1069880000000000CBDD010800000000CBDD01089D
:1069980000000000CBDD010800000000CBDD01088D
:1069A80000000000CBDD010800000000CBDD01087D
:1069B80000000000CBDD010800000000CBDD01086D
:1069C800686603085FE1010800000000CBDD0108EC
:1069D80000000000CBDD010800000000CBDD01084D
:1069E80000000000CBDD010800000000CBDD01083D
:1069F80000000000CBDD010828660308F5E4010863
:106A080028660308F9E4010800000000CBDD01084E
:106A180000000000CBDD010800000000CBDD01080C
:106A280000000000CBDD010800000000CBDD0108FC
:106A380000000000CBDD010800000000CBDD0108EC
:106A480000000000CBDD010800000000CBDD0108DC
:106A580000000000CBDD010800000000CBDD0108CC
:106A680000000000CBDD010800000000CBDD0108BC
:106A780000000000CBDD010800000000CBDD0108AC
:106A880000000000CBDD010800000000CBDD01089C
:106A980000000000CBDD010800000000CBDD01088C
:106AA80000000000CBDD010800000000CBDD01087C
:106AB80000000000CBDD010800000000CBDD01086C
:106AC80000000000CBDD010800000000CBDD01085C
:106AD80000000000CBDD010800000000CBDD01084C
:106AE80000000000CBDD010800000000CBDD01083C
:106AF80000000000CBDD010800000000793A000822
:106B080000000000CBDD010800000000CBDD01081B
:106B180000000000CBDD010800000000CBDD01080B
:106B280000000000CBDD010800000000CBDD0108FB
:106B380000000000CBDD010800000000CBDD0108EB
:106B480000000000CBDD010800000000CBDD0108DB
:106B580000000000CBDD010800000000CBDD0108CB
:106B680000000000CBDD010800000000CBDD0108BB
:106B780000000000CBDD010800000000CBDD0108AB
:106B880000000000CBDD010800000000CBDD01089B
:106B980000000000CBDD010800000000CBDD01088B
:106BA80000000000CBDD010800000000CBDD01087B
:106BB800500B0024C0A7002400040000253500085D
:106BC8000000000000000000000000000E000000AF
:106BD800000000000B9A03080000000000000000FD
:106BE800280C002400AC0024000400009DAF01081C
:106BF800000000000000000000000000FFFFFFFF91
:106C080000000000912304080000000000000000BC
:0C6C1800853A0008453F0008E40C00002D
:106C2400F9E2010885E20108CD4E000891E201086D
:106C34009BE20108A94E0008C54D0008A7E201081F
:046C4400000000004C
:106C48005D500008E1E4010853E401080000000079
:086C5800000000000000000034
:106C6000B5E90108D7E90108F3E9010811EA0108CB
:106C700001440008BD4300080000000081420008F4
:0C6C800000000000000000008D4700082C
:106C8C00194B0008594B00080000000000000000E0
:106C9C0000000000000000006BE201080000000092
:106CAC00F9E101082FE2010800000000414A000848
:106CBC0045480008C9480008DDE001080000000054
:106CCC0061E001080000000000000000B1E00108D4
:086CDC0069E0010855E0010820
:0C6CE400452500085D26000800000000A7
:106CF000E1EA0108ABEA010851EA01081D5D00085C
:046D000003EB010898
:106D0400339D0308030000005B91030803000000A7
:106D1400419E03080300000081950308030000005E
:106D2400739A0308030000005AA403080300000038
:106D3400D7A4030803000000AAA10308030000006D
:106D440050A203080300000097A2030803000000F8
:106D540049A30308030000000B9A03080300000082
:106D6400B591030803000000B99103080300000073
:106D7400E1920308030000003EA50308030000009D
:106D840049A50308030000007799030803000000E5
:106D94000CA0030803000000802404080300000082
:106DA400379D0308030000006C91030803000000F2
:086DB400FFA503080300000025
:106DBC00C86E030810020024D092030801000000E2
:0C6DCC00A86603087B5B0308E866030868
:106DD800010000E0010000E0010000E0010000E027
:106DE800FDE302080000000035E402085DE4020843
:106DF8000000000095E402083F3F0037FFFB0D7ECE
:106E0800770100010040750000FFFB107D7701004D
:106E1800410001210000000005000000286E030861
:106E280000000008809103082600020600000024E4
:106E38008691030824000B110000F01F8B910308B2
:106E48002400041100000430929103081A0008116C
:106E5800000004309F9103080E000401100700246D
:106E68000001000091DA010827DA01080200000099
:106E780041DC0108000000000000000000000000E4
:106E880000000000B0920308B89203080000000058
:106E98000000000000000000C0920308C49203082C
:106EA800C8920308CC920308B86E0308148F002414
:106EB800152500082C8F0024F793002401000000FA
:106EC80001DD0108F7DC0108C5DC0108B9DC0108AF
:106ED80000000000ADDC010800000000EA92030891
:106EE800000000900000000400000001FA9203086E
:106EF800000000D0000000020000200088630308A2
:106F0800E863030884110000E4000000100000009A
:106F180004000000FF00000010000000FF00000057
:106F2800020000000000000000000000FFFFFFFF5B
:106F3800000000240000000000000B06006002585A
:106F4800FDDE0108886F030801000000000003004F
:106F5800906F0308000002000300090011002100DF
:106F6800410084012B030001020500000CE28000AF
:106F78000CE275000CE266000CE253000CE24700DC
:106F8800E000000000000001986F03080000000006
:106F98000021024000000000DC6F0308010000002F
:106FA80000000300E46F030800000200030009006A
:106FB80011002100410084012B030001020500009B
:106FC8000CE280000CE275000CE266000CE2530053
:106FD8000CE24700D800000020000000EC6F030816
:106FE8000000000000200240E7DE010830700308BE
:106FF80001000000000003003870030800000200D0
:107008000300090011002100410084012B03000145
:10701800020500000CE280000CE275000CE266003C
:107028000CE253000CE24700D800000020000000EA
:10703800407003080000000000000000200000006D
:10704800400000006000000080000000A000000078
:10705800C0000000E0000000000100002001000066
:1070680040010000000000000100000002000000D4
:1070780003000000040000000500000006000000F6
:107088000700000008000000090000000A000000D6
:107098000B0000000C0000000D0000000E000000B6
:1070A8000F000000060000000C00000012000000A5
:1070B8001800000000010000060100000C0100009B
:1070C8001201000018010000000200000602000082
:1070D8000C02000012020000180200000003000069
:1070E8000603000020030000E0010000000000008B
:1070F80000000000000000000000000020710308EC
:1071080001000000E863030883110000000000008C
:1071180049E1010800000000E40000000800000048
:1071280048660308A86403080300000048640308CD
:107138000C0000000200E001200300005A000000DB
:10714800FFFF0000002802580A000000E0000000CD
:1071580000040000FFFF000000240258090000009E
:10716800E000000000020000FFFF000000200258BD
:1071780008000000E000000000010000FFFF000020
:10718800001C025807000000E0000000800000001A
:10719800FFFF00000018025806000000E000000091
:1071A80040000000FFFF0000001402580500000026
:1071B800E000000020000000FFFF0000001002585F
:1071C80004000000E000000010000000FFFF0000C5
:1071D800000C025803000000E00000000800000056
:1071E800FFFF00000008025802000000E000000055
:1071F80004000000FFFF0000000402580100000026
:10720800E000000002000000FFFF0000000002583C
:1072180000000000E0000000010000002DE401086B
:107228004472030801000000001C0058801A060080
:107238004C7203086C72030800000000F4000000A0
:107248008000000054720308010000005C7203080B
:10725800020000008407000040020000A4070000AC
:1072680040020000000000000000000000000000D4
:107278002866030838000000000000000000000035
:1072880028640308070001001E0000000100000038
:10729800A8720308D00B00243D5600080000000027
:1072A800286503080D0000008F0000000040005210
:1072B800C472030801000000CC720308D400000067
:1072C80000100000D472030801000000DC720308FB
:1072D800390000000C080000800300002C080000A2
:1072E800800300008C10000080030000AC10000038
:1072F800800300000C0D000080030000AC0E0000AD
:1073080080030000EC0E000080030000CC0E00009B
:10731800800300006C0B000080030000EC0D0000EF
:10732800800300000C0A0000800300002C0A000003
:10733800800300004C0A0000800300006C0A000073
:10734800800300008C0A000080030000AC0A0000E3
:10735800800300008C0B000080030000AC0B0000D1
:1073680080030000CC0B000080030000EC0B000041
:10737800800300000C0C0000800300002C0C0000AF
:10738800800300004C0C0000800300008C0C0000FF
:1073980080030000AC0C000080030000CC07000054
:1073A80080030000EC070000800300000C060000CA
:1073B800800300002C06000080030000EC08000099
:1073C800800300000C090000800300002C09000065
:1073D800800300004C090000800300006C090000D5
:1073E800800300008C09000080030000AC09000045
:1073F80080030000CC09000080030000EC090000B5
:10740800800300000C070000800300002C07000028
:10741800800300004C070000800300000C0F0000F0
:10742800800300002C0F0000800300004C0F0000B8
:10743800800300006C0F0000800300008C0F000028
:1074480080030000AC0F000080030000CC0F000098
:1074580080030000EC0F0000800300000C10000007
:10746800800300002C100000800300004C10000076
:10747800800300006C10000080030000CC100000A6
:1074880080030000EC100000800300002C110000B5
:10749800800300004C1100008003000040410052AE
:1074A80064000000080020025B020000BC740308AE
:1074B80001000000010000000100000004000000BD
:1074C8002000000040000000000100000000000053
:1074D800000800000010000000000000020000008A
:1074E8000600000004000000060000000200000082
:1074F80002000000020000006865030848650308F0
:107508002865030808650308E8640308C8640308D5
:10751800A8640308886403086864030848640308C7
:1075280028640308000000000000000000000000BC
:107538000000000000000000000000000000000043
:107548000000000000000000000000000000000033
:107558000000000000000000000000000000000023
:1075680000440258007C0040E86303081F12000032
:1075780090750308010000000000000000000000F2
:107588000000000098750308E80000000000008073
:10759800A075030801000000A87503080200000098
:1075A800081300000002000028130000000000007B
:1075B80000100140E863030804130000DC750308A9
:1075C80001000000000000000000000000000000B2
:1075D800E4750308F000000010000000EC750308D3
:1075E80001000000F47503080200000027010000F4
:1075F8000002000047010000000000000000000039
:10760800E7F60108DB0002086FFD01080000000032
:107618000AA603088000000080000000CA020000DB
:1076280059D0000801CE000800000000100000003A
:107638000300000000FF01004C7603080000000072
:107648000000000043B303089C760308747603081F
:107658006476030810000228000000005AA60308F8
:10766800A5B2030807B203083D310000200000005E
:107678005F000100000000000000000000000200A0
:10768800B0000000F3F76000468B0308000000001C
:107698003E00030000000000000000000000C003DE
:1076A800000000000000C003030A00000F0080056E
:1076B800050500051C00D0090A0A00004E00B008A4
:1076C800090F00FE9200D00B0C0A0000CE00A009A2
:1076D8000A0B00FF0501F002030500050D01B004C7
:1076E800040E01FD2901C004040E00FD4501A0059A
:1076F8000606000557012008080700027301300339
:10770800030500FE7B0160050503000383013003C8
:10771800030300008801F004070EFFFFB9015009B8
:10772800090A0000E6013005040A0000FA01100801
:10773800080A000022020008080A00004A0260093C
:107748000A0A00007C021008080A0000A402A00827
:10775800090A0000D1026008080A0000F9020009BD
:10776800090A00002603A008080A00004E03300397
:10777800030800005A033003030B00FD6B032008C5
:10778800080800018B03200808060002A30320084C
:1077980008080001C3030008080A0000EB03800E74
:1077A8000E0D00FD4604400A0C0AFF008204A00AE0
:1077B800090A0100AF04200A0A0A0000E104900B3C
:1077C8000A0A010013056009080A01003B05E008E0
:1077D800080A01006305D00A0A0A00009505600B33
:1077E800090A0100C2055004020A0100CC0530074D
:1077F800070AFF00EF05100A0A0A010021065008CF
:10780800080A01004906600D0B0A01008006600B9A
:10781800090A0100AD06C00B0C0A0000E906200A9F
:10782800090A01001607C00B0C0D00FD6407300A99
:10783800090A01009107B008090A0000BE073008CC
:10784800090A0000EB07100B090A01001808F009E3
:107858000B0AFF004F08C00F100A00009F087009AC
:107868000A0A0000D10810090B0AFF0008093009AC
:10787800090A00003509B004040E01FD5109F0049D
:10788800070EFFFF8209B004040E00FD9E093008B0
:1078980007060102B3090007070100FFB7096008DE
:1078A80005020109BC09600808080000DC09900904
:1078B800080B0100080A000808080000280A9009B7
:1078C800090B00005A0A9008080800007A0AF00418
:1078D800060B00009B0AB009090B00FDCD0A9009B0
:1078E800080B0100F90AE003020B0100040B000475
:1078F800050EFEFD270BA008080B0100530BE00343
:10790800020B01005E0BD00E0D080100920B9009CE
:1079180008080100B20BE00809080000D60B90091E
:10792800080B01FD020C9009090B00FD340CC00581
:1079380005080100480C000707080000640CD00582
:10794800060A0000820C800908080100A20CD00772
:107958000908FF00C60C900C0D080000FA0CC007BF
:10796800080800001A0DD007090BFFFD4C0D500741
:1079780007080000680DF004050E00FD8B0D3004AB
:10798800020E01FD990DF004050E00FDBC0D200846
:1079980008030003C80DE00506050006D70D6004BE
:1079A80004030003DD0D000E0F0FFFFE4E0E000E48
:1079B8000E0B00009B0E000E0E0D00FFF60E000EC3
:1079C8000E0B0000430FA0090A0B00007A0F000EEF
:1079D8000E0F00FEE30F000E0E0F00FE4C10C00F3E
:1079E800100D00FFB410000E0E0F00FE1D11C00F89
:1079F800100B00007511000E0E0F00FEDE110007BF
:107A0800070C00FF0812800A0B0C00FF4A12C00F77
:107A1800100E00FEBA12000E0E0B00000713A0098C
:107A28000A0F00FE5213400C0A0E01FE9813400C78
:107A38000D0F00FEFA13400C0D0D00FF4F14400C03
:107A48000D0D00FFA414400C0A0E01FEEA14400CB0
:107A58000E0DFFFF4515C008090D00FF8015C00871
:107A6800090D00FFBB15400C0D0D00FF1016400C52
:107A78000D0400032A16C00F100B00008216801197
:107A8800120F00FE0917C00F110FFFFE8917000E15
:107A98000E0D00FFE417400C0D0800011818400CEB
:107AA8000D0800014C188011120B0000AF18000ED1
:107AB8000E0B0000FC18000E0E0F00FE6519000EDC
:107AC8000F0FFFFED619400C0D0D00FF2B1A400CAE
:107AD8000D0F00FE8D1A400C0D0D00FFE21A400C30
:107AE8000D0C00FF301B000E0E0B00007D1BC008A4
:107AF8000A0FFFFEC81B400C0D0F00FE2A1C400C8D
:107B08000D0F00FE8C1CC00F100B0000E41C000EB3
:107B1800100FFFFE5C1D800A0B0F00FEAF1D8011C9
:107B2800120D00FF241E8011120A00007E1E801113
:107B3800120A0000D81E8011120A0000321F80119C
:107B4800120A00008C1F8011120A0000E61F801123
:107B5800120C00FF5220400C0C0F00FEAC20400C11
:107B68000D0F00FE0E21000E0F0FFFFE7F2180116A
:107B7800120B0000E221800A0B0F00FE3522100EC6
:107B88000F0A000059D0000801CE000800000000CC
:107B9800150000000400000000FF0100B07B03088E
:107BA8000000000000000000ACE20308007C0308AD
:107BB800D87B0308C87B03081000022800000000D7
:107BC800C3D503080EE2030870E103083D31000045
:107BD800200000005F00010000000000000000001D
:107BE80000000200B0000000F3F76000C28B030839
:107BF800000000003E00030000000000000000003C
:107C08000000D004000000000000D004030D0100B3
:107C180014001007050601072300A00C0D0D000035
:107C28007800300B0B1200FEDB00300F0F0D000048
:107C38003D01600C0D0E00FF9801C003020601070C
:107C48009E011006051201FCCB011006051200FC6E
:107C5800F8013007070700071102800A0909010225
:107C68003A021004040600FD4602E006050201047B
:107C78004B02100404030000510250060812FFFED4
:107C88009902000C0C0D0000E702B006050D00007B
:107C98000803500A0A0D00004903500A0A0D0000A3
:107CA8008A03100C0C0D0000D803500A0A0D0000BE
:107CB8001904200B0B0D00006104C00A0B0D000015
:107CC800A904900B0B0D0000F104200B0B0D000014
:107CD80039051004040A00004D051004040D00FDC8
:107CE8006705800A090901029005800A090701034E
:107CF800B005800A09090102D905500A0A0D0000D9
:107D08001A06A012121100FCB306300D0F0DFF0069
:107D18001507A00D0C0D01006307000D0D0D0000E7
:107D2800B807E00E0D0D01000D08100C0B0D010039
:107D38005508700B0A0D01009608E00D0D0D0000A6
:107D4800EB08A00E0C0D010039099005030D010088
:107D58004D094009090DFF008809F00C0C0D0100C0
:107D6800D609B00A0A0D0100170A30110F0D0100DB
:107D7800790AA00E0C0D0100C70A200F0F0D000094
:107D8800290B000D0C0D0100770B200F0F1000FDC3
:107D9800EF0B100D0C0D01003D0C300B0B0D00000E
:107DA800850C900A0B0D0000CD0C400E0C0D010047
:107DB8001B0DD00C0E0DFF00760D4014140D0000A5
:107DC800F80D200C0C0D0000460EA00B0D0DFF0049
:107DD8009B0ED00B0C0D0000E90E0006051201FCED
:107DE800160F50060812FFFE5E0F0006051200FC73
:107DF8008B0F800A09080103AF0F0009090200FE72
:107E0800B80FD00A0503020BC00FC00A0A0A000007
:107E1800F20F400C0B0E01003F10400A0A0A000046
:107E28007110400C0B0E0000BE10000B0B0A000076
:107E3800F5106006070E00002611700C0B0E00FCF2
:107E48007311400C0A0E0100B9110005030E010060
:107E5800CE1120050612FEFC0412100B0B0E0100B9
:107E680051120005030E010066120013110A0100E9
:107E7800BB12400C0A0A0100ED12700B0B0A00003D
:107E88002413400C0B0E01FC7113400C0B0E00FC6C
:107E9800BE136007060A0100DC130009090A000086
:107EA80009147007070C00003314300C0A0A01008B
:107EB8006514100A0C0AFF00A1143010110A000002
:107EC800F614F0090A0A00002815100A0C0EFFFC27
:107ED8007C156009090A0000A9155006051201FC65
:107EE800D6156005031201FCF1155006061200FCB8
:107EF8002716800A090501043E16900707070006A1
:107F08005716A005040401035F160012131300FDA1
:107F180014170012120E000092170012121100FE20
:107F28002B180012120E0000A918600C0D0D00008D
:107F3800FE180012131200FEA9190012121300FDF8
:107F4800541A4014151100FE071B0012121300FDED
:107F5800B21B4014150E0000451C0012121300FD40
:107F6800F01C0009090F00FF341D800D0E0F00FFE3
:107F78009D1D4014151200FE5A1E0012120E00001C
:107F8800D81E600C0D1300FD541FC00F0C1102FE0B
:107F9800BA1FC00F101300FD5220C00F101100FEB1
:107FA800DA20C00F101100FE6221C00F0C1102FE72
:107FB800C821C00F1211FFFE6122400B0B1000FFF9
:107FC800B922400B0B1000FF1123C00F101100FE47
:107FD8009923C00F10040005B9234014150E0000A2
:107FE8004C248016171300FD272540141613FFFD97
:107FF800F8250012121100FE9126C00F100A000287
:10800800E126C00F100A000231278016180FFFFF63
:10801800E5270012120E000063280012121300FD5B
:108028000E2900121313FFFDC329C00F101100FE03
:108038004B2AC00F101300FDE32AC00F101100FED9
:108048006B2BC00F100F00FFE32B0012120E000065
:10805800612C400B0D13FFFDDD2CC00F101300FD2C
:10806800752DC00F101300FD0D2E4014150E0000C5
:10807800A02E00121414FFFD682F800D0E1300FDB2
:10808800ED2F8016171200FEBC308016170C000169
:1080980046318016170C0001D0318016170C0001EC
:1080A8005A328016170C0001E4328016170C0001B2
:1080B8006E338016170F00FF1B34C00F0E1301FD1F
:1080C800A034C00F101300FD383500121313FFFD44
:1080D800ED358016170E00008E36800D0E1300FD4C
:1080E80013372012130C0001E5E3020845070108C5
:1080F8001BE10208CBE102084BE30208FDE202089B
:1081080093E2020841E2020895E1020825E102082B
:10811800E1060108E5E30208010701081BE102087E
:10812800CBE102084BE30208FDE2020893E20208F1
:1081380041E2020895E1020825E10208E10601088A
:10814800EB040308C90403089F040308D9050308BE
:10815800C7030308570503089103030804760308B7
:10816800093C010800000000793C010800000000FB
:108178005D1D04080000000000000000010600006A
:108188000476030867110308E11003089147010802
:1081980000000000641D0408000100000C0000003D
:1081A8004007000004760308571203080000000087
:1081B80000000000000000006B1D0408FFFFFF3FE7
:1081C800FFFFFF3FC402000004760308654E010864
:1081D8008F120308E94E010800000000751D04080D
:1081E800000100008000000085040000851D0408CF
:1081F8008A1D04088F1D04083A920308941D040878
:10820800991D04083B9203089E1D0408A11D04083B
:10821800A41D0408A71D0408AA1D0408AD1D040810
:10822800B01D040804760308E954010800000000A2
:108238000000000000000000B31D0408C00000009A
:10824800C0000000C4460000CD1D0408D51D040868
:10825800DE1D0408E41D0408EA1D0408EE1D0408D8
:10826800F31D0408F81D0408FF1D0408091E04086E
:10827800111E04081A1E040804760308ED550108A7
:10828800000000000000000000000000231E040899
:10829800640000202A0000000000000004760308A3
:1082A8008D570108000000000000000000000000D9
:1082B800D120040864000020FFFFFF3F00000000F9
:1082C80004760308071A03089B1903081D580108B8
:1082D80000000000ED2004086400002000010000F8
:1082E8008007000004760308196001087F2203084C
:1082F800596001080000000000210408FFFFFF3F4B
:10830800FFFFFF3F44030000047603080525030828
:1083180097240308FD610108000000002B210408D0
:1083280000000000000000000003000004760308BD
:108338008961010837250308B963010800000000B6
:108348003C21040880000000FFFFFF3F05050000F6
:108358000476030835650108352D0308CD65010845
:108368000000000048210408FFFFFF3FFFFFFF3F18
:10837800C0050000AB200408CF2004082921040808
:10838800602104083A920308971D0408032304088F
:108398005FA403084D1D04083A92030876210408D7
:1083A80058A40308782104086E2104083A920308A7
:1083B800722104087F950308598F0308BF1D04081C
:1083C800C31D04083B920308AB200408CF2004080F
:1083D80029210408971D0408032304085FA403083F
:1083E8007621040858A40308782104087F95030817
:1083F8006E2104083A920308512104087A210408DE
:108408007C2104086C920308759903087E210408EE
:108418008021040835940308822104085A2104089D
:1084280084210408862104083A9203088821040854
:108438008A2104088C210408799803080CA20308EF
:108448008E2104084B1D0408902104089221040879
:108458009421040896210408982104083A920308F4
:1084680060210408BF1D040881920308C31D040885
:108478004D1D04083B920308592104089A21040859
:1084880023A603083D1A04084A1A04089C21040874
:108498009E210408A0210408A2210408B2A303080D
:1084A800BD9803086E2104083A9203085121040874
:1084B800A4210408A6210408A82104089D91030802
:1084C800AA21040884910308AC210408AE210408F9
:1084D800B02104086A2104083A920308B22104086A
:1084E80074210408B4210408B6210408572104089B
:1084F800B8210408BA210408371A04088991030826
:10850800598F0308BC210408BE2104083A920308C5
:108518005C210408BF1D040881920308C31D0408D8
:108528004D1D04083B920308592104088A240408B5
:1085380064230408A81D0408AE1D0408C09103089C
:10854800EC1D0408619C0308DEA10308A21D0408B1
:10855800682204086E2104083A9203085521040889
:10856800B11D0408CB1D0408ABA40308CA92030874
:10857800CE920308AB1D04080FA603084EA40308F7
:10858800132304086A2104083A920308B221040854
:1085980074210408C02104089F96030886920308E2
:1085A800C2210408C42104084A9B03083F92030817
:1085B800598F0308BC210408BE2104083A92030815
:1085C80060210408BF1D040881920308C31D040824
:1085D8004D1D04083B920308D0810308816B0108F4
:1085E800000000000000000000000000C621040890
:1085F8006400002032000020010500000476030812
:108608007D750108C5320308D17501080000000016
:10861800D7210408FFFFFF3FFFFFFF3F8006000050
:1086280004760308FD36030800000000D979010824
:1086380000000000E02104081900000019000000F3
:1086480000030000047603086137030800000000F7
:10865800B57D010800000000E7210408FFFFFF3F87
:10866800FFFFFF3F800300000486030800000000AE
:10867800000000000000000000000000EF210408D6
:1086880064000020FFFFFF3F00000000AC810308EA
:1086980000000000000000000000000000000000D2
:1086A800FC21040864000020FFFFFF3F00000000D9
:1086B800047603080000000000000000000000002D
:1086C800000000000B220408C000000000010000A8
:1086D800000000000476030800000000000000000D
:1086E8000000000000000000000000000000000082
:1086F80000000000000000000476030800000000ED
:108708000000000000000000000000000000000061
:1087180000000000000000000000000004760308CC
:108728000000000000000000000000000000000041
:108738000000000000000000000000000000000031
:10874800047603080000000000000000000000009C
:108758000000000000000000000000000000000011
:10876800000000000476030800000000000000007C
:10877800000000000000000013220408FFFFFF3F74
:10878800FFFFFF3F0000000004760308833703085B
:10879800000000000000000000000000252204087E
:1087A80064000020FFFFFF3F00000000047603087C
:1087B8009B370308000000000000000000000000D4
:1087C8003522040864000020FFFFFF3F000000007E
:1087D800047603082B3803080F380308000000004C
:1087E800000000004222040864000020FFFFFF3F51
:1087F8004003000004760308517F01087B37030813
:1088080000000000000000004F220408C000000023
:1088180000010000C0060000047603080000000004
:1088280000000000000000000000000057220408BB
:108838006400002064000020C002000004760308E1
:108848000000000000000000000000000000000020
:108858006A2204082A00000064000020C402000004
:10886800047603080000000000000000000000007B
:108878000000000082220408FFFFFF3F6400002080
:10888800C402000004760308000000000000000095
:1088980000000000000000009A2204086400002084
:1088A8002A000000C002000004760308000000004F
:1088B800000000000000000000000000AB220408D7
:1088C80064000020FFFFFF3FC00200000476030899
:1088D8000000000000000000000000000000000090
:1088E800BD220408640000202A000000C002000025
:1088F80004760308000000000000000000000000EB
:1089080000000000CE22040800010000FFFFFF3F26
:10891800C0030000048603080000000000000000F7
:10892800C5810108000000000523040800000000BC
:108938000000000080060000047603084183010857
:10894800000000008D8301080000000015230408C2
:10895800FFFFFF3F800000000504000004760308C5
:10896800DD87010851410308658F010800000000F8
:108978001F2304080000000000000000410600005A
:10898800888103080F49030800000000E98F0108E7
:108998000000000028230408000000000000000078
:1089A800450A0000608A0308A99401080000000035
:1089B800F994010800000000322304088000000038
:1089C800000000008108000064810308494F030883
:1089D8000000000000000000000000003D23040823
:1089E80000000000000000000000000004760308FA
:1089F8007F4F0308774F0308059701080000000020
:108A080048230408330000001E000000440300004F
:108A180004760308BB52030865520308BD9C01088D
:108A28000000000052230408FFFFFF3FFFFFFF3F45
:108A380085040000047603083DA00108000000003A
:108A480089A10108000000005B23040864000020DD
:108A5800640000204003000004760308EDA4010828
:108A6800095603086DA90108000000006A230408DC
:108A7800000100008000000045070000047603089C
:108A880045AE0108000000000000000000000000E2
:108A98007623040800000000000000000003000026
:108AA8000476030805AE010800000000000000007D
:108AB800000000007E230408000000000000000001
:108AC800000300000476030861AE010800000000FE
:108AD80000000000000000008A2304086400002051
:108AE80064000020C00200001005002400000000FF
:108AF800000001003624040844240408582404080B
:108B08006724040873240408586203085862030899
:108B1800F862030800630308806303088863030896
:108B28008324040800010000000000000010000079
:108B38000030100040000004100040000004000055
:108B4800721F51EF58EF5BEF5CEF5DEF61EF63EF82
:108B580065EF69EF6CEF71EF76EF77EF78EF8EEFF7
:108B680093EF98EF9BEF9CEF9DEFA1EFA2EFA3EFA0
:108B7800A4EFB7EFB8EFBEEFC0EFC1EFC4EFC7EF98
:108B8800C8EFC9EFCBEFE3EFE5EF14F015F017F0FE
:108B980019F030F037F03AF043F06CF074F0ABF0C5
:108BA8003BF190F191F192F193F194F1D7F1E3F166
:108BB8003DF254F2AAF412F7F2F70000721F51EFD7
:108BC80058EF5BEF5CEF5DEF61EF63EF65EF69EF27
:108BD8006CEF71EF76EF77EF78EF8EEF93EF98EF1A
:108BE8009BEF9CEF9DEFA1EFA2EFA3EFA4EFB7EFF0
:108BF800B8EFBEEFC0EFC1EFC4EFC7EFC8EFC9EFE2
:108C0800CBEFE3EFE5EF14F015F017F019F030F0C3
:108C180037F03AF043F06CF074F0ABF03BF190F1C0
:108C280091F192F193F194F1D7F1E3F13DF254F21D
:108C3800AAF412F7F2F70400100000011000400037
:108C4800000400003C027804B306EE08280B610D0E
:108C5800990FD01106143A166C189D1ACB1CF71EE2
:108C6800212148236C258E27AC29C72BDF2DF32F14
:108C78000332103418361D381C3A183C0E3E00409A
:108C8800ED41D443B74594476B493D4B084DCE4E13
:108C98008E504752FA53A6554C57EB58825A135CDC
:108CA8009D5D1F5F9A600E627A63DE643A668E6726
:108CB800DA681E6A5A6B8D6CB86DDA6EF46F0471DF
:108CC8000D720C730274EF74D375AE7680774878A2
:108CD8000779BC79687A0B7BA37B337CB87C347DBD
:108CE800A67D0E7E6D7EC17E0C7F4C7F837FB07F1C
:108CF800D37FEC7FFB7F008001000100010022038D
:108D0800010001000100220301000100010002002E
:108D18000100010001000100010001040104010437
:108D28000104010401040104010401040104020115
:108D380022030104010401040104010401040104E3
:108D480001040104010401040104010401040104F3
:108D580001040104010401040104010401040104E3
:108D6800220302010600020122032503040404046D
:108D780004040404040404040404040404040404AB
:108D88000701260303040304030403040304030480
:108D98000304030403040701010501050104010498
:108DA8000104010401040104010401050105010590
:108DB800220302010600020122032503040404041D
:108DC800040404040404040404040404040404045B
:108DD8000701260303040304030403040304030430
:108DE8000304030403040701010501050104010448
:108DF8000104010401040104010401050105010540
:108E08002203020106000201220353656C656374A4
:108E1800206E657720616464723A202564202855A5
:108E2800502F444F574E2C20707265737320746F07
:108E380020636F6E6669726D2C20436865636B20D2
:108E480063616E63656C7329004368616E676520B2
:108E580063616E63656C656400466F756E6420635C
:108E68006F6E74726F6C6C6572206174202575204A
:108E7800285258202564206279746573290A0041B4
:108E88006464722025753A206E6F207265706C7963
:108E98000A00416464722025753A2073686F727401
:108EA800207265706C792028256420627974657356
:108EB800290A005363616E6E696E672E2E2E004379
:108EC8006865636B696E6720616464722025752E1E
:108ED8002E2E00436F6E74726F6C6C657220616425
:108EE8006472657373206973202575005363616E1E
:108EF80020636F6D706C6574652E204E6F206465FD
:108F080076696365732E0046696E64696E672063CF
:108F1800757272656E7420616464722E2E2E004321
:108F280068616E6765206661696C65643A206E6F7A
:108F38002064657669636520666F756E64004368B2
:108F4800616E67696E67202564202D3E2025642E9A
:108F58002E2E004368616E67652061646472202567
:108F6800752D3E25753A206E6F207265706C790AF2
:108F7800004368616E676520616464722025752D01
:108F88003E25753A2052582025642062797465730D
:108F98000A00537563636573733A206E6F772061B7
:108FA800742025642028776173202564290057617F
:108FB800726E3A20726573706F6E647320617420EC
:108FC800626F746820256420616E64202564004601
:108FD80061696C65643A207374696C6C20617420F3
:108FE80025642C206E6F74206174202564004E6FF8
:108FF80020726573706F6E73652061667465722088
:109008006368616E676520617474656D707400448F
:109018006973706C6179206E6F7420726561647910
:109028000A005541525438206E6F7420726561648D
:10903800790A00554152543820636F6E6669677526
:109048007265206661696C65640A00414443332097
:109058006E6F742072656164790A0052532D34383A
:109068003520436F6E74726F6C6C657220546F6F2D
:109078006C7300436865636B204164647265737345
:10908800004368616E6765204164647265737300AC
:1090980043656E7465722063616C6962726174699C
:1090A8006F6E3A20583D25642020593D25640A00FA
:1090B80028756E7369676E6564292063686172201C
:1090C8002A207573656420666F72202525702061DB
:1090D8007267756D656E742E2049742773207265EA
:1090E800636F6D6D656E64656420746F2063617372
:1090F8007420697420746F20766F6964202A206256
:10910800656361757365206974206D617920636199
:10911800757365206D69736265686176696F722021
:10912800696E206365727461696E20636F6E66692B
:109138006775726174696F6E732E20537472696EED
:10914800673A2225732220617267756D656E743ADD
:1091580025640063627072696E74665F7061636B28
:109168006167650073746D33325F6261636B75703C
:109178005F646F6D61696E00464C415348005352FD
:10918800414D0053595354454D005352414D5F458D
:1091980054485F425546005352414D5F4554485F1D
:1091A80044455343006C6F6767696E67006C6F676F
:1091B800006C6F675F6D676D74004D6573736167F1
:1091C80065202822257322292064726F70706564D7
:1091D80020626563617573652069742065786365CD
:1091E8006564732073697A65206C696D697461744C
:1091F800696F6E2028257529004D65737361676551
:109208002064726F70706564206265636175736550
:1092180020697420657863656564732073697A656D
:10922800206C696D69746174696F6E2028257529D1
:10923800000D0A001B5B306D00257320005B253094
:10924800386C755D20005B253032753A25303275F3
:109258003A253032752E253033752C253033755D1F
:10926800200025732F003C25733E200025733A20EB
:1092780000253032782000202020007C0025630063
:10928800206D657373616765732064726F707065B4
:1092980064202D2D2D0D0A1B5B306D001B5B313BAF
:1092A80033316D2D2D2D20001B5B313B33316D008B
:1092B8001B5B313B33336D006572720077726E0051
:1092C800696E6600646267006C6F675F6261636BFA
:1092D800656E645F75617274006C6F675F7561724B
:1092E80074006D656D6F72794039303030303030D0
:1092F8003000736472616D4064303030303030302B
:109308000044534920686F737420737570706F72CE
:10931800747320766964656F206D6F6465206F6E65
:109328006C7921005365747570204453492076691F
:1093380064656F206D6F6465206661696C65642182
:1093480020282564290053746172742044534920ED
:10935800686F7374206661696C65642120282564D0
:1093680029005374617274204453492070617474E5
:1093780065726E2067656E657261746F72206661D2
:10938800696C656421202825642900556E73757001
:10939800706F72746564206D65737361676520749E
:1093A8007970652028256429005472616E7366659A
:1093B80072206661696C6564212028256429006330
:1093C8006C6F636B20636F6E74726F6C206465766C
:1093D800696365206E6F7420726561647900456EFB
:1093E80061626C65204453492070657269706865D4
:1093F80072616C20636C6F636B206661696C656475
:10940800212028256429004E756D626572206F66DB
:1094180020445349206C616E6573202825642920F7
:109428006E6F7420737570706F7274656421004775
:10943800657420706978656C20636C6F636B206657
:1094480061696C65642120282564290047657420BA
:1094580048534520636C6F636B206661696C656473
:109468002120282564290044534920545820657335
:109478006361706520636C6F636B206469736162FC
:109488006C65642E0044534920696E6974206661D6
:10949800696C65642120282564290053657420447B
:1094A800534920686F73742074696D656F757473A0
:1094B800206661696C65642120282564290053654C
:1094C8007420445349205048592074696D696E6767
:1094D80073206661696C656421202825642900531E
:1094E800657475702044534920666C6F7720636FEC
:1094F8006E74726F6C206661696C65642120282522
:10950800642900536574757020445349204C5020D9
:1095180052582066696C746572206661696C65646E
:109528002120282564290053657475702044534907
:10953800206572726F72206D6F6E69746F7220662B
:1095480061696C6564212028256429005365747558
:10955800702044534920686F7374206661696C6594
:109568006421202825642900647369686F73744036
:109578003530303030303030006473695F73746D6B
:1095880033320072302F61313A202030782530385C
:1095980078202072312F61323A20203078253038F7
:1095A80078202072322F61333A20203078253038E5
:1095B800780072332F61343A20203078253038789B
:1095C800207231322F69703A20203078253038786F
:1095D800207231342F6C723A202030782530387858
:1095E8000020787073723A2020307825303878005F
:1095F8004661756C74696E6720696E737472756301
:1096080074696F6E206164647265737320287231A7
:10961800352F7063293A2030782530387800556E18
:1096280068616E646C6564204952516E3A20256405
:10963800002A2A2A2A2A20425553204641554C54AA
:10964800202A2A2A2A2A002020537461636B696E13
:1096580067206572726F72002020556E73746163A3
:109668006B696E67206572726F7200202050726598
:109678006369736520646174612062757320657223
:10968800726F720020204246415220416464726524
:1096980073733A2030782578002020496D70726500
:1096A80063697365206461746120627573206572F3
:1096B800726F72002020496E737472756374696FDB
:1096C8006E20627573206572726F72002020466C7E
:1096D8006F6174696E672D706F696E74206C617A42
:1096E8007920737461746520707265736572766130
:1096F80074696F6E206572726F72002A2A2A2A2A8C
:10970800205553414745204641554C54202A2A2A82
:109718002A2A0020204469766973696F6E2062796D
:10972800207A65726F002020556E616C69676E65DE
:1097380064206D656D6F7279206163636573730072
:1097480020204E6F20636F70726F636573736F7242
:1097580020696E737472756374696F6E730020206C
:10976800496C6C6567616C206C6F6164206F662062
:109778004558435F52455455524E20696E746F20C8
:109788005043002020496C6C6567616C20757365D7
:10979800206F662074686520455053520020204190
:1097A8007474656D707420746F2065786563757462
:1097B8006520756E646566696E656420696E73748C
:1097C80072756374696F6E002A2A2A2A2A204D50FE
:1097D80055204641554C54202A2A2A2A2A0020205E
:1097E800537461636B696E67206572726F722028AB
:1097F800636F6E746578742061726561206D696746
:109808006874206265206E6F742076616C696429C3
:10981800002020446174612041636365737320569E
:10982800696F6C6174696F6E0020204D4D4641521E
:1098380020416464726573733A203078257800207B
:1098480020496E737472756374696F6E2041636327
:109858006573732056696F6C6174696F6E00526529
:1098680073657276656420457863657074696F6E98
:1098780020280053707572696F757320696E74655E
:109888007272757074202849525120005350534504
:109898004C20696E20746872656164206D6F646520
:1098A80020646F6573206E6F7420696E64696361EC
:1098B800746520505350002A2A2A2A2A20484152E7
:1098C80044204641554C54202A2A2A2A2A0020207E
:1098D800427573206661756C74206F6E20766563BF
:1098E800746F72207461626C652072656164002017
:1098F800204465627567206576656E740020204691
:1099080061756C7420657363616C6174696F6E2036
:10991800287365652062656C6F772900415243485A
:109928005F455843455054207769746820726561D3
:10993800736F6E2025780A002A2A2A2A2A2044656D
:10994800627567206D6F6E69746F722065786365E4
:109958007074696F6E202A2A2A2A2A002A2A2A2A3B
:109968002A20257320256429202A2A2A2A2A006DDC
:109978007075004661696C656420746F20616C6C59
:109988006F63617465206E6577204D505520726550
:1099980067696F6E2025750A005061727469746971
:1099A8006F6E2025753A2073616E6974792063683B
:1099B80065636B206661696C65642E006B5F6D730F
:1099C80067715F676574206572726F723A202564EB
:1099D800004576656E742064726F707065642C2023
:1099E80071756575652066756C6C2C206E6F7420BA
:1099F800626C6F636B696E6720696E207379737729
:109A0800712E00696E707574000A0605050401035D
:109A180001020101010001436C6F636B20636F6EEB
:109A280074726F6C20646576696365206E6F74204C
:109A3800726561647900496E76616C6964206C694D
:109A48006E65206E756D62657220257500696E748D
:109A58006572727570742D636F6E74726F6C6C655D
:109A68007240353830303030303000657874695F96
:109A780073746D333200414443206F76657272759A
:109A88006E206572726F72206F636375727265649F
:109A98002E2055736520444D412C207265647563F2
:109AA8006520636C6F636B20736F757263652066E6
:109AB80072657175656E63792C20696E6372656174
:109AC8007365207072657363616C65722076616C72
:109AD8007565206F7220696E6372656173652073A6
:109AE800616D706C696E672074696D65732E0044D2
:109AF8006966666572656E7469616C2063616C691C
:109B080062726174696F6E206E6F7420646F6E6527
:109B18002C2063616E6E6F742075736520646966AE
:109B2800666572656E7469616C206D6F6465004965
:109B38006E76616C6964206368616E6E656C20671F
:109B480061696E00496E76616C6964206368616E54
:109B58006E656C207265666572656E63650053613B
:109B68006D706C696E672074696D652076616C75BF
:109B780065206E6F7420737570706F727465642ED3
:109B8800004E756D626572206F6620636F6D6D6F34
:109B98006E2073616D706C696E672074696D6520E5
:109BA8006368616E6E656C73206E6F742073757078
:109BB800706F7274656400496E76616C69642073B5
:109BC800616D706C696E672074696D65004144430E
:109BD80020636C6F636B2072617465206765742005
:109BE8006572726F722E0041444320436C6F636B41
:109BF8002072617465206E756C6C004661696C65D5
:109C08006420746F206765742041444320636C6F3F
:109C1800636B206672657175656E637900496E764F
:109C2800616C696420636C6F636B20707265736329
:109C3800616C65722076616C7565004144432063F0
:109C48006C6F636B206672657175656E63792074DD
:109C58006F6F20686967682025750041444320704C
:109C6800696E6374726C20736574757020666169BF
:109C78006C65642028256429004E6F206368616E36
:109C88006E656C732073656C656374656400546FEE
:109C98006F206D616E79206368616E6E656C7320EC
:109CA800666F722073657175656E6365722E204DDF
:109CB80061783A20256400496E76616C6964207287
:109CC80065736F6C7574696F6E0050726F76696436
:109CD80065642062756666657220697320746F6FAB
:109CE80020736D616C6C202825752F257529004916
:109CF8006E76616C6964206F76657273616D706CE5
:109D0800696E670061646340353830323630303010
:109D18000061646340343030323231303000616485
:109D280063403430303232303030006164635F7306
:109D3800746D3332007263634035383032343430F6
:109D48003000446973706C61792064657669636575
:109D5800202573206E6F74207265616479005061EC
:109D6800727469616C2077726974652072657175A7
:109D78006972657320696E7465726E616C206672B3
:109D8800616D652062756666657200436F6E66690F
:109D98006775726174696F6E206F6620646973708D
:109DA8006C6179206F6E2F6F666620636F6E7472B8
:109DB8006F6C204750494F206661696C65640043A9
:109DC8006F6E66696775726174696F6E206F662061
:109DD800646973706C6179206261636B6C69676830
:109DE8007420636F6E74726F6C204750494F206601
:109DF80061696C656400436F756C64206E6F7420D4
:109E0800656E61626C65204C5444432070657269CC
:109E180070686572616C20636C6F636B0064697352
:109E2800706C61792D636F6E74726F6C6C657240C3
:109E3800353030303130303000646973706C61799E
:109E48005F73746D33325F6C746463005069786556
:109E58006C20666F726D6174206E6F7420737570FC
:109E6800706F72746564004661696C65642077720E
:109E78006974696E67207265673A203078257820A2
:109E8800726573756C743A202825642900446973D7
:109E980061626C65206261636B6C696768742066D7
:109EA80061696C656421202825642900456E61621A
:109EB8006C65206261636B6C6967687420666169B0
:109EC8006C65642120282564290052657365742017
:109ED8004750494F20646576696365206973206E31
:109EE8006F7420726561647921005265736574200E
:109EF800646973706C6179206661696C656421209E
:109F08002825642900456E61626C65206469737058
:109F18006C6179206661696C656421202825642953
:109F2800004D4950492D4453492061747461636858
:109F3800206661696C6564212028256429004661D2
:109F4800696C65642072656164696E6720494420A4
:109F58002825642900494420307825782C20657804
:109F68007065637465643A203078257829005061FB
:109F78006E656C20494420636865636B206661697F
:109F88006C6564212028256429004261636B6C6933
:109F98006768742070696E20696E697420666169EB
:109FA8006C20282564290044534920696E6974206F
:109FB80073657175656E6365206661696C6564219A
:109FC800202825642900446973706C617920626CCB
:109FD800616E6B696E67206F6666206661696C6585
:109FE8006421202825642900496E697420636F6DF7
:109FF800706C65746528256429006E7433353531B5
:10A00800304030006E7433353531300051017F00F7
:10A0180000000053012C0000000055010200000060
:10A02800005E01FF00000000290000000000002C75
:10A03800000000000000360160000000002A040053
:10A0480000031F002B04000001DF003601000000A0
:10A0580000002A04000001DF002B040000031F0099
:10A06800F00555AA520801B0030303030000B60324
:10A078004646460000B1030303030000B703363623
:10A08800360000B2030000020000B80326262600AE
:10A0980000BF010100000000B3030909090000B96D
:10A0A800033636360000B5030808080000BA032650
:10A0B80026260000BC030080000000BD03008000CD
:10A0C8000000BE020050000000F00555AA5208002A
:10A0D800B102FC00000000B6010300000000B50159
:10A0E8005100000000B7020000000000B80401029F
:10A0F800020200BC030000000000CC0303000000C3
:10A1080000BA0101000000006770696F40353830FF
:10A118003232383030006770696F4035383032324B
:10A12800343030006770696F403538303232303043
:10A1380030006770696F4035383032314330300055
:10A148006770696F403538303231383030006770A9
:10A15800696F403538303231343030006770696F9C
:10A16800403538303231303030006770696F4035F3
:10A1780038303230433030006770696F40353830DE
:10A188003230383030006770696F403538303230DF
:10A19800343030006770696F4035383032303030D5
:10A1A80030006932630049324320636F6E74726F06
:10A1B8006C6C6572206E6F7420636F6E666967756C
:10A1C8007265640025733A20696E76616C69642053
:10A1D8006D6F6465202569004661696C656420635C
:10A1E800616C6C20636C6F636B5F636F6E74726F0E
:10A1F8006C5F6765745F726174652870636C6B650A
:10A208006E5B305D2900496E76616C696420493265
:10A21800432062697420726174652076616C75658B
:10A22800006932633A206661696C75726520696EEF
:10A23800697469616C697A696E670069326340356F
:10A2480038303031633030006932635F6C6C5F7373
:10A25800746D3332004932432070696E6374726CD6
:10A26800207365747570206661696C6564202825A3
:10A278006429006932633A206661696C75726520E9
:10A28800656E61626C696E6720636C6F636B0069F1
:10A2980032635F6C6C5F73746D33325F636F6D6DC7
:10A2A8006F6E006932633A2073706565642061627D
:10A2B8006F766520226661737422207265717569F4
:10A2C800726573206D616E75616C2074696D696E5D
:10A2D8006720636F6E66696775726174696F6E2C4B
:10A2E80020736565202274696D696E67732220701A
:10A2F800726F7065727479206F662073742C737432
:10A308006D33322D6932632D763220646576696348
:10A3180065747265652062696E64696E67004932AA
:10A32800433A6661696C656420746F2066696E647F
:10A33800207072657363616C65722076616C7565F7
:10A34800006932635F6C6C5F73746D33325F7632B1
:10A358000062616420544F5543485F49443A207273
:10A368006F773A2025642C20636F6C3A20256400AF
:10A3780049324320636F6E74726F6C6C657220642F
:10A388006576696365206E6F742072656164790013
:10A39800436F756C64206E6F7420656E61626C65C6
:10A3A800207265736574204750494F00496E746583
:10A3B8007272757074204750494F20636F6E7472C3
:10A3C8006F6C6C657220646576696365206E6F7466
:10A3D80020726561647900436F756C64206E6F74D8
:10A3E80020636F6E66696775726520696E74657241
:10A3F80072757074204750494F2070696E00436F22
:10A40800756C64206E6F7420636F6E666967757211
:10A418006520696E74657272757074204750494F73
:10A4280020696E746572727570742E00436F756C56
:10A4380064206E6F7420736574206770696F206381
:10A44800616C6C6261636B0066743533333640331C
:10A458003800667435333336006B65795F696E642E
:10A46800657820256420676574206661696C656479
:10A478003A202564002573206973206E6F7420725A
:10A48800656164790050696E20256420636F6E668B
:10A49800696775726174696F6E206661696C65645D
:10A4A8003A2025640050696E20256420696E746521
:10A4B800727275707420636F6E6669677572617405
:10A4C800696F6E206661696C65643A20256400676F
:10A4D80070696F5F6B65797300464D432070696ED4
:10A4E8006374726C207365747570206661696C653D
:10A4F80064202825642900436F756C64206E6F748E
:10A5080020696E697469616C697A6520464D4320DB
:10A51800636C6F636B2028256429006D656D6F720D
:10A52800792D636F6E74726F6C6C65724035323062
:10A538003034303030006D656D635F73746D333265
:10A54800006D656D635F73746D33325F7364726140
:10A558006D0072657365742D636F6E74726F6C6CC9
:10A56800657200556E61626C6520746F2073657446
:10A5780020257320746F20256400436F756C642058
:10A588006E6F7420656E61626C6520284C50295589
:10A5980041525420636C6F636B007265736574205D
:10A5A800636F6E74726F6C6C6572206E6F7420725C
:10A5B8006561647900257320646F6573206E6F741C
:10A5C80020737570706F727420647269766572207A
:10A5D800656E61626C650073657269616C403430E8
:10A5E8003030376330300073657269616C403430E5
:10A5F80030313130303000756172745F73746D338F
:10A6080032006C765F6F626A0002041008104030F6
:10A618002C38506C6C6C4040443453570080808018
:10A62800818182828384858687898A8C8D8F9193A4
:10A638009597999B9EA0A2A5A7AAADAFB2B50055C4
:10A64800AAFF00112233445566778899AABBCCDD4E
:10A65800EEFF000100000000000000010000020001
:10A6680000000002000000000000000000000000E0
:10A6780000000000010000000000000000000000D1
:10A68800000000010A0006FB00000000F4F3020BC2
:10A698000504F7020B010902070000000000000092
:10A6A800000000000D02FE00000000000000000095
:10A6B8000000000400F90000000000FC0404000091
:10A6C800FE00FE0200FE00FEFFFC00000000FE008F
:10A6D80000FDFD0000FE00FC00000000000000007E
:10A6E80000FEFE00FD00FA00E50000FC0004070083
:10A6F80000FC02020704FC040000F3000000000054
:10A70800000000000000F800000000000000000049
:10A718000000000000FAFDF500F7FE000000000050
:10A728000900F9FEFF0100FC0000FEEF0000000038
:10A7380000000000000000EEFE090000000000001C
:10A74800000000000000F70000000000000000000A
:10A75800000700020000FC000000000000000000EC
:10A7680000000000000000000902010000000000D5
:10A7780000000000000000000000000000000000D1
:10A7880000000000000000000000000000000000C1
:10A798000000F800000000000000000000000000B9
:10A7A80000000000000000000002040207FE000094
:10A7B80004FEF9E102060400FD0008000700070096
:10A7C800EB00FD070007FE0402000001FE0000FC8C
:10A7D80012001200070009030407000000F8000037
:10A7E800000001FE0002FCFDFC0200FE000000F774
:10A7F8000000000000000000000000F10000000060
:10A80800000000000000000000000001F400F20059
:10A81800000000FE0016FDFD0202FE00FD02000021
:10A82800F40000000000000000000000EA00020040
:10A838000000000000000000000000F2000D000011
:10A84800F8000700F1EAF1FC070000F10003FB0043
:10A85800FD0000000000000000000000000607E501
:10A868000000000000000000000000000B000200D3
:10A87800000000000202FDFC00FFFFFE0000FE00D9
:10A888000000FC00FE00FBFC00FAF9F9FC00FC00EB
:10A89800FC00000000FE0000020002FE00010000B3
:10A8A8000002FE000000FE0202FF000000FC00FFA4
:10A8B8000000000000010003FE00FD00FC0000FE97
:10A8C80000070000FE0000000000FF01FEFE00007F
:10A8D800FE00FE000000000000000000FFFF00FE78
:10A8E800FD0000000000010000FE00FEFEFE00006A
:10A8F80000000000000000FF00000000FEFD00FD59
:10A9080000F9FEF9040000FC02040600FAFFFD004D
:10A91800FFF502FE02F402000001F400F4FEEDFE71
:10A9280000F50004060003000000000000FCFD0024
:10A93800F9000000FE000000FE0000000000FFFF1C
:10A9480000FFFD00000000000000FEFE00FEFDFE0E
:10A958000000FE0000000000000000000000FEFEF5
:10A9680000FD00FE00FC020000FD010202000000E4
:10A97800000000FE0000000000020000FE00FEFED5
:10A98800FD000000000000000200FE00000000FEC4
:10A99800FD00FC0007FE01F9000006F5F4F7FC02D3
:10A9A80000FEF1FC00FC00FC03FCF200FA000001D0
:10A9B800FF02FE000200F9F700F5FBFBFBF9FDFAC8
:10A9C80000FCFA01000100FE000000020002000085
:10A9D800000000000000000000FE00FF00FFFE0075
:10A9E800FCFBFBFF00F9000000000000FE00000077
:10A9F8000001FF0000000200000000000000000B42
:10AA080000000000000002000000FE00000000003E
:10AA1800000000000000FC00020000000000000030
:10AA2800000000000000FE000000FC00000000F52F
:10AA3800F9000000FDF50000FE0200FA0000000029
:10AA4800000000000000FC0000FC00000000000006
:10AA58000000000000000200FC00000000030002EB
:10AA6800FCFC00FEFEFD000000000000F900FE00F6
:10AA7800FDFE00FBFAF9FE00FC00F90000000012E0
:10AA88000000010000FD000200F60000000000EBDD
:10AA9800FC0707FEF70002FD00F5FFFD02F0FE03CC
:10AAA8000003F8FDF8F9F70000F3000D0000FF00BF
:10AAB8000000FFFFFEFAF900EB00000000000000B4
:10AAC800000001000000000000000000000000007D
:10AAD800000000FE00FFFEFD0000FC00FE0000007C
:10AAE800000000000000000000000000FF00FC0063
:10AAF8000004FF0300FB02FEFFFAFE00FDFEFE005D
:10AB0800FDFC0000FEFFFEFCFD0000FE0002FE0052
:10AB1800FB000000FC00FC00FCFC02000000000040
:10AB2800000000FC0200FD00FEFDF9FEFEFEFFFE37
:10AB3800FDFF0000000000FEFEFE0000000003FE16
:10AB480000FE000000FEFDFEFEFDFE000209FF0003
:10AB5800FA00FE0400FEF7FD030000F5FC02FC020B
:10AB680000FEFEF900FD010000FC0000000202FCEE
:10AB7800FC00FCFEFDFEFE00FC01FCFC07000000E2
:10AB880000000000000002000000000000000000BB
:10AB98000000000000000000000000000000FC00B1
:10ABA800000000000000000000000000000000009D
:10ABB800000000000000000000000000000000008D
:10ABC80000000000000000000000FE00000000007F
:10ABD800000000000000000000000000000000006D
:10ABE8000000000000000000FEFE00000000000061
:10ABF800000000000000FD0000FD0000FEFE000057
:10AC08000000FE00000000FF0000000000FE000041
:10AC18000000FD00FC000000F90002FB0400FEF546
:10AC28000000FBFE00F7FAFA0000F6FEF7F7F50061
:10AC3800FA00020FFD00FBFEFFFEFCFAFCF8F7FB32
:10AC4800FE0000FE00010000F0FE0705FBF8000111
:10AC5800F900F5FEFE04EBFD010000F1FDF4FEF045
:10AC68000000F0000D0100FE00000000FFFEF7FEEE
:10AC780000F100000000F900FE00FFFAF50000FFF7
:10AC8800FDF9FE00FE00000000F6FEF9F9FEFCFAF0
:10AC9800FEFC00FCFEF9FD00FDFCFEFC000100FED0
:10ACA800F9000400FC00000000030002FC0900FE9B
:10ACB800FEFD000000000000F900FE00FDFE00FBA4
:10ACC800FAF9FE00FC020900000000120000010071
:10ACD80000FD00020000000000000000000000006D
:10ACE8000000FEFC0000000000FF000000FEFE0067
:10ACF80000FCFE0000FC0004FF0000000000000152
:10AD080000000000030402FE00F9FC0007F9F9FC4A
:10AD1800FC090402EDFE04FE00FE02FEF800FE023D
:10AD2800FDFEF9FE0000070400FA00F4FD06FDF739
:10AD380001FDF9F9FE090200FD00FA000207FBF81F
:10AD4800F7FA070001F0FE02FCFEFB00FBF8FDFD30
:10AD5800FE0000FBFBFE000705FEF400F4FD00F812
:10AD6800F3FFF9FCF9FA060000FD00FCFE00FEFC0A
:10AD78000004F9020000F400FEFBFCFEF9FAF9FBFE
:10AD880000F9FEFBFCF9FE0000010BFC00F9FE00D7
:10AD9800FEFCFBFAFAF7FDFC0400FD00F5FD0104DA
:10ADA800F9F8FCF907FE01EBFC04FBFCF800F9F7E5
:10ADB800FDFEFEFEFBF9FF00000706FEF100F3FBB7
:10ADC80005F7F1FCF8F7F5F90400000000FD0000B4
:10ADD80002FD0402FC040000F9FF00FF000101FE6F
:10ADE800000000000000FE0000000002070000FD57
:10ADF80000000000FEFEFD0000000102000000004F
:10AE08000200FE000900040101FD00040000000228
:10AE1800000000000000000000000007000600001D
:10AE2800000000000000000000000000F300FE0425
:10AE3800000700001603FCFC0202FE01F500000BEF
:10AE4800F30000000000000000000000F1091F00EE
:10AE58000000000000000000000000F300000000F7
:10AE680000000000000000000000000000000000DA
:10AE7800000000000000FC0000FCFE0000000000D4
:10AE88000000000000000000000000000000FE00BC
:10AE9800FA0000010000021DFCFE0706FA0200008D
:10AEA8000202FD0000000000000000000000E306B0
:10AEB800000000000000000000000000000000008A
:10AEC80000FA000000FA00000000FBFF000000FB91
:10AED80000FD00F50000000000000000000000F187
:10AEE8000000000001000000000000FE0000FC005F
:10AEF800FD00FA000000FC02FD0000FAFEFB000065
:10AF0800FA00FE00F500FE0000EEFCF7FEF8000077
:10AF1800F100FAFF0000000000000000FDFCFEFC4C
:10AF280000000000FB00FB03FE0400FEFBFEFCFC2F
:10AF380000FDFFFE02FAFF000000ECFEFD00FB0032
:10AF4800FEF5FE0000FEFE000000000200FEFCFE12
:10AF580004000000000000000000000000000000E5
:10AF680000000000000000000000000000000000D9
:10AF780000000000000000000000000003000000C6
:10AF8800000000FB00FE000000FC02000000FAFECA
:10AF9800FC0000FA00FE00F500000000EA00FCF8E2
:10AFA800F50000F100FEFD0000000000000000FEBA
:10AFB800FDFFFD01000004FD00070BFEFEF9030B79
:10AFC8000405FA0309030605060000000000000056
:10AFD800000000000E0BFCFE00FE120A120000002A
:10AFE800020000080000FC00000000000000000053
:10AFF800FE00000000000000000300000000EDFD5E
:10B00800FEF7F50000F1000000000000000000005D
:10B0180000000000000000FC00000000000000002C
:10B0280000FE00000000000000000300000000ED2A
:10B03800FDFEF7F50000F70000000000000000002A
:10B0480000000000000000000000FE000000FB02FD
:10B0580000FE020402F90000FE02000200000000E7
:10B06800FA00FEFEFC00FEF7000EFE00FBFE00FEEE
:10B07800FC00FEFAFCFD000000FC000000000000DF
:10B08800000000FE000000000000000003000000B7
:10B0980000EDFDFEF7F50000F10000000000000BD8
:10B0A80000000000000000000000FC00F9FDFE07A1
:10B0B800FEFEF701FF01FEFA000500020102FBF7A0
:10B0C800FD00F7FCFAF7F700FCFCFDFDFEFEFDFEB7
:10B0D80000FEFF030003FE00070000000000000060
:10B0E8000000000000FEFEFE0000FA00FF00FC0069
:10B0F80000000000000000000000F3000000000055
:10B10800000000000000FEFE00FD00000000FE0040
:10B1180000FCFE0200FCFCFE00FAFEFBFEFD00FC4B
:10B128000000000000000000000000F1000700001F
:10B13800FC00000000FD00FE0000FF0000FE00FB18
:10B14800000009FDF9F902020200FA0203020702EF
:10B1580007FEFA0000F70000F9FA0000FC00FDFC09
:10B1680000FD00FD00FE0300FEF9FE080000FE00E1
:10B17800FC000003FB0002FE020000F900FEFF00D5
:10B18800FE02FE000000F7FDFB00F90000F50008D4
:10B19800FE00FC000100FE00FEF900FE02000000B7
:10B1A80000FE000002FD010000FDFE00FD000000A1
:10B1B8000000000000000000000000000000F20095
:10B1C800050000FE000000000000FEFE0000000474
:10B1D80000050000000000F2F3010A0704F7020965
:10B1E8000008000400000000000000000000000C3F
:10B1F8000000000000000000000000000000000047
:10B208000001020003040502060708090A090A0BDF
:10B218000C0D0E0F10110C1213141515000000164A
:10B22800171819171919191719191A19191919178E
:10B23800191719031B1C1D1D1E1F20212223002462
:10B24800002526272727002726282926262A2A27D1
:10B258002A272A2B2C2D2E2E2F2E300000230931A1
:10B2680009000000000000000000000000000000CD
:10B2780000000000000000000000000000000000C6
:10B2880000000000000000000000000000000000B6
:10B2980000000000000000000000000000000001A5
:10B2A800020003040502060708090A090A0B0C0034
:10B2B8000D0E0F101112130C1414000000151617A0
:10B2C8001819161A1B1C1D1D1E1F201D1D162122B4
:10B2D8002303241E2525262728292A2B002C002D68
:10B2E8002E2F303132332D343435302D2D2E2E364D
:10B2F800373839333A3A3B3A3C290000093D0900CE
:10B308000000000000000000000000000000000035
:10B318000000000000000000000000000000000025
:10B328000000000000000000000000000000000015
:10B3380000000000000000000000000EA0D90D90E1
:10B34800C80C80B70A60110B80D91F0991F0881FBB
:10B358000880F088000000000D203C00000F006904
:10B36800002FFFFFFFF7015C11A610006900C30062
:10B37800008800D2009FFFFFFFF012C523E22000E3
:10B38800D203C00000F004B0000000700000000EFE
:10B3980000000000E0000019EFEA300CD6E6A70232
:10B3A800F40E00001F80E000006FEF50000016FF51
:10B3B800E500000E0AF00100E05F13F85E6EB005CC
:10B3C800CFFE9100000E0000000070000008DD3084
:10B3D80000A7004B02D004C0007700D01D20004B0E
:10B3E80003D0A7000007DC34C4CC3000001D2D2298
:10B3F800D00000A63B00B30005C03A00A3001D2002
:10B408000D00D000A60004CC40004DFC300000F731
:10B4180018C00001F205D00000BB6E4000005FF3C9
:10B42800000007E6DB03802F301DBAA05F0001DFB4
:10B43800401FB448FEC003BFFC40B200000000003B
:10B448001F01F01F00F0000003F10B900F404F00A8
:10B458007D009B00AA00AA009B007D004F000F40C2
:10B468000B9003F15E000E6008C004F001F300F5D4
:10B4780000E600E600F501F304F008C00E605E0087
:10B4880000930088A6C209FE404DDDB142935000EA
:10B498005200000450000008A0000008A0001FFF90
:10B4A800FFF30339B3300008A0000008A00001032F
:10B4B800F61E60E12C00000003FFF90333100003BF
:10B4C800F52E4000000E400004E000009A00000E37
:10B4D800400004F000009A00000E400003F0000055
:10B4E8009A00000E500003F000009A00000E500071
:10B4F80003F00000004CFE70004FB68F900DB000B6
:10B508005F32F40000E74F20000CA4F20000CA2FBD
:10B5180040000E70DB0005F204FB68F90004CFE779
:10B5280000EFFB44CB00AB00AB00AB00AB00AB00C3
:10B53800AB00AB00AB07DFEA108E857EC0010006CA
:10B54800F1000006F000000D900000CC00001CC0C7
:10B558000001DB00001DE544427FFFFFF97FFFFF8C
:10B56800F024445F900000BC000009E100003FD8CF
:10B578001000046DD0000002F4100002F4BD757DC7
:10B58800D019DFEA1000000DA0000000AC00000098
:10B5980007E10000004F40100002F600F5001DA072
:10B5A80000F5007FFFFFFFF3133333F7300000008F
:10B5B800F500000000F50009FFFFF00AB444400C54
:10B5C8008000000E7000000FFFFC4003345CF200A6
:10B5D8000000F7100000F78E856CF108DFFB3000E3
:10B5E8002AEFD5003FD657400CC0000002F40000F7
:10B5F800004F5BFFA104FE845DD03F80003F30E830
:10B608000003F206F845DC0005DFE9109FFFFFFDA7
:10B618009D4444E99C0004F200000BB000002F4058
:10B628000000AD000001F6000008E000000E8000F8
:10B63800006F1000019EFE9100BE636EC00F600097
:10B648006F00CC202BC002EFFFE200DC424CD05F41
:10B6580020001F55F20002F50ED535DE001AEFEA7C
:10B668001003BFEA202FA44BE18E0000E99D0000E3
:10B67800DD4F7129FF07FFFC9E000210AC0000029D
:10B68800F607658FB00AEFD7002E53F500000000CB
:10B6980000003F52E42E53F50000000000002E5237
:10B6A800F60D21D001000000003100006CF2018E7F
:10B6B800D6000FC300000AFB40000017EE70000020
:10B6C80005C3000000001FFFFFF303333330000001
:10B6D8000000000000001FFFFFF3033333300400B5
:10B6E80000000ED71000005CF92000002AF20003C9
:10B6F800AFB106DE82001C6000000000000007DF1A
:10B70800EA109E746EC0010006F0000009C0000037
:10B718008E200006F2000008700000000000000BF8
:10B728008000000C900000006CEFDA4000003DA49F
:10B738001016D90001E509EE98CA900A80BD43AFFA
:10B74800C0D30F13F2000CC0693C06D00007C03B01
:10B758004B06D00007C02C3C03F2000CC04A0F1067
:10B76800BD439EE3C50A8009EE91CF9001E5000034
:10B77800000000003DA41028000000007CEFD91054
:10B788000000000CF1000000003FD700000000B9E5
:10B798006E00000002F20E50000009A007D0000061
:10B7A8001F3000F400007FFFFFFB0000E733334F3A
:10B7B8002005F000000C900C90000006F18FFFFEB1
:10B7C800C408E3334BF28E00001F58E00018F18FD5
:10B7D800FFFFF808E33337F68E000009C8E00000E1
:10B7E8009D8E33347F78FFFFFD700007CFFB40004C
:10B7F800CF966AF50AE20000301F600000004F2073
:10B808000000004F200000001F600000000AE20056
:10B81800003001CF966AF50007DFFB408FFFFEA4DA
:10B82800008E4446CF708E000007F38E000000DAC9
:10B838008E0000009D8E0000009D8E000000DA8EB4
:10B84800000007F38E4446BF708FFFFEA4008FFFF1
:10B85800FFF68E4444418E0000008E0000008FFFEA
:10B86800FFC08E3333208E0000008E0000008E440F
:10B8780044428FFFFFF98FFFFFF68E4444418E004C
:10B8880000008E0000008E0000008FFFFFC08E3386
:10B8980033208E0000008E0000008E00000000079C
:10B8A800CFFC5000CF966AF60AE20000201F600025
:10B8B80000004F200000004F200000B91F6000006A
:10B8C800B90AE30000B900CF966AF80007DFFC6008
:10B8D8008E000008E8E000008E8E000008E8E00016
:10B8E800008E8FFFFFFFE8E333339E8E000008E8E9
:10B8F800E000008E8E000008E8E000008E8E8E8E3C
:10B908008E8E8E8E8E8E8E02FFFFC00444BC000089
:10B9180009C000009C000009C000009C000009C08C
:10B928002000BA0EB58F603CFE808E00004F508E0E
:10B938000004F6008E003F70008E03F800008E2E83
:10B94800C000008EECF600008FB07F30008E000A39
:10B95800E1008E0000CC008E00001EA08E000000CA
:10B968008E0000008E0000008E0000008E00000097
:10B978008E0000008E0000008E0000008E444440BF
:10B988008FFFFFF28E00000008E8F7000002FE8F2C
:10B99800F10000BFE8DCA0004F9E8D2F300D87E836
:10B9A800D09C06E07E8D01E7E507E8D006FC007E26
:10B9B8008D000A2007E8D00000007E8E100008E8FD
:10B9C800FC00008E8FF90008E8E6F6008E8E09F379
:10B9D80008E8E00CE18E8E001EB8E8E0003FEE8E2D
:10B9E80000006FE8E00000AE0007CFEB500000CF8A
:10B9F800966BF9000AE200005F601F6000000AD041
:10BA08004F20000006F04F20000006F01F600000E5
:10BA18000AD00AE200005F6000CF966BFA000007C8
:10BA2800DFEB50008FFFFD7008E4458FB08E0000FB
:10BA38005F38E00001F58E00003F48E0014DD08FEF
:10BA4800FFFFB208E33310008E00000008E000009A
:10BA5800000007CFEB500000CF966BF9000AE20018
:10BA6800005F601F6000000AD04F20000006F04F02
:10BA780020000005F01F6000000AD00AE200005F05
:10BA88006001DF855AFA000008DFFC500000000161
:10BA9800EC21940000001BFFC10000000012008F81
:10BAA800FFFD7008E4458FB08E00005F38E00001AC
:10BAB800F58E00003F38E0014DD08FFFFFC208E34C
:10BAC80033DA008E0002F608E00005F3019EFDA2BD
:10BAD80000CE646B702F40000001F800000006FDE6
:10BAE800950000016AEE500000009F00200005F15B
:10BAF8003FA547EB004BEFE910FFFFFFFF2444BDD4
:10BB080044400009C00000009C00000009C000007B
:10BB1800009C00000009C00000009C00000009C053
:10BB28000000009C00009C00000BA9C00000BA9C0B
:10BB380000000BA9C00000BA9C00000BA9C00000BF
:10BB4800BA8E00000D94F40003F50CF868FD0009A6
:10BB5800EFE9100CB000000AC05F200001F500E911
:10BB680000008E0008F0000E70001F6005F1000054
:10BB7800AD00C9000003F43F3000000CBAC000005B
:10BB8800005FF500000000EE00006F10000DB0002F
:10BB980002F21F60003FF10008D00BB0008BE600F6
:10BBA8000D7006F000E69B002F2001F503F14F1001
:10BBB8008D0000CA09B00E60D800006F0E6009B28F
:10BBC800F300001F9F1004F9D000000CFB0000EFE9
:10BBD80080000007F600009F30003F50000DA008CD
:10BBE800F2009D0000CC04F300002F9E70000006B8
:10BBF800FC00000009FE1000004F4DB00001E802F3
:10BC0800F7000BD0007F207F20000BD00CB0000085
:10BC18009C002F50002F30009E000C900000E8057B
:10BC2800F1000005F3E60000000CFD000000003FF5
:10BC38004000000002F3000000002F300000000266
:10BC4800F300004FFFFFFF9144444AF3000003F65E
:10BC5800000001EA000000CC0000009E1000006F08
:10BC68004000003F7000001ED4444436FFFFFFFC34
:10BC78008FF68D318D008D008D008D008D008D002B
:10BC88008D008D008D008D008D318FF65D000000D8
:10BC9800F200000B8000006D000001F200000B8034
:10BCA80000006D000001F200000B7000006D000044
:10BCB80001F200000B7000006D000001F2BFF325D7
:10BCC800F302F302F302F302F302F302F302F302C4
:10BCD800F302F302F325F3BFF300AD00001EC40026
:10BCE8000885A000E20E105B00970B5002E0EEEE14
:10BCF800EEE00BC00009B004CFEA100B745DB00091
:10BD08000004F004CEEEF21F8214F24F1004F21F6A
:10BD1800703DF204DFD7F2BA000000BA000000BAA2
:10BD2800000000BA8EFC30BFD54BF3BE1000CABA73
:10BD380000007EBA00007EBE1000CABFD55BF3B912
:10BD48008EFC30007DFD6009F748F42F5000205F1D
:10BD58000000005F0000002F50002009F748F400A1
:10BD68007DFD600000001F40000001F40000001F7E
:10BD78004008EFC4F40AF748FF42F50007F45F00F3
:10BD8800002F45F00001F42F50006F40AE637EF4A1
:10BD9800008EFC4F40008EFC400AD538F42F20005E
:10BDA8008C5FEEEEFF5F2111112F70001009F8462D
:10BDB800E4007DFE80009EE305F44108C000CFFF4B
:10BDC800F029D32008D00008D00008D00008D000FF
:10BDD80008D00008D000007EFC4E60AF747FF62FBC
:10BDE80050005F65F00000F65F00000F62F6000685
:10BDF800F609F747FF5007EFC4F50000003F20CBD6
:10BE0800646EB003AEFD8000BA000000BA00000006
:10BE1800BA000000BA8EFB20BFC56DD0BE0003F289
:10BE2800BA0000F4BA0000F5BA0000F5BA0000F54F
:10BE3800BA0000F5BAA800BABABABABABABABA0019
:10BE48000AB0009900000000AB000AB000AB000A7D
:10BE5800B000AB000AB000AB000AB000AA064E71F1
:10BE6800DFA0BA000000BA000000BA000000BA0063
:10BE78001CC0BA01CC00BA1CD100BBCF6000BFDB2C
:10BE8800E100BD11DC00BA003F70BA0007F3BABA8E
:10BE9800BABABABABABABABABAB99EFA15DFD40BEC
:10BEA800FB45EDE64AF2BE0006F6000E7BA0004F09
:10BEB8002000C9BA0003F1000C9BA0003F1000C984
:10BEC800BA0003F1000C9BA0003F1000C9B99EFB0B
:10BED80020BFB45DD0BE0003F2BA0000F4BA00007F
:10BEE800F5BA0000F5BA0000F5BA0000F5007DFDCE
:10BEF80060009F748F702F50007F05F00001F35F82
:10BF080000002F32F50007F009F748F70007DFD6E1
:10BF180000B98EFC30BFC43AF3BE1000CABA0000A4
:10BF28007EBA00007EBE1000CABFD55BF3BA7EFCA5
:10BF380030BA000000BA000000BA000000008EFC11
:10BF48003F40AF748EF42F50007F45F00001F45F3E
:10BF580000002F42F50007F40AF748FF4008EFC435
:10BF6800F40000001F40000001F40000001F40B969
:10BF78008E4BFD71BE100BB000BA000BA000BA00CA
:10BF88000BA00005DFEA13F735A06F000001EE965D
:10BF980010016AEF300000D96C646F62AEFD700862
:10BFA800D00008D000CFFFF029D32008D00008D057
:10BFB8000008D00008D00005F551009FE3C8000232
:10BFC800F3C80002F3C80002F3C80002F3C9000373
:10BFD800F3AB0007F35F837EF306DFC5F30D900034
:10BFE8000AA06E0001F300F5007D0009C00E600094
:10BFF8003F24F00000C8B9000006FF3000000FC061
:10C0080000C80006F1000D56D000CF6003F01F30C5
:10C018002F9C009A00B807B2F10E4005E0D60C74C8
:10C02800E0000F6F007C990000AFA001FF40000501
:10C03800F4000BE0004F3007E109D02F4000D9D9B8
:10C0480000003FD000004FE10001E7BB000BB01E2D
:10C05800707E1005F30D90000AA06F0001F300F642
:10C06800007D0009C00D60002F34F00000C9A90050
:10C078000005FF2000000EC0000000E5000094ADA0
:10C0880000001BFC2000005FFFFFA13337F4000114
:10C09800E70000CB00008E10004F40001EA333269F
:10C0A800FFFFFC006EA00F9201F4001F4001F40096
:10C0B8003F303FC0006F3001F4001F4001F4001F03
:10C0C8004000FA2005EA8B8B8B8B8B8B8B8B8B8BB1
:10C0D8008B8B8B8BBE5002AE0005F0005F0005F025
:10C0E800004F1000DF104F5005F0005F0005F00012
:10C0F8005F002AE00BE40007EC40B41E25DFC00116
:10C1080000000004CC302B01C05700932B01C00560
:10C11800CC3006A10FF60BE2000000000000000082
:10C1280000000000027BFB000000049DFFFFD00020
:10C1380003AFFFFFFFFD0000AFFFFFFFDFD0000AE6
:10C14800FFFFB610ED0000AF9400000ED0000AF11A
:10C15800000000ED0000AF1000000ED0000AF10052
:10C168000045FD0000AF1001EFFFD0179DF1005F03
:10C17800FFFC0EFFFF1000AFFD31FFFFE0000001E4
:10C188000003BDA3000000000050188888888405BB
:10C19800FABFDDDDDDFDAFE47F100000CA4EE04FE1
:10C1A800100000C80EFEEF100000CFEFE03FEEEEEB
:10C1B800EEF80EF68F766666EB6FF8AF100000CCDF
:10C1C8008FE03F100000C80EFCDF655555EECFC26A
:10C1D8005FFFFFFFF92C57750577777775FFFF1F0E
:10C1E800FFFFFFFFFFFF2FFFFFFFFFEFFF0EFFFF28
:10C1F800FFFE01100011111110EFFE0EFFFFFFFEF0
:10C20800FFFF2FFFFFFFFFFFFF1FFFFFFFFF6887F5
:10C21800078888888668870788888886FFFF1FFFC1
:10C22800FFFFFFFFFF2FFFFFFFFFDFFD0DFFFFFFFA
:10C23800FD0000000000015000000000001DF80093
:10C2480000000001DFFD000000001DFFE22D60007E
:10C2580001DFFE20DFF7001DFFE2008FFF71DFFE28
:10C26800200008FFFEFFE20000008FFFFE20000014
:10C278000008FFE200000000007D20000000000030
:10C288000000007F60000BE2EFF600BFF84FFF6B85
:10C29800FFD104FFFFFD10005FFFE10000BFFFF6C4
:10C2A800000BFFDFFF60BFFD14FFF5CFD1004FF695
:10C2B800171000036000000011000000000000FFDC
:10C2C800000000006F21FF12F70006FF61FF16FF54
:10C2D800601FF901FF109FF16FE001FF100EF6AF2C
:10C2E8008001FF1008FACF6001FF1006FCAF800044
:10C2F800AA0008FB7FD00000000DF71FF80000001F
:10C308008FF107FF91002AFF70009FFFEEFFF900F1
:10C318000005CFFFFD50000000024420000000008F
:10C32800000000000000000AFFA0000000000CFF51
:10C33800C0000003D6DFFFFD6D300EFFFFFFFFFFDB
:10C34800E05FFFFFAAFFFFF51AFFF4004FFFA1030C
:10C35800FFD0000DFF3004FFF0000FFF404FFFFB40
:10C3680022BFFFF42FFFFFFFFFFFF209FEFFFFFFD1
:10C37800EF9000505EFFE5050000000CFFC00000D4
:10C388000000047740000000000003100341000093
:10C3980000009FF50DF50000001BFDFF8DF5000066
:10C3A80002DFB12DFFF500004FF83EC2BFF50007D0
:10C3B800FF55FFFE39FE409FE38FFFFFF56FF6AC98
:10C3C8002AFFFFFFFF73E6005FFFFFFFFFF100009A
:10C3D8006FFFD77FFFF200006FFF900DFFF20000A4
:10C3E8006FFF900DFFF200004FFF700BFFE10000A0
:10C3F80000003300000000000BFFB0000000000C3C
:10C40800FFC0000000000CFFC0000000000CFFC0CF
:10C41800000000000CFFC00000008FFFFFFFF800C5
:10C42800002EFFFFFFE2000002EFFFFE20000000E9
:10C438002DFFE20000799982DE289997FFFFFB2201
:10C44800BFFFFFFFFFFFFFFFFFFFFFFFFFFFFAB385
:10C45800CFACCCCCCCCCCCCA0006BBBBBBBA300072
:10C46800004FFFFFFFFFE10000EF30000006FB0078
:10C4780009F800000000CF504FD0000000002FE165
:10C48800DF84420000344BF9FFFFFD0001FFFFFB92
:10C49800FFFFFF988BFFFFFCFFFFFFFFFFFFFFFC85
:10C4A800FFFFFFFFFFFFFFFB9FFFFFFFFFFFFFF601
:10C4B8000000000000003300018DFFC600EF004EB1
:10C4C800FFFFFFE4DF04FFB3004CFFFF0EF900009D
:10C4D800008FFF6FC00001FFFFFF8E500001DEEEEE
:10C4E800ED0000000000000022222200000021FFD1
:10C4F800FFFF100008F8FFFBBC10001EF4FFFC1043
:10C508000001DFC0FEEFE8448EFE10FE1AFFFFFFB9
:10C51800C100FD0028BB940000000002700002EF7B
:10C528000002EFFDFFFFFFFFFFFFFFFFFFFFFFFF21
:10C53800FFFFFFFFFF3447FFF00005FF000005C0C5
:10C548000000000000027000000002EF000000027E
:10C55800EFF0000DFFFFFF0220FFFFFFF08E1FFF2F
:10C56800FFFF00E7FFFFFFF03F5FFFFFFF0890348A
:10C5780047FFF000000005FF0000000005C00000B4
:10C58800000000000000000000000770000000022A
:10C59800700005FA0000002EF000814F600002EFE5
:10C5A800F001DD07F0DFFFFFF0321E80F6FFFFFF2E
:10C5B800F08E27E0B9FFFFFFF00E73F19BFFFFFF3E
:10C5C800F03F54F09AFFFFFFF0890AC0D83447FFC4
:10C5D800F0007F43F300005FF002F60CB0000005A6
:10C5E800C00000BF10000000000009E300000000C8
:10C5F800000002100037888888888873EFFFFFFFE3
:10C60800FFFFFEFE32DFFFFFFFFFF9007FFFFDFFA8
:10C61800FFFD10CFFFA07FFFFFFFFFFA0007FFFF1E
:10C62800F35FA00000CFFF3003000000CFFC000044
:10C63800000000CFFFCCCCCCCCCCFFAFFFFFFFFF7E
:10C64800FFF900002000000001FA00000006FF10BA
:10C6580000000DFF7000006FFFF10001EFFFFA000E
:10C668000BFFFFFF605FFFFFFFE0CFFFFFFFF6FE5E
:10C67800BFFFFFF9FD4FFFFFF9BF49FFFFF53FE59A
:10C688002EFFD006FFFFFD200028BA60000430000E
:10C6980000311FE00006F91FE0007FFA1FE009FFE4
:10C6A800FA1FE0AFFFFA1FEBFFFFFA1FFFFFFFFAC9
:10C6B8001FFFFFFFFA1FE6FFFFFA1FE05FFFFA1FE9
:10C6C800E004FFFA1FE0003EFA0FD00002D7000096
:10C6D8000000000200000000000CFB200000000029
:10C6E800FFFF900000000FFFFFE6000000FFFFFFC4
:10C6F800FC30000FFFFFFFFF9100FFFFFFFFFFE689
:10C708000FFFFFFFFFFFF2FFFFFFFFFFFD0FFFFF20
:10C71800FFFFF800FFFFFFFFB2000FFFFFFD400023
:10C7280000FFFFF70000000FFFA1000000006A40B3
:10C7380000000000001444200144420DFFFF10DFF8
:10C74800FFF1FFFFF30FFFFF3FFFFF40FFFFF4FF85
:10C75800FFF40FFFFF4FFFFF40FFFFF4FFFFF40F51
:10C76800FFFF4FFFFF40FFFFF4FFFFF40FFFFF4FF6
:10C77800FFFF40FFFFF4FFFFF40FFFFF4FFFFF3005
:10C78800FFFFF39FFFC009FFFC00144444444442E8
:10C798000DFFFFFFFFFFF1FFFFFFFFFFFF3FFFFF61
:10C7A800FFFFFFF4FFFFFFFFFFFF4FFFFFFFFFFF4C
:10C7B800F4FFFFFFFFFFFF4FFFFFFFFFFFF4FFFF47
:10C7C800FFFFFFFF4FFFFFFFFFFFF4FFFFFFFFFF2C
:10C7D800FF4FFFFFFFFFFFF39FFFFFFFFFFC00027C
:10C7E800100000420FE20003FB0FFE3004FB0FFFB6
:10C7F800F404FB0FFFFF54FB0FFFFFFAFB0FFFFFD3
:10C80800FFFB0FFFFFFFFB0FFFFFD6FB0FFFFD1422
:10C81800FB0FFFC104FB0FFB0004FB0CA00003FA95
:10C82800000000000000000012000000000003FFEC
:10C8380060000000002EFFF500000001EFFFFF4040
:10C8480000001DFFFFFFF30000CFFFFFFFFE200ADF
:10C85800FFFFFFFFFFE00EFFFFFFFFFFF2039999C5
:10C8680099999950058888888888700FFFFFFFFF7D
:10C87800FFF30FFFFFFFFFFFF40BFFFFFFFFFFD1E9
:10C88800000000000000003F9000003FFC00003F57
:10C89800FD10003FFD10003FFD10001FFD100000BF
:10C8A800CFF4000000CFF4000000CFF4000000CF68
:10C8B800F4000000CFE0000000A400000000000029
:10C8C800CD1000001FFD1000003FFD1000003FFDCF
:10C8D8001000003FFD1000003FFD000008FF900021
:10C8E80008FF900008FF900008FF900002FF9000EA
:10C8F800000780000000000004500000000002FF54
:10C9080060000000003FF70000000003FF70000017
:10C9180000003FF7000006999AFFC99980FFFFFFC2
:10C92800FFFFFF3DFFFFFFFFFFF201113FF711106F
:10C93800000003FF70000000003FF7000000000344
:10C94800FF70000000000CD30000006999999999C4
:10C95800980FFFFFFFFFFFF3DFFFFFFFFFFF200040
:10C96800000000000000000156640000000003BF42
:10C97800FEEFF91000007FFA1003DFE40008FFA0C3
:10C9880009B41EFF504FFF200BFF26FFE1EFFF0900
:10C99800CFFF63FFFABFFF09FFFF54FFF61EFF51E9
:10C9A800DFFB09FFB003EFE204305FFC10002CFF4F
:10C9B800956AFF9000000049DFFD9200000000002A
:10C9C800000000000000CD20000000000000008FE3
:10C9D800F50014664000000004EFACFFEFFF910083
:10C9E80000001CFFA1004DFE300000009FF5AB3198
:10C9F800EFF40007B105FFFFE17FFE100FFE302DB9
:10CA0800FFF54FFF900CFFE000AFF65FFF6002FFFD
:10CA1800F40006FFEFFB00004FFD10003EFFC000D2
:10CA28000002DFE85401BFE300000005AEFF600725
:10CA3800FF60000000000000004EF600000000004B
:10CA4800000001A10000000000000000000000003C
:10CA58003ED00000000000000CFF80000000000035
:10CA680006FFFF200000000000EFFFFB00000000B1
:10CA7800008FFCCFF4000000002FFB00FFD0000067
:10CA8800000BFFC00FFF70000004FFFD01FFFF1047
:10CA98000000DFFFE02FFFFA00007FFFFF9BFFFF92
:10CAA800F3001FFFFFB00EFFFFC00AFFFFFE24FFC9
:10CAB800FFFF60FFFFFFFFFFFFFFFA06CCCCCCCCE7
:10CAC800CCCCCB3000000000003600000000000095
:10CAD8007F80DDDB00008DEFF8FFFFB007FFFFFD73
:10CAE800556FF46FF8AFE2000574FF907E200000E8
:10CAF8003FFA0000000002EFB2504A00012EFD1D6F
:10CB0800F48FB0FFFFD10BFFFFFBFFFE2000CFFF2C
:10CB1800FB12210000029FC000000000005B000023
:10CB28000007A00000000008FFB000000008FFFF99
:10CB3800B0000008FF95FFB00008FF9005FFB007A0
:10CB4800FF900005FFB09F90000005FD0040000029
:10CB58000003104C20000000B60BFE200000CFF0B0
:10CB68002EFE2000CFF4002EFE20CFF400002EFE73
:10CB7800CFF40000002EFFF4000000002EF40000A7
:10CB88000000001300000000083000000000000052
:10CB980000BFF308BBBBBB90000BFFFF39FFFFFFD3
:10CBA800F1008FCFCFF000000AF100382F948000F9
:10CBB800000AF100002F900000000AF100002F90F9
:10CBC8000000030AF130002F9000001FCBF8F80096
:10CBD8002FEBBBBB39FFFFE2001FFFFFFFB09FFD3C
:10CBE8002000000000000008D100378887000000FE
:10CBF80000EFFFFFA0000000FFFFFFFDCCCCB6FF59
:10CC0800FFFFFFFFFFFFFFFFFFFFFFFFFFFFFFFF2C
:10CC1800FFFFFFFFFFFFFFFFFFFFFFFFFFFFFFFF1C
:10CC2800FFFFFFFFFFFFFFFFFFFFFFFFFFFFFFFF0C
:10CC3800AFFFFFFFFFFFF900000000000000000049
:10CC480001DD10000000001DFFD100000001DFFF22
:10CC5800FD1000001DFFFFFFD100009FFFFFFFF93F
:10CC68000000011CFFC1100000000CFFC000000004
:10CC7800000CFFC0000000000CFFC0000079993BC9
:10CC8800FFB39997FFFFB2442BFFFFFFFFFEDDEFD5
:10CC9800FFFFFFFFFFFFFAB3CFACCCCCCCCCCCCAA4
:10CCA80000000000000200000000000004FFC700B0
:10CCB80000000000AFFFF0000000001FFFFD0000B3
:10CCC800000006FFFFC00000000008FFF70000009A
:10CCD80000000CFF300000000004FFC0000000004E
:10CCE80001EFF300004A3002DFF80005DFFE15EF20
:10CCF800FB0000EFFFFFFFFA00000BFFFFFFF7004C
:10CD080000007FFFFFA200000002BA8500000000BB
:10CD18000004860000001006FFFA0002DFD1EF3C95
:10CD2800F101DFFA0EE0AF21DFFA009FEFF6DFFA3C
:10CD380000008DFFFFFB00000006FFFD000000481B
:10CD4800EFFFF600006FFFFBFFF6000EF3CF23FFA7
:10CD5800F600EE0AF204FFF609FEFC0004FFF108F3
:10CD6800DA100002620000000000000000006FFFFF
:10CD7800F987000008FFFF98F708A68FFFF9599078
:10CD8800FFA8FFFFFCCC0FFA8FFFFFFFF1FFA8FF02
:10CD9800FFFFFF1FFA8FFFFFFFF1FFA8FFFFFFFF55
:10CDA8001FFA8FFFFFFFF1FFA8FFFFFFFF1FFA7FAA
:10CDB800FFFFFFF0FFE3122222210FFFFFFFF90020
:10CDC80000ACCCCCCB5000004999999995000EFF46
:10CDD800FFFFFFF600FD2222224FF60FC0000001E0
:10CDE800FFF3FC0000001FFF6FC0000002FFF6FF0A
:10CDF800FFFFFFFFFF6FFFFFDCFFFFF6FFFFB00540
:10CE0800FFFF6FFFF6000FFFF6FFFFC006FFFF6F83
:10CE1800FFFFEDFFFFF69FFFFFFFFFFD10CDDDDDFC
:10CE2800DDDDDD2FFFFFFFFFFFF31222222222228A
:10CE3800000000000000000000000000000FFFFFDD
:10CE4800FFFFFFF3DEEEEEEEEEEE20000000000046
:10CE5800000000000000000DEEEEEEEEEEE2FFFF37
:10CE6800FFFFFFFF30000000000000378888888837
:10CE78008873EFFFFFFFFFFFFEEFFFFFFFFFFFFEDF
:10CE88001CFFFFFFFFFFC1D28FFFFFFFF82DFF64DC
:10CE9800EFFFFE45FFFFFA2BFFB2AFFFFFFFD355B1
:10CEA8003DFFFFFFFFFFBBFFFFFFFFFFFFFFFFFF90
:10CEB800FFAFFFFFFFFFFFF9000000000001FFFFC9
:10CEC800F00004FFFFD00006FFFF800008FFFF30DE
:10CED800000AFFFFAAA60CFFFFFFF80EFFFFFFE105
:10CEE8000BDDDFFF6000004FFD0000007FF3000056
:10CEF80000BFA0000000FF10000003F800000003BE
:10CF0800C000000000200000000455EFB5520000EA
:10CF1800FFFD1FFFB0000FFFFFFFFC0000FFFF53E6
:10CF28003320000FFF97FFFB5700FFF8AFFFC6F84D
:10CF38000FFF8AFFFC4AA1FFF8AFFFE3220FFF8A29
:10CF4800FFFFFFF4FFF8AFFFFFFF4FFF8AFFFFFF70
:10CF5800F43552AFFFFFFF40000AFFFFFFF4000067
:10CF68007FFFFFFE20000001100000000000AF005E
:10CF7800000000018FFA30000002EFFFFF500000B0
:10CF8800BFFFFFFF10001FFFFFFFF50003FFFFFFBC
:10CF9800FF70005FFFFFFFF90008FFFFFFFFC00001
:10CFA800DFFFFFFFFF209FFFFFFFFFFD0EFFFFFFDB
:10CFB800FFFFF2022222222221000008FFC0000007
:10CFC800000009A20000005BBBBBBBBBBBBBA3FF4F
:10CFD800FFFFFFFFFFFFFBFC0C30E11D0D11FCFC08
:10CFE8000B30E01D0D10FCFFFEFFEFFEFEEFFCFF17
:10CFF800F15A0870A05FFCFFF37B2992C27FFCFF07
:10D00800BFCBBBBBBFCBFCFC0B2000000D00FCFF63
:10D01800CFCCCCCCCFCCFB9FFFFFFFFFFFFFF600B0
:10D0280000000000000200000000000005DFB00062
:10D0380000000007EFFFD000000018FFFFFF70009E
:10D048000029FFFFFFFF00003BFFFFFFFFF8000A7A
:10D05800FFFFFFFFFFF1000FFFFFFFFFFFA000042E
:10D068009AAAAFFFFF20000000000EFFFB0000009F
:10D0780000000EFFF400000000000EFFC0000000DA
:10D0880000000EFF5000000000000DFD0000000031
:10D09800000004B300000035555502000FFFFFF2F1
:10D0A800F400FFFFFF2FF40FFFFFF2FFF3FFFFFF76
:10D0B80032221FFFFFFFFFF7FFFFFFFFFF8FFFFF7A
:10D0C800FFFFF8FFFFFFFFFF8FFFFFFFFFF8FFFFE6
:10D0D800FFFFFF8FFFFFFFFFF8FFFFFFFFFF8FFF3F
:10D0E800FFFFFFF88AAAAAAAAA3000000024553137
:10D0F8000000000003AFFFFFFFC7000002BFFFFEF4
:10D10800DEFFFFF6005FFFB51000038EFFB0DFD330
:10D1180000000000008FF5180005AEFEC81004607E
:10D128000002DFFFFFFFF80000000CFF95347DFFD1
:10D1380040000002A20000007700000000000296F4
:10D14800000000000000000DFF500000000000007B
:10D158000EFF6000000000000005DA000000005B20
:10D16800BBBBBBBBBBBBBA20FFFFFFFFFFFFFFFF83
:10D1780090FC1222222222220FF7FC5FFFFFFFFF02
:10D18800FF2CFAFC5FFFFFFFFFFF21FAFC5FFFFFA8
:10D19800FFFFFF27FAFC2666666666661FFAFEBB77
:10D1A800BBBBBBBBBBBFB1AFFFFFFFFFFFFFFF5068
:10D1B8000000000000000000005BBBBBBBBBBBBBAA
:10D1C800BA20FFFFFFFFFFFFFFFF90FC1222222281
:10D1D80021000FF7FC5FFFFFFFF8000CFAFC5FFF70
:10D1E800FFFFF80001FAFC5FFFFFFFF80007FAFCF9
:10D1F8002666666663000FFAFEBBBBBBBBBBBBBF44
:10D20800B1AFFFFFFFFFFFFFFF500000000000006D
:10D218000000005BBBBBBBBBBBBBBA20FFFFFFFF73
:10D22800FFFFFFFF90FC1222221000000FF7FC5FA7
:10D23800FFFFD000000CFAFC5FFFFFD0000001FAEE
:10D24800FC5FFFFFD0000007FAFC2666665000006E
:10D258000FFAFEBBBBBBBBBBBBBFB1AFFFFFFFFF42
:10D26800FFFFFF500000000000000000005BBBBB98
:10D27800BBBBBBBBBA20FFFFFFFFFFFFFFFF90FC5C
:10D288001222000000000FF7FC5FFF300000000CC6
:10D29800FAFC5FFF3000000001FAFC5FFF3000007D
:10D2A8000007FAFC2666100000000FFAFEBBBBBBA5
:10D2B800BBBBBBBFB1AFFFFFFFFFFFFFFF500000CD
:10D2C800000000000000005BBBBBBBBBBBBBBA20BF
:10D2D800FFFFFFFFFFFFFFFF90FC000000000000C2
:10D2E8000FF7FC0000000000000CFAFC0000000032
:10D2F800000001FAFC00000000000007FAFC000032
:10D30800000000000FFAFEBBBBBBBBBBBBBFB1AF8D
:10D31800FFFFFFFFFFFFFF500000000000000000BC
:10D32800000000000007B20000000000000ADFFA59
:10D33800000000000000A93DF5000000044002E0E4
:10D348000010000000AFF80B600000006C30FFFF19
:10D35800FFFFFFFFFFFFF4AFF9000C5000006D4026
:10D3680005500004C00000100000000000C43EE8A2
:10D378000000000000002EEFFA000000000000008E
:10D388004FFA00000000000000000000000000014B
:10D398001000000007EFFFB30000AFFD8FFF20046F
:10D3A800FFFD09FFB00AFEFD12AFF00EF55D2C0E71
:10D3B800F30FFF33129FF50FFFF307FFF60FFFE29E
:10D3C80006FFF60FFE24137FF50DF57D2C0DF30AED
:10D3D800FFFD11BFF003FFFE0BFFA0007FFEBFFEA5
:10D3E800100003ACDC810000003443000005667FB8
:10D3F800FFF96650FFFFFFFFFFFF3566666666664A
:10D40800501CCCCCCCCCC402FFFFFFFFFF602FF335
:10D41800FB7F6DF602FF2FB7F5DF602FF2FB7F5D14
:10D42800F602FF2FB7F5DF602FF2FB7F5DF602FFF4
:10D438002FB7F5DF602FF3FB7F6DF601FFFFFFFFCE
:10D44800FF5007BCCCCCCC900000000000000120AD
:10D45800000000000004FF500000000002FFFF5021
:10D468000000000439FFFE00000004FF39FFA0009F
:10D478000004FFFF39B0000004FFFFFF2000000494
:10D48800FFFFFFB0000004FFFFFFB0000004FFFF34
:10D49800FFB0000004FFFFFFB0000000BFFFFFB0B7
:10D4A8000000000DFFFFB000000000FFFFB000000B
:10D4B800000009A8600000000000000017888888A4
:10D4C8008887400002EFFFFFFFFFFFF4003EFFFFE9
:10D4D800CFFFCFFFF703EFFFF908F809FFF83EFF8A
:10D4E800FFFE20402EFFF8DFFFFFFFE101EFFFF80E
:10D4F8009FFFFFFF80008FFFF809FFFFF902C209B5
:10D50800FFF8009FFFFE4EFE4EFFF80009FFFFFFE9
:10D51800FFFFFFF700008FFFFFFFFFFFC1000000C4
:10D5280000000003EFFFFFE203FBFBCEBFA4FF1DDB
:10D5380003A1FAFFF1D03A1FAFFFFFFFFFFAFFFF89
:10D54800FFFFFFAFFFFFFFFFFAFFFFFFFFFFAFFF88
:10D55800FFFFFFFAFFFFFFFFFFAFFFFFFFFFFAFF2D
:10D56800FFFFFFFFADFFFFFFFFF829AAAAAAA80047
:10D578000000000000000300000000000004F100AB
:10D588000820000001FF100BF70000002FF10CFF2E
:10D5980094444445FF1BFFFFFFFFFFFFF18FFFFF90
:10D5A800FFFFFFFD007FF70000000000006F600034
:10D5B8000000000000300000000000000100000032
:10D5C800000000000100000300000000020000004D
:10D5D8000000000000000000000000000001000042
:10D5E800000000000000000000000000010D00081D
:10D5F800FA00000000F0EF020E0605F4020E010C1E
:10D60800030900000000000000000000001102FEF5
:10D618000000000000000000000000000600F70005
:10D6280000000000FA05060000FD00FE0300FD00F2
:10D63800FDFFFA00000000FD0000FCFC0000FD00FA
:10D64800FA000000000000000000FDFD00FC00F8EA
:10D6580000DD0000FA0006090000FA03030A06FBD1
:10D66800060000F00000000000000000000000F5C7
:10D678000000000000000000000000000000F8FDAD
:10D68800F200F4FE00000000010B00F7FEFF0100AD
:10D69800FB0000FEEB00000000000000000000009E
:10D6A800E9FE0B000000000000000000000000F48C
:10D6B800000000000000000000000A00030000FA5B
:10D6C8000000000000000000000000000000000052
:10D6D800000B020100000000000000000000000034
:10D6E8000000000000000000000000000000000032
:10D6F8000000000000000000000000F5000000002D
:10D708000000000000000000000000000000000011
:10D71800000002060309FD000006FDF6D90208060E
:10D7280001FC000A0009000900E500FD09000AFDE6
:10D738000603000001FD0000FB1700170009000C9C
:10D74800040509000000F50000000001FE0002FBCE
:10D75800FCFA0200FD000000F400000000000000D8
:10D7680000000000ED0000000000000000000000C4
:10D778000000000001F000EE00000000FE001DFDAA
:10D78800FC0303FD00FC030000F1000000000000A2
:10D798000000000000E4000300000000000000009A
:10D7A80000000000EE00110000F5000A00ECE4ECB7
:10D7B800FA090000ED0003F900FC00000000000079
:10D7C8000000000000000709DD0000000000000064
:10D7D80000000000000E000200000000000202FD30
:10D7E800FA00FFFFFD0000FE000000FA00FE00F94D
:10D7F800FA00F9F6F6FB00FA00FA00000000FE0055
:10D8080000030002FD000100000003FE000000FE0E
:10D818000303FF000000FB00FF0000000000010000
:10D8280004FE00FD00FB0000FE00090000FD0000F2
:10D83800000000FF01FEFE0000FD00FD00000000EA
:10D848000000000000FFFF00FDFD000000000001D7
:10D858000000FE00FDFDFD000000000000000000CB
:10D86800FE00000000FEFC00FC00F7FEF7060000CA
:10D87800FA03060800F9FFFD00FFF203FE02F103B8
:10D88800000001F100F1FEE7FE00F20006080004C6
:10D89800000000000100FBFC00F7000000FD000094
:10D8A80000FD0000000000FFFF00FFFC000000007A
:10D8B800000000FDFD00FEFDFE0000FD0000000070
:10D8C80000000000000000FEFE00FD00FE00FA035C
:10D8D8000000FD010303000000000000FE0000003E
:10D8E8000000020000FD00FDFEFD00000000000039
:10D8F800000200FE00000000FDFC00FB0009FE0124
:10D90800F7000008F2F1F4FA0300FEEDFB00FB005B
:10D91800FA04FBEE00F8000001FF02FE000300F726
:10D92800F500F2F9FAF9F7FDF8FFFBF8020001003B
:10D93800FD000000020003000000000000000000DD
:10D948000000FD00FF00FFFD00FBFAFAFF00F700F2
:10D958000000000000FE0000000001FE00000003BF
:10D9680000000000000000000E000000000000029F
:10D97800000000FD0000000000000000000000FBA7
:10D98800000300000000000000000000000000FE8E
:10D99800000000FB00000000F2F7000000FCF200AD
:10D9A80000FD0300F800000000000000000000FB7C
:10D9B8000000FB0000000000000000000000000361
:10D9C80000FB00000000030002FAFA00FDFDFD0064
:10D9D8000000000000F700FD00FCFD00FAF9F7FE6A
:10D9E80000FA00F700000000170000010000FC002A
:10D9F8000300F40000000000E5FB0A09FEF4000340
:10DA0800FC00F2FFFC03ECFD040004F6FCF5F6F460
:10DA18000000EF00100000FF000000FFFFFDF8F617
:10DA2800FFE5000000000000000000010000000009
:10DA3800000000000000000000000000FD00FFFDE5
:10DA4800FC0000FA00FD00000000000000000000DB
:10DA58000000000000FF00FA000006FF0400FA03BF
:10DA6800FEFFF9FD00FCFDFE00FCFB0000FEFFFED2
:10DA7800FBFD0000FD0003FE00FA000000FA00FBB9
:10DA880000FBFB030000000000000000FA0300FC9C
:10DA980000FEFDF7FEFEFEFFFEFDFF000000000099
:10DAA800FDFEFE0000000003FE00FE000000FEFD7B
:10DAB800FEFDFDFD00020CFF00F800FE0600FDF46F
:10DAC800FC040000F2FB03FB0200FEFEF700FC0171
:10DAD8000000FB0000000303FAFB00FBFDFCFDFD5A
:10DAE80000FB01FBFB090000000000000000000330
:10DAF800000000000000000000000000000000001E
:10DB080000000000000000FB000000000000000012
:10DB180000000000000000000000000000000000FD
:10DB280000000000000000000000000000000000ED
:10DB3800000000FE000000000000000000000000DF
:10DB480000000000000000000000000000000000CD
:10DB580000FEFD000000000000000000000000FCC6
:10DB68000000FC0000FDFD00000000FD00000000BA
:10DB7800FF0000000000FE00000000FC00FA0000AA
:10DB880000F60002FA0601FEF20000FAFD00F4F9C0
:10DB9800F80000F4FDF4F5F200F9000213FC00F9B6
:10DBA800FDFFFDFBF8FBF5F4F9FD0000FE000100A8
:10DBB80000ECFD0906FAF50001F700F2FEFD06E6A5
:10DBC800FC010000EDFDF1FDEB0000EC001101008F
:10DBD800FE00000000FFFEF5FE00ED00000000F76B
:10DBE80000FD00FFF8F20000FFFCF7FD00FE00005A
:10DBF8000000F3FDF6F7FEFBF9FDFB00FAFDF6FC6D
:10DC080000FDFBFDFB000100FEF6000600FB000026
:10DC18000000030002FA0C00FDFDFD0000000000FA
:10DC280000F700FD00FCFD00FAF9F7FE00FA020C0F
:10DC380000000000170000010000FC0003000000C5
:10DC48000000000000FF0000000000FEFA000000D5
:10DC58000000FF000000FDFD0000FAFD0000FA00D2
:10DC680005FF00000000000001000000000406029B
:10DC7800FD00F7FB0009F6F7FAFA0C0503E7FE06C4
:10DC8800FD00FD03FDF600FD03FCFEF7FE000009A4
:10DC98000600F800F0FC08FCF501FCF6F6FD0C03A4
:10DCA80000FC00F800020AF9F5F4F9090001EBFE9E
:10DCB80003FBFEF900FAF5FCFCFE0000F9FAFD0092
:10DCC8000907FDF000F0FC00F6EFFFF7FBF6F80897
:10DCD8000000FC00FAFD00FDFB0005F6030000F162
:10DCE80000FDFAFBFEF7F9F6F900F7FDF9FBF7FD81
:10DCF8000000010EFB00F7FD00FDFAF9F8F8F5FC4D
:10DD0800FA0600FC00F2FD0206F7F5FAF60AFD0134
:10DD1800E5FB06FAFBF500F7F4FDFDFEFDFAF7FF5B
:10DD280000000908FEED00EFF907F5ECFAF6F4F249
:10DD3800F60600000000FD000003FD0602FB0600D9
:10DD480000F7FF00FF000101FE000000000000FDD9
:10DD58000000000002090100FD00000000FEFEFDB9
:10DD68000000000102000000000200FE000B000598
:10DD78000101FC0006000000020000000000000095
:10DD8800000000000900080000000000000000007A
:10DD98000000000000EF00FD05000900001D03FA67
:10DDA800FA0303FE01F200000EEF0000000000007D
:10DDB8000000000000EC0B2800000000000000003C
:10DDC80000000000EF00000000000000000000005C
:10DDD800000000000000000000000000000000FB40
:10DDE8000000FBFD00000000000000000000000033
:10DDF80000000000000000FE00F800000100000321
:10DE080025FAFE0908F80300000303FC00000000DF
:10DE180000000000000000DB080000000000000017
:10DE280000000000000000000000F8000000F800FA
:10DE3800000000FAFF000000FA00FD00F2000000F8
:10DE48000000000000000000ED00000000010000DC
:10DE580000000000FD0000FB00FC00F8000000FBD3
:10DE680003FD0000F8FDF90000F800FD00F200FDD8
:10DE78000000E9FBF4FDF60000ED00F8FF000000EB
:10DE88000000000000FCFBFEFB00000000FA00FAA6
:10DE980004FD0600FEF9FEFBFB00FDFFFE02F8FF95
:10DEA800000000E7FEFC00FA00FEF2FD0000FEFEA6
:10DEB800000000000200FEFBFE050000000000005C
:10DEC800000000000000000000000000000000004A
:10DED800000000000000000000000000000000003A
:10DEE800000000000004000000000000FA00FE002E
:10DEF8000000FA03000000F8FDFA0000F800FD0039
:10DF0800F200000000E400FAF5F20000ED00FEFC6B
:10DF18000000000000000000FDFCFFFC01000005FF
:10DF2800FC00090EFDFDF7030E0506F8030C0308B7
:10DF380006080000000000000000000000120EFBB0
:10DF4800FD00FE170C170000000300000B0000FB8B
:10DF5800000000000000000000FE000000000000BB
:10DF680000000400000000E8FDFEF4F20000ED00EF
:10DF78000000000000000000000000000000000099
:10DF8800FB000000000000000000FE000000000090
:10DF98000000000400000000E8FDFEF4F20000F4B8
:10DFA8000000000000000000000000000000000069
:10DFB800000000FE000000F90300FD020503F70061
:10DFC800FFFE03000200000000F900FDFEFA00FD5C
:10DFD800F40012FD00FAFE00FEFB00FDF8FAFD0059
:10DFE8000000FB000000000000000000FE00000030
:10DFF80000000000000400000000E8FDFEF4F2004C
:10E0080000ED0000000000000E000000000000000D
:10E01800000000FB00F7FDFD09FDFDF401FE01FE17
:10E02800F8010601020102F9F4FD00F5FBF8F4F528
:10E0380000FBFAFDFCFEFEFDFE00FEFF040004FEF0
:10E048000009000000000000000000000000FEFDC4
:10E05800FD0000F800FF00FB0000000000000000C9
:10E06800000000EF0000000000000000000000FDBC
:10E07800FD00FC00000000FE0000FBFD0300FBFBB0
:10E08800FE00F8FEFAFEFD00FB00000000000000A4
:10E0980000000000ED00090000FB00000000FC008B
:10E0A800FD0000FF0000FE00F900000CFCF6F7027E
:10E0B8000303FFF802040209020AFEF80000F40054
:10E0C80000F7F80000FA00FCFB00FC00FC00FE046E
:10E0D80000FEF7FD0B0000FD00FA000004F9000344
:10E0E800FD020000F600FEFF00FD03FE000000F444
:10E0F800FDFA00F70000F2000BFD00FB000200FD36
:10E1080000FDF700FD0300000000FE000003FC0115
:10E118000000FDFE00FD00000000000000000000FF
:10E1280000000000000000EE00060000FE000000F5
:10E13800000100FDFD0000000600070000000000CF
:10E14800EEF0010C0905F4020C000B0006000000BB
:10E1580000000000000000000F00000000000000A8
:10E168000000000000000000000001020003040598
:10E1780002060708090A090A0B0C0D0E0F10110CEC
:10E188001213141515000000161718191719191964
:10E198001719191A1919191917191719031B1C1DF9
:10E1A8001D1E1F20212223002400252627272700A3
:10E1B8002726282926262A2A272A272A2B2C2D2EC5
:10E1C8002E2F2E3000002309310900000000000026
:10E1D8000000000000000000000000000000000037
:10E1E8000000000000000000000000000000000027
:10E1F8000000000000000000000000000000000017
:10E2080000000000000000000102000304050206EF
:10E218000708090A090A0B0C000D0E0F101112133A
:10E228000C14140000001516171819161A1B1C1DBB
:10E238001D1E1F201D1D1621222303241E252526F1
:10E248002728292A2B002C002D2E2F303132332D50
:10E25800343435302D2D2E2E36373839333A3A3B73
:10E268003A3C290000093D090000000000000000B8
:10E278000000000000000000000000000000000096
:10E288000000000000000000000000000000000086
:10E298000000000000000000000000000000000076
:10E2A800000000009F68F68F57F46F46F35F35F261
:10E2B8004F1000150AF77F40DA09ED909DD908DC68
:10E2C800808DC808C000000000E5004F0000000F66
:10E2D8003006E0000002F1008C0000FFFFFFFFFFA6
:10E2E800F2055AE555DA5500009B000E6000000B58
:10E2F8009000F4000011D8113F31008FFFFFFFFF9D
:10E30800F90245F6448E4420002F1007C00000048F
:10E31800F0009A0000005E000B900000000007204B
:10E3280000000000E4000000000E40000002ADFF05
:10E33800D92003FFBFCDFC00BF40E403300ED00E50
:10E34800400000DF30E4000005FFAF50000004BFCC
:10E35800FFD70000001EBEFB000000E40BF4000025
:10E368000E406F60B400E40BF31EFDAFBEFA001759
:10E37800CFFFC60000000E4000000000E4000001CE
:10E38800BFC300002F4000C916E0000C90002F000A
:10E398000C5007E00004D000A702F400003F000C76
:10E3A80060C9000000D704F17E00000003DFE42FFD
:10E3B80041AEB20000100C90C928E0000006E13F11
:10E3C800000D500002F404D000A70000BA003E007F
:10E3D8000C50006E1000D705E1001F500002BFC3AB
:10E3E800000004CFE900000003FB57F90000009F7C
:10E3F800000AD0000008F100DB0000002FB3CE2097
:10E408000000006FFC200000004EEFB00010005F1D
:10E41800A06FB01F500EC0006FB7F202F800006F77
:10E42800FB000FD00001DFB0008FE98AFE8FB0003B
:10E438005CFFD9106800000000000000DAD9D9C8D4
:10E44800C800006F400DC004F6009F100DD000FBFF
:10E45800002F8003F7004F6004F6003F7002F800B9
:10E468000FB000DD0008F1003F6000DC0006F43F5B
:10E478007000BE0005F5001FA000CE0009F1007F66
:10E488003006F4005F5005F5006F4007F3009F1059
:10E498000CE001FA005F500BE003F700000E2003C8
:10E4A80060E2564DDFCE601DFF304ECFBF6360E2A5
:10E4B80045000E20000001300000008F0000000819
:10E4C800F00001229F2220CFFFFFFF4455AF555196
:10E4D8000008F00000008F00000008F000000110A4
:10E4E8000EF10FF207E00B900E4088887FFFFE05C3
:10E4F800601FF20CD000000057000000EA00000383
:10E50800F5000009F000000EA000004F4000009E3A
:10E51800000000E9000004F4000009E000000E908B
:10E5280000004F400000AE000000F9000005F300B5
:10E53800000AE000000F9000005F3000000004BEF9
:10E54800EB4000006FFBBFF60002FD1001DF200A60
:10E55800F300003FA00EE000000EE00FB000000B3B
:10E56800F01FA000000AF10FB000000BF00EE00051
:10E57800000EE009F300003F9002FD1001DF2000CB
:10E588006FFBBFF6000004BEEB4000DFFFC8AAFC2B
:10E59800000FC000FC000FC000FC000FC000FC0012
:10E5A8000FC000FC000FC000FC000FC0018DFEC5AD
:10E5B800004FFDACFF703C30002FF00000000BF264
:10E5C8000000000CF10000003FB0000002EE200047
:10E5D800002EF3000002EF3000002EF3000002EFDF
:10E5E8003000002EFCAAAAA75FFFFFFFFB5FFFFF1A
:10E5F800FFF03AAAAACFC0000001EE1000000CF309
:10E608000000009F60000004FE61000005DFFF506D
:10E618000000003EF200000007F600000006F66960
:10E6280010001DF29FFCBCFF8004AEFEB500000088
:10E63800004FB000000001ED000000000CF20000E7
:10E6480000009F5000000005F9000000002FC003E3
:10E65800C50000DE1004F7000BF40004F7004FFFBC
:10E66800FFFFFFFD3999999BFC9800000005F70012
:10E6780000000005F70000000005F70002FFFFFF9B
:10E68800F004FCAAAAA005F500000007F3000000AA
:10E6980009F10000000AFFFFC70007AAABFFC0008E
:10E6A80000000BF600000003FA00000003FA3C200B
:10E6B800000BF66FFDBBEFB0039DFFC70000018D97
:10E6C800FEC60004EFCAAD9001EE400000008F4086
:10E6D8000000000EE000000000FB2AEFD7001FDF5B
:10E6E800D99DFB01FFA0000AF50FF200003F90BF83
:10E6F800200003F804FA0000AF4009FD99DFA000EC
:10E7080005CFFC60007FFFFFFFFF07FBAAAAAFE071
:10E718007F400005F806F40000CF100000003FA07D
:10E728000000000AF300000001FC000000008F5008
:10E738000000000EE000000006F700000000DF10F7
:10E748000000004F900000000BF2000000002AEFCC
:10E75800FC70003FFB89DFB00AF50000BF30BF1036
:10E768000008F404FC4226FD0006FFFFFE1005FE2B
:10E77800856AFD10EE100007F82FA000001FB2FBFD
:10E78800000002FB0DF40000AF703FFB89DFC00002
:10E7980029DFFC6000006CFFC60000AFD98CFA00CE
:10E7A8003FB00007F607F500000FD06F600002FFCA
:10E7B80011FF5104DFF204EFFFFB9F300057730A8B
:10E7C800F100000000DF000000004FA00000003E44
:10E7D800F2008EBACFF50005BEFD9200000CD01FE6
:10E7E800F20560000000000000000005601FF20C48
:10E7F800D00CD01FF20560000000000000000001EE
:10E80800100EF10FF207E00B900E400000000520FB
:10E8180000018EF4004BFF9306DFC60000CF800096
:10E828000005CFE710000039FFB40000016DF400C7
:10E8380000000420CFFFFFFF4677777772000000C3
:10E84800000000000000122222220CFFFFFFF44506
:10E8580055555510620000000CFB40000006CFE73C
:10E8680010000039FFA1000002DF40004BFF9118A3
:10E87800EFC6000CFA3000005100000000029DFEB7
:10E88800C5004FFB9BFF804C20002FF00000000CC0
:10E89800F00000001FC0000001CF3000001DF40090
:10E8A80000009F50000000AC0000000000000000C5
:10E8B800003300000001FF10000000CD0000000040
:10E8C800029DFFEC71000000009FC75458DF6000F4
:10E8D800000CE400000006F90000AE103BEFB2BDEA
:10E8E8003F6004F404FE97CFED06E00AC00EE10095
:10E8F80008FD00E50E604F600000FD00A91F406F95
:10E90800300000CD008B2F306F300000CD008B1F02
:10E91800403F600000FD00990E600EE10008FE0017
:10E92800E50AC004FE87BFAF9BE004F4003BFFB3D9
:10E938001BFC30009E10000000000000000CE400EA
:10E94800000000000000009FC7546AE000000000BB
:10E95800039DFFDB5000000000008FB000000000A6
:10E96800000EFF200000000006F6F900000000007D
:10E97800DD0BF0000000004F604F700000000BE05E
:10E9880000DD00000002F80006F50000009F1000FE
:10E998000EC000001FFFFFFFFF300007F8888888BF
:10E9A800FA0000ED0000000BF1005F600000004F6E
:10E9B800800CF100000000EE001FFFFFFEB4001FF6
:10E9C800D8888AFF701FB000002FF01FB000000C1D
:10E9D800F01FB000002FC01FD8888AFE301FFFFF2D
:10E9E800FFFD401FB000014DF31FB0000004F91FE8
:10E9F800B0000002FB1FB0000008F81FD88889CFBC
:10EA0800E11FFFFFFFD91000004AEFEB500001BFE4
:10EA1800FCACFFB000BFB200019C006FB00000006A
:10EA2800000DF10000000000FC00000000001FA025
:10EA38000000000000FC00000000000DF1000000D4
:10EA480000006FB00000000000BFB20001AC100170
:10EA5800BFFCBCFFB000004BEFEB50001FFFFFFDF9
:10EA6800A40001FEAAAACFFA001FB000002BFA01E9
:10EA7800FB0000000CF41FB00000003FB1FB0000D9
:10EA88000000EE1FB00000000DF1FB00000000EEDA
:10EA98001FB00000003FB1FB0000000CF41FB000E5
:10EAA800002BFA01FEAAAACFFA001FFFFFFDA4005F
:10EAB800001FFFFFFFFC01FEAAAAAA701FB00000FA
:10EAC8000001FB000000001FB000000001FD999943
:10EAD80099001FFFFFFFF001FB000000001FB000BE
:10EAE800000001FB000000001FB000000001FEAAAA
:10EAF800AAAAA01FFFFFFFFF001FFFFFFFFC1FEADE
:10EB0800AAAAA71FB00000001FB00000001FB00095
:10EB180000001FB00000001FFFFFFFF01FE99999D8
:10EB2800901FB00000001FB00000001FB0000000E0
:10EB38001FB00000001FB000000000004ADFEB60BB
:10EB48000001BFFCBBFFC100BFB200007D106FB069
:10EB5800000000000DF10000000000FC00000000B3
:10EB6800001FA00000003930FC00000006F50CF181
:10EB78000000006F506FB0000006F500BFB2000043
:10EB88009F5000AFFDBCFFD200004AEFEB60001FB2
:10EB9800B0000001FB1FB0000001FB1FB000000126
:10EBA800FB1FB0000001FB1FB0000001FB1FEAAA19
:10EBB800AAAAFB1FFFFFFFFFFB1FB0000001FB1FFE
:10EBC800B0000001FB1FB0000001FB1FB0000001F6
:10EBD800FB1FB0000001FB1FB0000001FB1FB1FBD1
:10EBE8001FB1FB1FB1FB1FB1FB1FB1FB1FB1FB1F07
:10EBF800B000EFFFFF7008AAABF70000005F7000DD
:10EC08000005F70000005F70000005F70000005FD6
:10EC180070000005F70000005F70000006F60A703B
:10EC280000CF30CFDADFC0008DFE90001FB00000AB
:10EC38001DE21FB00001DF301FB0000CF4001FB050
:10EC480000BF50001FB00BF700001FB0AF800000DE
:10EC58001FB9FFB000001FFFBBF800001FFB01DF5A
:10EC680050001FD0002FF2001FB00004FD101FB08D
:10EC780000007FB01FB0000009F81FB00000001F9F
:10EC8800B00000001FB00000001FB00000001FB05F
:10EC98000000001FB00000001FB00000001FB000FF
:10ECA80000001FB00000001FB00000001FB00000EF
:10ECB800001FEAAAAAA51FFFFFFFF81FA000000077
:10ECC800007F41FF300000001FF41FFC0000000916
:10ECD800FF41FFF5000002FEF41FADE00000BE8F0B
:10ECE80041FA4F80004F67F41FA0AF200DD07F413D
:10ECF800FA02FA07F407F41FA008F5EA007F41FAC0
:10ED0800000EFF2006F41FA0005F80006F41FA008C
:10ED180000600006F41FA0000000006F401FB00054
:10ED28000001FB1FF8000001FB1FFF500001FB1F43
:10ED3800DFF20001FB1FB6FD0001FB1FB09FA00121
:10ED4800FB1FB00CF601FB1FB001EF31FB1FB00039
:10ED58004FE2FB1FB00007FDFB1FB00000BFFB1F09
:10ED6800B000001DFB1FB0000002FB00004ADFEBF3
:10ED780050000000AFFCBCFFC10000BFB20001AFF3
:10ED8800D0006FB00000009F800CF100000000FE72
:10ED980000FC000000000AF21FA0000000009F30E5
:10EDA800FC000000000AF20CF100000000FE006FF9
:10EDB800B00000009F8000BFB20001AFD00000AFDC
:10EDC800FCBCFFC10000004AEFEB5000001FFFFF32
:10EDD800FC70001FEAAABEFD101FB000009F901F24
:10EDE800B000000EF01FB000000CF01FB000000EC5
:10EDF800F01FB000009F901FEAAABEFD101FFFFF82
:10EE0800FC70001FB0000000001FB0000000001FD1
:10EE1800B0000000001FB00000000000004ADFEB57
:10EE280050000000AFFCBCFFC10000BFB20001AF42
:10EE3800D0006FB00000009F800CF100000000FEC1
:10EE480000FC000000000AF11FA0000000009F3035
:10EE5800FC000000000AF20DF100000000FE007F37
:10EE6800A00000008F8000CFA100009FD00001CF3C
:10EE7800FBABFFD10000006CEFFD6000000000005C
:10EE88005FE634A7000000003CFFFE4000000000E1
:10EE98000243001FFFFFFC70001FEAAABEFD101FFF
:10EEA800B000009F901FB000000EF01FB000000CD3
:10EEB800F01FB000000EE01FB000009F901FD9990E
:10EEC800AEFD101FFFFFFFA0001FB0001FD0001FE6
:10EED800B00006F9001FB00000BF401FB000001EC0
:10EEE800E00029DFFD81003FFC9ADFC00BF4000041
:10EEF8002300ED000000000CF3000000005FFA6141
:10EF08000000003BFFFD7000000048EFB00000006B
:10EF180000BF4000000006F60B500000CF31DFEBC9
:10EF28009AEF90006BEFEB5000EFFFFFFFFF89AA0D
:10EF3800ADFBAAA500009F2000000009F200000018
:10EF4800009F2000000009F2000000009F20000040
:10EF58000009F2000000009F2000000009F20000F4
:10EF680000009F2000000009F2000000009F200020
:10EF7800003F90000005F73F90000005F73F900024
:10EF88000005F73F90000005F73F90000005F73FA8
:10EF980090000005F73F90000005F73F900000053E
:10EFA800F62FB0000007F50EF000000BF208FA008B
:10EFB800007FB000CFFBBEFE200007CFFD81000C14
:10EFC800F200000002F906F800000009F300EF0063
:10EFD80000001FC0008F6000007F50001FD000009D
:10EFE800EE00000AF40005F7000003FB000CF10036
:10EFF8000000DF202FA00000006F809F300000007D
:10F008000EE1FC0000000008FCF50000000001FF14
:10F01800E00000000000AF8000004F9000000CF3FB
:10F02800000002F80EE000002FF8000008F309F3D2
:10F0380000007FFD00000DD004F80000CD8F2000F7
:10F048002F8000FE0002F83F80007F3000AF3007BD
:10F05800F30ED000DE00005F800CD008F202F90049
:10F06800000FD02F8003F707F400000AF27F30006A
:10F07800ED0CE0000005F7DD00009F4F9000000058
:10F08800FEF800003FDF40000000BFF300000EFF65
:10F09800000000006FE0000009FA00002FD0000017
:10F0A8000BF306FA00007F7000BF5002FC00001E40
:10F0B800E10DF2000005FB8F500000009FFA0000F0
:10F0C80000003FF500000000DFFE10000009F65FB9
:10F0D800A000004FB00AF60001EE1001EF200BF57A
:10F0E80000004FC06FA0000008F80CF20000005F9D
:10F0F800603FB000000ED0009F500008F30001EE02
:10F108000002FA000006F800BF1000000CF14F7072
:10F118000000003FBDD000000000AFF40000000078
:10F1280002FC00000000001FB00000000001FB000E
:10F13800000000001FB00000000001FB0000001FDD
:10F14800FFFFFFFFF10AAAAAAACFD000000001EF33
:10F15800200000000CF5000000009F800000000562
:10F16800FB000000002FE100000000DF300000007D
:10F178000AF6000000007FA000000004FD00000067
:10F18800001EFBAAAAAAA23FFFFFFFFFF41FFFA1D0
:10F19800FC741FA001FA001FA001FA001FA001FAC9
:10F1A800001FA001FA001FA001FA001FA001FA0029
:10F1B8001FA001FA001FC741FFFA470000005F3097
:10F1C80000000F8000000AE0000005F3000000F9CD
:10F1D800000000AE0000005F4000000F9000000A31
:10F1E800E0000004F4000000E90000009E000000B8
:10F1F8004F4000000EA0000009F0000004F50000D8
:10F2080000EAAFFF147CF100AF100AF100AF100A5A
:10F21800F100AF100AF100AF100AF100AF100AF1C7
:10F2280000AF100AF100AF100AF147CF1AFFF10042
:10F238000AF2000001FE9000007D5E00000D70F5EE
:10F248000004F109C000AB003F201F5000D807E0C0
:10F258000006E0FFFFFFFFF222222222484000AF13
:10F2680040007F40017CFFD60009FC99EF80013007
:10F27800000DF000000009F2019EFFFFF30AF843B9
:10F288003AF30FB00008F30FB0000EF309F946DFA8
:10F29800F3008DFE87F35F5000000005F5000000C5
:10F2A800005F5000000005F5000000005F56DFEA2F
:10F2B8002005FDFC9BFF305FF50004FE05FA000009
:10F2C80008F45F6000004F75F6000004F75FA000C7
:10F2D800008F45FF50004FE05FCFC9BFF305F46DC5
:10F2E800FEA2000007DFEB3000CFD9AFF409F7002A
:10F2F80002C30FD00000003F800000003F800000E4
:10F30800000FC000000009F70002C300CFD9AFF317
:10F318000007DFEB30000000001FA000000001FA2A
:10F32800000000001FA000000001FA0008DFE82F1D
:10F33800A01DFD9BFDFA0AF80002EFA0FD000006E3
:10F34800FA3F8000002FA3F8000002FA0FC0000067
:10F358005FA0AF60001EFA01DFB79EDFA0008DFE40
:10F3680091FA0008DFE910001DFB8AFE200AF3006D
:10F3780003FB00FA000009F13FFFFFFFFF33FA33F8
:10F388003333300FD0000000009F9000091000DFD9
:10F39800DAAEF600007DFFC500001AEE900AF98883
:10F3A80000FB00001F9000BFFFFF558FC77201FAD6
:10F3B80000001FA00001FA00001FA00001FA0000D1
:10F3C8001FA00001FA00001FA0000008DFE91EC00E
:10F3D8001DFD9BFEEC0AF80001DFC0FD000004FCE7
:10F3E8003F9000000FC3F8000000FC0FD000004F52
:10F3F800C0AF80001DFC01DFD9AFDFC0008DFE91DA
:10F40800FB000000002F902700000BF407FFB9AEA7
:10F41800FA0004AEFFC6005F500000005F50000015
:10F42800005F500000005F500000005F56DFEA10E8
:10F438005FEFCADFD05FF4000AF65F900002F95F61
:10F44800600000FA5F500000FB5F500000FB5F5057
:10F458000000FB5F500000FB5F500000FB6F69F984
:10F468000400005F55F55F55F55F55F55F55F55F8D
:10F4780055F50004F70007FA0000400000000004FA
:10F48800F70004F70004F70004F70004F70004F796
:10F498000004F70004F70004F70004F70004F7007D
:10F4A80006F54B9FE15EFC305F5000000005F5005B
:10F4B8000000005F5000000005F5000000005F50EC
:10F4C800001DF305F5002DF3005F502EF40005F53F
:10F4D8002EF400005F9EFE000005FFFAFA00005FB0
:10F4E800E30CF60005F6001EF3005F50004FD00550
:10F4F800F500007FA05F55F55F55F55F55F55F5541
:10F50800F55F55F55F55F55F55F55F58DFE8008DF8
:10F51800FE8005FEFA9DFBDFA9DFB05FF2000DFF5C
:10F528003000CF35F900007FA00006F65F600005C7
:10F53800F700004F75F500005F600004F75F5000AA
:10F5480005F600004F75F500005F600004F75F5096
:10F558000005F600004F75F500005F600004F75FD6
:10F5680057DFEA105FEFA8CFD05FF30009F65F908E
:10F578000002F95F600000FA5F500000FB5F500076
:10F5880000FB5F500000FB5F500000FB5F50000075
:10F59800FB0007DFEA30000DFD9AFF5009F7000273
:10F5A800EF10FD000006F73F8000002F93F80000E1
:10F5B80002F90FD000006F609F80002EF100CFD9B4
:10F5C800AFF400007DFEA3005F46DFEA2005FDFAE8
:10F5D8008AFF305FF40003FE05FA000008F45F605C
:10F5E80000004F75F6000004F75FA000009F45FF7C
:10F5F80050004FE05FDFC9BFF305F56DFEA2005F65
:10F608005000000005F5000000005F5000000005F4
:10F61800F5000000000008DFE81FA01DFD9BFCFAB4
:10F628000AF70002EFA0FD000006FA3F8000002F55
:10F63800A3F8000002FA0FD000006FA0AF80002EE0
:10F64800FA01DFD9AFDFA0008DFE82FA00000000CA
:10F658001FA000000001FA000000001FA000000029
:10F6680001FA5F46DB5FCFD95FF5005FA0005F70EE
:10F67800005F50005F50005F50005F50005F500017
:10F68800018DFEC700CFB8ADD03F90000102FB004E
:10F6980000000BFFB84000059CFFC00000009F6001
:10F6A800500005F75FEA9AFE106CEFD92001FA00C6
:10F6B800001FA000BFFFFF558FC77201FA00001F8F
:10F6C800A00001FA00001FA00001FA00000FC0000E
:10F6D80000BFA99001BEE97F400003F87F40000306
:10F6E800F87F400003F87F400003F87F400003F8EC
:10F6F8007F400004F86F600006F82FC0001EF80A6B
:10F70800FD89EEF8008DFE92F80DE000000DD006A0
:10F71800F600003F7000FC0000AF10009F3001F9B8
:10F7280000002F9007F300000BF00EC0000005F654
:10F738005F50000000EDBE000000007FF8000000F0
:10F74800001FF10000BE00000CF10000AE05F4003F
:10F7580002FF60000F800F90008FEB0005F200AEF3
:10F76800000DB8F100BD0004F403F52F701F700000
:10F778000EA09E00CC06F100009F1E9006F2CC0061
:10F788000003FAF3001FAF6000000DFD0000BFF199
:10F798000000008F700005FB00003FB0000CF2076E
:10F7A800F7007F6000BF33FA00001EDED0000004BF
:10F7B800FF30000006FF5000003FBCF20000DE12E0
:10F7C800FC000AF4005F906F80000AF50DE000006D
:10F7D8000CD006F600003F7000FC00009F10009F50
:10F7E8003001FA00002F9006F300000CF00DC00065
:10F7F8000005F63F60000000EDAE000000008FF845
:10F80800000000001FF2000000000FB0000001001F
:10F818007F4000001FAAFB00000019EEA1000000B5
:10F828002FFFFFFF9177777EF4000006F8000003B2
:10F83800FC000001EE100000BF4000008F700000C7
:10F848004FB000001EF8777754FFFFFFFB007EF0F3
:10F858003FD707F4008F3008F3008F3008F3009F7C
:10F86800208EE00FFA000BF2008F3008F3008F3083
:10F8780008F3007F4004FD7008EF1F71F71F71F750
:10F888001F71F71F71F71F71F71F71F71F71F71FAE
:10F8980071F71F71F7AFA1004BF90000ED0000DE12
:10F8A8000000DE0000DE0000DE0000DE0000AF9297
:10F8B800005FF400CF1000DE0000DE0000DE000074
:10F8C800DE0000ED004AF900AFB1000000000101C0
:10F8D800DFC100C5AC5CE34F2D4009FF903000024A
:10F8E800100001AFD500B803E41E0006A2E0006ACC
:10F8F8000C701D502CFF700000000005309FF3CFE6
:10F90800F64EC10000000000000027BA0000000009
:10F91800000048DFFFF2000000016AFFFFFFFF2040
:10F9280000007CFFFFFFFFFFF200004FFFFFFFFF1B
:10F93800FFFF200005FFFFFFFFB73FF200005FFF5A
:10F94800FE950001FF200005FF730000001FF20074
:10F95800005FE000000001FF200005FE000000003D
:10F968001FF200005FE000000001FF200005FE001C
:10F978000000698FF200005FE00002EFFFFF200344
:10F9880058FE00008FFFFFF22DFFFFE00004FFFF8D
:10F99800FD0BFFFFFE000004BDC810AFFFFFB00065
:10F9A8000000000000AFFFB10000000000000001EF
:10F9B8000000000000000000510688888888883010
:10F9C80015F76EFFFFFFFFFFB68FFDCFF33333331D
:10F9D8006FECDFF20CE00000003F702FF20CE0004B
:10F9E80000003F802FFFFFE00000003FFFFFF42DE5
:10F9F800F9999999BF924FF20CFFFFFFFFFF702F03
:10FA0800FBAFF11111115FDABFF98EE00000003F82
:10FA1800C89FF20CE00000003F702FF64DE0000098
:10FA2800003FA46FFEEFFBBBBBBBCFFEEFC20CFFDA
:10FA3800FFFFFFFF802C588870288888888885FFFA
:10FA4800FFF39FFFFFFFFFFFFFFFF3AFFFFFFFFF86
:10FA5800FFFFFFF3AFFFFFFFFFFFBFFFD16FFFFF08
:10FA6800FFFFFB000000000000000000CFFFE17F67
:10FA7800FFFFFFFFFCFFFFF3AFFFFFFFFFFFFFFFED
:10FA8800F3AFFFFFFFFFFFFFFFF39FFFFFFFFFFF46
:10FA980058886027888888888547775017777777C8
:10FAA8007774FFFFF39FFFFFFFFFFFFFFFF3AFFF39
:10FAB800FFFFFFFFFFFFF3AFFFFFFFFFFFDFFFF1D8
:10FAC8007FFFFFFFFFFD00000000000000000000B6
:10FAD8000000000000000520000000000000008F6A
:10FAE800F300000000000008FFFE00000000000016
:10FAF8008FFFF8000000000008FFFF9009D2000007
:10FB0800008FFFF9009FFE200008FFFF9000DFFF35
:10FB1800E2008FFFF900002EFFFE28FFFF90000093
:10FB280002EFFFFFFFF9000000002EFFFFFF90002B
:10FB380000000002EFFFF90000000000002EFF9017
:10FB480000000000000002D800000000002DB000F6
:10FB58000006E60DFFC00006FFF3CFFFC006FFFF5B
:10FB680031DFFFC7FFFF5001DFFFFFFF500001DF5C
:10FB7800FFFF50000007FFFFD0000006FFFFFFC097
:10FB88000006FFFFDFFFC006FFFF51DFFFC0FFFFDA
:10FB98005001DFFF58FF500001DFD00530000001A1
:10FBA800610000000000CD50000000000000003F90
:10FBB800FA000000000007E303FFA00BC1000008E3
:10FBC800FFB03FFA04FFD10004FFF603FFA01EFFB9
:10FBD800A000DFF7003FFA002EFF403FFC0003FFC4
:10FBE800A0006FFA08FF60003FFA0000EFF0AFF2E4
:10FBF8000003FFA0000BFF1BFF10001FF80000BF51
:10FC0800F19FF300002400000DFF06FF90000000A4
:10FC18000002FFD01FFF2000000000BFF8009FFD7A
:10FC2800200000009FFE1000CFFE710004CFFF509F
:10FC38000001DFFFFEDFFFFF600000009FFFFFFF06
:10FC4800FD400000000028CEFDA5000000000000D7
:10FC58000466400000000000003FFFF300000000C1
:10FC680000004FFFF4000000007817FFFFFF7187C6
:10FC78000004FFFFFFFFFFFFFF400DFFFFFFFFFF37
:10FC8800FFFFD03FFFFFFE88EFFFFFF308FFFFD025
:10FC9800000DFFFF8000AFFF500005FFFA0000BF16
:10FCA800FF300003FFFB0001CFFF800008FFFC10BE
:10FCB8003EFFFFF6006FFFFFE31FFFFFFFFFFFFFA1
:10FCC800FFF109FFFFFFFFFFFFFF9000DF8EFFFF3F
:10FCD800FFE8FD000011019FFFF91011000000006E
:10FCE8004FFFF40000000000002CEED200000000DE
:10FCF8000000000000000000000000000892006BF7
:10FD0800B100000000002DFFE40AFF200000000001
:10FD18004EFFFFF6AFF2000000006FFE31CFFFFF8D
:10FD2800200000009FFD2570AFFFF2000001BFFA20
:10FD380008FFB07FFF400002DFF80AFFFFD25FFF35
:10FD48005004FFF51DFFFFFFE42EFF70DFE33EFFC9
:10FD5800FFFFFFF61CFF13B15FFFFFFFFFFFF8096E
:10FD680060000AFFFFFFFFFFFFE0000000AFFFFD9C
:10FD780088BFFFFE0000000AFFFF7003FFFFE000DE
:10FD88000000AFFFF7003FFFFE0000000AFFFF7012
:10FD980003FFFFE00000008FFFF5002FFFFC0000CD
:10FDA800000000000000000000000000000009AA98
:10FDB800900000000000003FFFF30000000000007A
:10FDC8004FFFF40000000000004FFFF400000000A7
:10FDD80000004FFFF40000000000004FFFF4000097
:10FDE800000000004FFFF4000000000CEEEFFFFEE3
:10FDF800EEC0000008FFFFFFFFFF900000008FFF2C
:10FE0800FFFFF80000000008FFFFFF80000000006F
:10FE1800008FFFF800000024444407FF7044444268
:10FE2800FFFFFFC1661DFFFFFFFFFFFFFE66EFFF3D
:10FE3800FFFFFFFFFFFFFFFFFFFFFFFFFFFFFFFFCA
:10FE4800FF66C4FFDFFFFFFFFFFFFFFFFD000000AD
:10FE58000000000000000000044444444441000045
:10FE680000001EFFFFFFFFFFF40000000BFFFFFF75
:10FE7800FFFFFFE1000006FF5000000001FFA000A7
:10FE880001FF900000000005FF5000BFD0000000F7
:10FE980000000AFE106FF30000000000001EFA0EBA
:10FEA800FFCCCC200000BCCCEFF2FFFFFFFA000033
:10FEB8006FFFFFFF4FFFFFFFF8888EFFFFFFF4FF84
:10FEC800FFFFFFFFFFFFFFFFFF4FFFFFFFFFFFFFEA
:10FED800FFFFFFF4FFFFFFFFFFFFFFFFFFFF37FFFD
:10FEE800FFFFFFFFFFFFFFFFA000000015664000B7
:10FEF80005CB00003BFFFFFF9207FF0007FFFFFF56
:10FF0800FFFF66FF008FFFA4125BFFFDFF04FFE405
:10FF18000000004EFFFF0DFF3000004546FFFF4F79
:10FF2800F7000000DFFFFFFF8FF1000000DFFFFF99
:10FF3800FF02100000001222222100000000000031
:10FF4800000000677777750000000673FFFFFFFE6B
:10FF58000000003FF6FFFFEEFD000000CFF1FFFFBD
:10FF68007000000009FFA0FFFFFB200002BFFE1089
:10FF7800FF8DFFFCA9CFFFE200FF619FFFFFFFFBA2
:10FF88001000FF70017CEED9300000562000000000
:10FF9800000000000000000240000002EF00000224
:10FFA800EFF00003EFFFDFFFFFFFFFFFFFFFFFFFA3
:10FFB800FFFFFFFFFFFFFFFFFFFFFFFFFFFFFFFF49
:10FFC800FF7BBBDFFFF00000BFFF000000BFF000B9
:10FFD8000000BE0000000000000000024000000019
:10FFE80000002EF00000000002EFF0000000003ECC
:08FFF800FFF00000DFFFFFFF36
:020000040804EE
:10000000F00710FFFFFFFFF03FD0FFFFFFFFF008FA
:10001000F5FFFFFFFFF004F7FFFFFFFFF00DF3FF19
:10002000FFFFFFF03F708BBBDFFFF0000000000B15
:10003000FFF00000000000BFF000000000000BE037
:1000400000000000000000000000000000000000B0
:100050000100000000000000000007F600000000A2
:1000600000024000002DF80000000002EF000040F8
:100070001CF400000002EFF0005FB01EE10000037E
:10008000EFFF0000AFA06F70DFFFFFFFF00710BFB2
:1000900030FD0FFFFFFFFF03FD03F90AF0FFFFFF35
:1000A000FFF007F50EC08F2FFFFFFFFF004F70DD41
:1000B00007F3FFFFFFFFF01DF30FB09F2FFFFFFFC0
:1000C000FF03F707F60CF07BBBDFFFF00003FE1227
:1000D000FA000000BFFF0003FF40AF30000000BF88
:1000E000F0003C306FA000000000BE0000006FE197
:1000F00000000000000000006FD2000000000000BF
:100100000000039000003ABBBBBBBBBBBBBBA3EF73
:10011000FFFFFFFFFFFFFFFEFFD56EFFFFFFFFFFAB
:10012000FFFF2004FFFFFFFFFFFFFF0002FFFFFFB5
:10013000BFFFFFFF5007FFFFF508FFFFFFFBBFFFFB
:10014000FF50008FFFFFFFCBFFF5000009FFFFFC12
:1001500000AF50000004FFFFC0000300000004FFD8
:10016000FF40000000000004FFFF74444444444486
:1001700047FFFFFFFFFFFFFFFFFFFF6FFFFFFFFFD7
:10018000FFFFFFF6000006900000000001FF4000A6
:100190000000006FFA000000000DFFF200000005F3
:1001A000FFFF90000000EFFFFF3000009FFFFFFD0A
:1001B00000005FFFFFFFF9000EFFFFFFFFF307FFE7
:1001C000FFFFFFFFA0CFFFFFFFFFFF0FFBFFFFFFC2
:1001D000FFF2FF4AFFFFFFFF2CF84FFFFFFFF07F0A
:1001E000F25CFFFFFB00EFE508FFFF3002EFFFFFCF
:1001F000FF500001AFFFFB300000000331000000A2
:100200006B90000003A29FE000004FF99FE0000503
:10021000FFFA9FE0006FFFFA9FE007FFFFFA9FE001
:100220008FFFFFFA9FE9FFFFFFFA9FFFFFFFFFFA33
:100230009FFFFFFFFFFA9FFEFFFFFFFA9FE1DFFF37
:10024000FFFA9FE01CFFFFFA9FE000BFFFFA9FE06C
:10025000000AFFFA9FE000009FFA9FE0000008F606
:100260000000000000003A70000000000000EFFEF7
:10027000500000000000FFFFFB2000000000FFFF17
:10028000FFF800000000FFFFFFFFE6000000FFFF97
:10029000FFFFFFC30000FFFFFFFFFFFF9100FFFF15
:1002A000FFFFFFFFFE60FFFFFFFFFFFFFFF7FFFF06
:1002B000FFFFFFFFFFFAFFFFFFFFFFFFFFE2FFFF70
:1002C000FFFFFFFFF800FFFFFFFFFFFB2000FFFF26
:1002D000FFFFFD400000FFFFFFFF70000000FFFF79
:1002E000FFA100000000FFFFD30000000000AFE608
:1002F00000000000000002000000000000003ABB07
:10030000B91003ABBB91EFFFFFA00EFFFFFAFFFF99
:10031000FFC00FFFFFFCFFFFFFC00FFFFFFCFFFF51
:10032000FFC00FFFFFFCFFFFFFC00FFFFFFCFFFF41
:10033000FFC00FFFFFFCFFFFFFC00FFFFFFCFFFF31
:10034000FFC00FFFFFFCFFFFFFC00FFFFFFCFFFF21
:10035000FFC00FFFFFFCFFFFFFC00FFFFFFCFFFF11
:10036000FFC00FFFFFFCFFFFFFC00FFFFFFCFFFF01
:10037000FFB00FFFFFFB7FFFFE4007FFFFE4000021
:100380000000000000003ABBBBBBBBBBBB91EFFF52
:10039000FFFFFFFFFFFAFFFFFFFFFFFFFFFCFFFF75
:1003A000FFFFFFFFFFFCFFFFFFFFFFFFFFFCFFFF63
:1003B000FFFFFFFFFFFCFFFFFFFFFFFFFFFCFFFF53
:1003C000FFFFFFFFFFFCFFFFFFFFFFFFFFFCFFFF43
:1003D000FFFFFFFFFFFCFFFFFFFFFFFFFFFCFFFF33
:1003E000FFFFFFFFFFFCFFFFFFFFFFFFFFFCFFFF23
:1003F000FFFFFFFFFFFCFFFFFFFFFFFFFFFB7FFF94
:10040000FFFFFFFFFFE400000000000000004A20A3
:1004100000000AB4BFE300000FF8CFFF40000FF860
:10042000CFFFF5000FF8CFFFFF600FF8CFFFFFF70A
:100430000FF8CFFFFFFF9FF8CFFFFFFFFFF8CFFFC1
:10044000FFFFFFF8CFFFFFFFDFF8CFFFFFFC1FF834
:10045000CFFFFFB00FF8CFFFFA000FF8CFFF8000FB
:100460000FF8BFF700000FF87F6000000FF70000E3
:100470000000000000000002CA10000000000000A0
:100480002EFFC0000000000001EFFFFB0000000095
:10049000001DFFFFFFA000000000CFFFFFFFF900DD
:1004A00000000BFFFFFFFFFF700000AFFFFFFFFF2B
:1004B000FFF60008FFFFFFFFFFFFFF400FFFFFFFFA
:1004C000FFFFFFFFB00AFFFFFFFFFFFFFF600034E9
:1004D0004444444444420003777777777777771032
:1004E0000FFFFFFFFFFFFFFFB00FFFFFFFFFFFFF4B
:1004F000FFC00FFFFFFFFFFFFFFFB00CFFFFFFFF7D
:10050000FFFFFF700000000000000000000000007E
:100510000041000000009FD00000009FFF2000006D
:100520009FFF5000009FFF5000009FFF5000009F62
:10053000FF5000009FFF5000000EFFD10000003E62
:10054000FFC10000003EFFC10000003EFFC10000EF
:10055000003EFFC10000003EFFC00000003EFF2043
:100560000000003C600050000000009FC10000003F
:100570000EFFC10000002EFFC10000002EFFC100D1
:1005800000002EFFC10000002EFFC10000002EFF62
:10059000C0000000AFFF2000009FFF5000009FFF41
:1005A0005000009FFF5000009FFF5000009FFF6021
:1005B00000000EFF600000003D5000000000000041
:1005C0003991000000000000CFF80000000000009A
:1005D000DFF9000000000000DFF90000000000006B
:1005E000DFF9000000000000DFF900000036777737
:1005F000EFFC777761EFFFFFFFFFFFFFFAFFFFFFE1
:10060000FFFFFFFFFBAEFFFFFFFFFFFFE600000065
:10061000DFF9000000000000DFF90000000000002A
:10062000DFF9000000000000DFF90000000000001A
:10063000DFF90000000000009FF50000000000004E
:1006400001100000003666666666666661EFFFFFB1
:10065000FFFFFFFFFAFFFFFFFFFFFFFFFBAFFFFF03
:10066000FFFFFFFFF6000000036887400000000066
:1006700000008EFFFFFFF92000000004EFFD63255E
:10068000BFFF70000007FFFA0000007FFFA0000618
:10069000FFFD0008FC209FFFA002FFFF50008FFE1F
:1006A00012FFFF60CFFFF2167FFFF50EFFFE1EFF69
:1006B000FF12FFFFFF70DFFFF26FFFF30EFFFFF38C
:1006C0000FFFFB00BFFF904FFFF805FFFE1001DF9B
:1006D000FF40288401EFFF300001BFFF600004EFFE
:1006E000FD300000006EFFFBBEFFF90000000000BF
:1006F00005ADFFEB710000004A1000000000000093
:100700000000000EFE300000000000000000005F4E
:10071000FF600015787400000000002DFFA6DFFFC9
:10072000FFFFA2000000000AFFFFE8325BFFF800B5
:1007300000000006FFF6001006FFFB0000000003AB
:10074000EFF87FD309FFFB00001E7001BFFEFFF230
:100750001FFFF70009FFA0008FFFFF70DFFFF10010
:10076000CFFFD1005FFFF90CFFFF3005FFFF6000F6
:100770002DFFB0EFFFB0000AFFFC00000AFFEFFF03
:10078000E100000CFFF6000006FFFFF30000000A86
:10079000FFF8100003EFFA0000000005EFFFCB8028
:1007A00001BFFB10000000005ADFFE70008FFE301A
:1007B0000000000000000000005FFF3000000000AB
:1007C00000000000002DE10000000000000000001B
:1007D0000001000000000001CD400000000000000A
:1007E00000000AFFE000000000000000004FFFF8DA
:1007F0000000000000000000DFFFFF10000000000C
:10080000000006FFFFFFA00000000000000EFFFF39
:10081000FFF30000000000008FFB338FFC0000009E
:10082000000002FFF9006FFF60000000000AFFFAFD
:10083000006FFFE0000000004FFFFB007FFFF800AB
:10084000000000DFFFFC008FFFFF10000006FFFF2D
:10085000FD009FFFFFA000000EFFFFFFCBFFFFFF8B
:10086000F300008FFFFFFC008FFFFFFC0002FFFF83
:10087000FFF9004FFFFFFF600AFFFFFFFE42CFFFBF
:10088000FFFFE00FFFFFFFFFFFFFFFFFFFF309FF89
:10089000FFFFFFFFFFFFFFFFD0002333333333336E
:1008A000333333000000000000000140000000006E
:1008B00000000007F90012221000000129FF90FF3C
:1008C000FFE200006FFFFFF8FFFFFE2005FFFFFFC4
:1008D000FD9AADFFD05FFFBDFFE20000CF44FFF9FE
:1008E00008FE200000044FFF9004D200000003FF28
:1008F000FA0000100000003FFFA19106F600000280
:10090000EFFB0CFC08FF60EFFFFFB01DFFFFFFF6E1
:10091000FFFFFC0002EFFFFFFEDDDDB000002DDE7B
:10092000FFF500000000000008FF5000000000007C
:100930000006F500000000000000000000000000BC
:1009400004200000000000005FE20000000000053D
:10095000FFFE20000000006FFFFFE300000006FF25
:10096000FACFFE3000006FFF900CFFE30006FFF9A6
:100970000000CFFE305FFF9000000CFFE2AFF900F7
:10098000000000CFF61B80000000000B9003200049
:1009900000000003206FE2000000005FF2AFFE20C5
:1009A000000005FFF61CFFE300005FFF9001CFFE93
:1009B0003005FFF900001CFFE35FFF90000001CF4E
:1009C000FFFFF9000000001CFFFF90000000000185
:1009D000CFF90000000000001B900000000000267E
:1009E0000000000000000000000002EFA0004444EE
:1009F0004444420000003EFFFA04FFFFFFFFFD00F9
:100A00000003EFFFFFA0AFFFFFFFFE00000EFDEFB2
:100A1000CFF800000005FE00000BE2DF67F50000E4
:100A20000005FE00000000DF600000000005FE0081
:100A3000000000DF600000000005FE00000000DF95
:100A4000600000000415FE03200000DF60000000CD
:100A50006FD6FE4FF10000DF944444413FFFFFFF9B
:100A6000C00000DFFFFFFFFF24FFFFFC1000009F1E
:100A7000FFFFFFFE304FFFC000000000000000003D
:100A80000004FC0000000000000000000000100056
:100A900000178888840000000000CFFFFFFF50008F
:100AA000000000FFFFFFFFF644444430FFFFFFFF5C
:100AB000FFFFFFFFFAFFFFFFFFFFFFFFFFFFFFFF4B
:100AC000FFFFFFFFFFFFFFFFFFFFFFFFFFFFFFFF36
:100AD000FFFFFFFFFFFFFFFFFFFFFFFFFFFFFFFF26
:100AE000FFFFFFFFFFFFFFFFFFFFFFFFFFFFFFFF16
:100AF000FFFFFFFFFFFFFFFFFFFFFFFFFFFFFFFF06
:100B0000FFFFFFFFFFFF7FFFFFFFFFFFFFFFF6007D
:100B1000000000470000000000000004FF900000FB
:100B2000000000004FFFF9000000000004FFFFFF7D
:100B300090000000004FFFFFFFF900000004FFFFDE
:100B4000FFFFFF9000000CFFFFFFFFFFF100000020
:100B5000112FFFF71110000000001FFFF60000002A
:100B60000000001FFFF60000000000001FFFF6005D
:100B700000000000001FFFF60000002444421FFF99
:100B8000F6244442FFFFFC08BBA2CFFFFFFFFFFF9C
:100B9000A5555AFFFFFFFFFFFFFFFFFFFFFFFFFF0E
:100BA000FFFFFFFFFF66C4FFDFFFFFFFFFFFFFFF49
:100BB000FD00000000000000000000000000000038
:100BC00002B841000000000000009FFFFB00000091
:100BD0000000001FFFFFF0000000000007FFFFFE05
:100BE000000000000000DFFFFFC000000000000C5C
:100BF000FFFFF90000000000000AFFFF50000000A6
:100C00000000000CFFF100000000000003FFFA00EC
:100C1000000000000000DFFF20000000000000AF27
:100C2000FF90000004A50000AFFFD000007DFFF49E
:100C300002CFFFE20000DFFFFFE9FFFFF300000D3E
:100C4000FFFFFFFFFFE20000009FFFFFFFFFA1008B
:100C5000000006FFFFFFFC40000000002FFFFD83A7
:100C60000000000000002320000000000000000041
:100C7000352000000000001CFFFA0000019CA1AF1D
:100C8000FEFF60002EFFF9EF60AFB003EFFFB0EFA3
:100C900092CF903EFFFA007FFFFFE6FFFFA0000823
:100CA000FFFFFFFFFA00000001CFFFFFA0000000E0
:100CB000003FFFFF1000000036EFFFFFD100001CD7
:100CC000FFFFFFFFFD1000AFFEFFC2DFFFD100EF0F
:100CD00060AFA01CFFFD20EF92CFA000CFFFE27F0E
:100CE000FFFF40000BFFF908FFE50000005850002F
:100CF0000100000000000000006FFFFFF16800002D
:100D000000AFFFFFF17F800000AFFFFFF17FF836FB
:100D100062AFFFFFF13666FFF6AFFFFFF62222FF5C
:100D2000F6AFFFFFFFFFFEFFF6AFFFFFFFFFFEFF87
:100D3000F6AFFFFFFFFFFEFFF6AFFFFFFFFFFEFF77
:100D4000F6AFFFFFFFFFFEFFF6AFFFFFFFFFFEFF67
:100D5000F6AFFFFFFFFFFEFFF6AFFFFFFFFFFEFF57
:100D6000F6AFFFFFFFFFFEFFF76FFFFFFFFFFAFF8A
:100D7000FE300000000000FFFFFFFFFFF10000EF6A
:100D8000FFFFFFFFF000001444444444200000052E
:100D900066666666640000CFFFFFFFFFFF9000FFFE
:100DA000EDDDDDDDEFF900FF400000000FFF90FFFB
:100DB000400000000EFFF6FF400000000EFFF9FFAC
:100DC000400000000FFFF9FFFFFFFFFFFFFFF9FFEB
:100DD000FFFFFFFFFFFFF9FFFFFFC57FFFFFF9FFE9
:100DE000FFFE0005FFFFF9FFFFFA0001FFFFF9FF1B
:100DF000FFFD0004FFFFF9FFFFFF934DFFFFF9FF29
:100E0000FFFFFFFFFFFFF88FFFFFFFFFFFFFE30183
:100E1000222222222221007999999999999995FF64
:100E2000FFFFFFFFFFFFFCDFFFFFFFFFFFFFFA00F9
:100E300000000000000000000000000000000000B2
:100E400000000000000000EFFFFFFFFFFFFFFAFFC0
:100E5000FFFFFFFFFFFFFB68888888888888840081
:100E6000000000000000000000000000000000671B
:100E700077777777777774FFFFFFFFFFFFFFFBEF51
:100E8000FFFFFFFFFFFFFA0000000000000000036B
:100E90004444444444444430AFFFFFFFFFFFFFFF9E
:100EA000FAFFFFFFFFFFFFFFFFFFCFFFFFFFFFFF87
:100EB000FFFFFC0AFFFFFFFFFFFFFFA0A16FFFFF87
:100EC000FFFFFFF63DFE42DFFFFFFFFD26FFFFF9BC
:100ED00019FFFFFF91BFFFFFFFD35FFFE54EFFFF4D
:100EE000FFFFFF719917FFFFFFFFFFFFFD77DFFF98
:100EF000FFFFFFFFFFFFFFFFFFFFFFFFFFFFFFFF02
:100F0000FFFFFFFF7FFFFFFFFFFFFFFFF600AFFFC9
:100F1000FFA000000FFFFFFB000001FFFFFF6000CC
:100F2000003FFFFFF1000005FFFFFB0000008FFF07
:100F3000FFA555400AFFFFFFFFFF30CFFFFFFFFF78
:100F4000C00EFFFFFFFFF300EFFFFFFFFA000122DB
:100F500023FFFF100000004FFF7000000008FFE0BB
:100F600000000000CFF5000000000FFC00000000B2
:100F700003FF30000000007F900000000007E10048
:100F800000000000000000000000008D9000000044
:100F9000008BBCFAFDBB900000FFFFD0CFFFF1003B
:100FA00000FFFFF8FFFFF10000FFFFFFFFFFF10070
:100FB00000FFFFF30000000000FFFF95FFFFF17945
:100FC00000FFFF88FFFFF17FB0FFFF88FFFFF17F89
:100FD000FAFFFF88FFFFF20221FFFF88FFFFFFDD1E
:100FE000DCFFFF88FFFFFFFFFEFFFF88FFFFFFFF23
:100FF000FEFFFF88FFFFFFFFFE7AAA58FFFFFFFFFB
:10100000FE000008FFFFFFFFFE000008FFFFFFFFDC
:10101000FE000006FFFFFFFFFC00000000000000D4
:101020000000000008600000000000003FF0000029
:1010300000000006CFFA4000000001CFFFFFF900DA
:1010400000000CFFFFFFFF8000005FFFFFFFFFF1CC
:1010500000009FFFFFFFFFF50000BFFFFFFFFFF74E
:101060000000CFFFFFFFFFF80000EFFFFFFFFFFAD8
:101070000002FFFFFFFFFFFE0008FFFFFFFFFFFF73
:10108000403FFFFFFFFFFFFFD1EFFFFFFFFFFFFF2D
:10109000FAAFFFFFFFFFFFFFF700000000000000B6
:1010A00000000004FFFF000000000000BFF7000088
:1010B0000000000002100000000444444444444482
:1010C0004444410BFFFFFFFFFFFFFFFFFFE0FFFF77
:1010D000FFFFFFFFFFFFFFFF3FF404D02F00F303EC
:1010E000F00FF4FF405D02F00F404F00FF4FFFFF95
:1010F000FFFFFFFFFFFFFFF4FFFF22B729A24F42D0
:10110000CFFF4FFFF00A607902F20BFFF4FFFFDD23
:10111000FEDFFDEFEDFFFF4FF848E444444447F4A1
:101120005FF4FF404D000000003E00FF4FF748E431
:1011300044444447F44FF4FFFFFFFFFFFFFFFFFF6E
:10114000FF37FFFFFFFFFFFFFFFFFFA000000000D2
:1011500000000000000000000000000000018B30D3
:1011600000000000000002AFFFD0000000000003FC
:10117000BFFFFFD00000000005CFFFFFFF700000A1
:101180000006DFFFFFFFFE00000017EFFFFFFFFF7D
:10119000F8000029FFFFFFFFFFFFF10007FFFFFF3F
:1011A000FFFFFFFF90000FFFFFFFFFFFFFFF20008B
:1011B0000BFFFFFFFFFFFFFB0000005666667FFF8F
:1011C000FFF30000000000002FFFFFC00000000040
:1011D00000002FFFFF500000000000002FFFFD0067
:1011E0000000000000002FFFF600000000000000DB
:1011F0002FFFE0000000000000001FFF7000000053
:10120000000000000CFD00000000000000000030A5
:101210000000000058888887060000FFFFFFFE0FCF
:101220009000FFFFFFFE0FF900FFFFFFFE0FFF9092
:10123000FFFFFFFE0FFFF5FFFFFFFF322221FFFF41
:10124000FFFFFFFFF8FFFFFFFFFFFFF8FFFFFFFFBC
:10125000FFFFF8FFFFFFFFFFFFF8FFFFFFFFFFFFAC
:10126000F8FFFFFFFFFFFFF8FFFFFFFFFFFFF8FFA3
:10127000FFFFFFFFFFF8FFFFFFFFFFFFF8FFFFFF8C
:10128000FFFFFFF8FFFFFFFFFFFFF8EFFFFFFFFF8C
:10129000FFF61444444444443000000000000000C1
:1012A00000000000000000003689A9741000000052
:1012B000000029EFFFFFFFFFC600000001AFFFFFA6
:1012C000FFFFFFFFFE600006FFFFFC7543469EFF29
:1012D000FFB108FFFE710000000003CFFFE2CFFA6C
:1012E000100000000000004EFF40B6000059DEFE76
:1012F000C720001B50000005DFFFFFFFFFA100001B
:10130000000009FFFFFEDEFFFFE300000000DFFC3E
:101310004000028FFF5000000001B6000000001BDB
:101320006000000000000000350000000000000028
:101330000000007FFE1000000000000000000EFF13
:10134000F6000000000000000000DFFF5000000079
:10135000000000000004FFB00000000000000000DA
:10136000000010000000000004444444444444448D
:101370004444100AFFFFFFFFFFFFFFFFFFFE10FFC7
:10138000FFFFFFFFFFFFFFFFFFF50FF4000000006E
:1013900000000000FFF3FF4AFFFFFFFFFFFFFF0F0A
:1013A000FF5FF4AFFFFFFFFFFFFFF03FF5FF4AFFD6
:1013B000FFFFFFFFFFFF00EF5FF4AFFFFFFFFFFF47
:1013C000FFF08FF5FF45888888888888880FFF5F41
:1013D000F74444444444444445FFC1FFFFFFFFFF3A
:1013E000FFFFFFFFFFF506EFFFFFFFFFFFFFFFFF20
:1013F000FB0004444444444444444444100AFFFF72
:10140000FFFFFFFFFFFFFFFE10FFFFFFFFFFFFFFDC
:10141000FFFFFFF50FF40000000000000000FFF3E5
:10142000FF4DFFFFFFFFFF60000FFF5FF4DFFFFFD7
:10143000FFFFF600003FF5FF4DFFFFFFFFFF6000DD
:1014400000EF5FF4DFFFFFFFFFF600008FF5FF46C0
:10145000888888888830000FFF5FF74444444444FC
:10146000444445FFC1FFFFFFFFFFFFFFFFFFFFF504
:1014700006EFFFFFFFFFFFFFFFFFFB0004444444B4
:10148000444444444444100AFFFFFFFFFFFFFFFFB2
:10149000FFFE10FFFFFFFFFFFFFFFFFFFFF50FF451
:1014A0000000000000000000FFF3FF4CFFFFFFF111
:1014B0000000000FFF5FF4CFFFFFFF100000003FB0
:1014C000F5FF4CFFFFFFF100000000EF5FF4CFFFDE
:1014D000FFFF100000008FF5FF468888888000001D
:1014E000000FFF5FF74444444444444445FFC1FFB8
:1014F000FFFFFFFFFFFFFFFFFFF506EFFFFFFFFF0F
:10150000FFFFFFFFFB00044444444444444444447C
:10151000100AFFFFFFFFFFFFFFFFFFFE10FFFFFFAF
:10152000FFFFFFFFFFFFFFF50FF4000000000000CA
:101530000000FFF3FF49FFFE00000000000FFF5F07
:10154000F49FFFE000000000003FF5FF49FFFE00B0
:101550000000000000EF5FF49FFFE00000000000CB
:101560008FF5FF44888700000000000FFF5FF744FD
:1015700044444444444445FFC1FFFFFFFFFFFFFFD5
:10158000FFFFFFF506EFFFFFFFFFFFFFFFFFFB0081
:1015900004444444444444444444100AFFFFFFFFCD
:1015A000FFFFFFFFFFFE10FFFFFFFFFFFFFFFFFF3B
:1015B000FFF50FF40000000000000000FFF3FF4003
:1015C000000000000000000FFF5FF40000000000BA
:1015D0000000003FF5FF400000000000000000EFA9
:1015E0005FF400000000000000008FF5FF400000E5
:1015F00000000000000FFF5FF744444444444444AB
:1016000045FFC1FFFFFFFFFFFFFFFFFFFFF506EFF5
:10161000FFFFFFFFFFFFFFFFFB00000000000000D7
:1016200078100000000000000000269FFD00000070
:1016300000000000004FEFFFF0000000000000007D
:101640000E802EF70000000000200006E0000000E1
:1016500000000003EFE300D70000000002A100CF6C
:10166000FFD49F55555555557FF70FFFFFFFFFFFDF
:10167000FFFFFFFFFFF5AFFFA0000BB00000003F32
:10168000B2009C9000003F300000015000000000BC
:101690000000BB02BBB50000000000000002F99F83
:1016A000FF800000000000000003BDFFF800000004
:1016B0000000000000003FFF80000000000000006C
:1016C0000000000000000000017BDDB82000005F8A
:1016D000FFDFFFF60004FFFF68FFFF400EFFFF6023
:1016E0009FFFD04FFFFF6009FFF38FF6BF61C09FE0
:1016F000F7BFF60B60E25FF9DFFF502033FFFBEF2F
:10170000FFF5002EFFFCEFFFFC007FFFFCDFFFD1A9
:101710000009FFFCCFFC145090AFFBAFF24F60F319
:101720002FF96FFDFF7052EFF61FFFFF702EFFF1D4
:1017300009FFFF72EFFF9000BFFFAEFFFD10000535
:10174000CFFFFD80000000001100000000000588B0
:101750008830000056667FFFFFE66663FFFFFFFFED
:10176000FFFFFFFBCDDDDDDDDDDDDDD803444444DF
:10177000444444200EFFFFFFFFFFFFA00EFFFFFFCA
:10178000FFFFFFA00EFF1FF6AFC4FFA00EFF0FF577
:101790009FB3FFA00EFF0FF59FB3FFA00EFF0FF545
:1017A0009FB3FFA00EFF0FF59FB3FFA00EFF0FF535
:1017B0009FB3FFA00EFF0FF59FB3FFA00EFF0FF525
:1017C0009FB3FFA00EFF1FF6AFC4FFA00DFFFFFFEA
:1017D000FFFFFF9008FFFFFFFFFFFF40002444448E
:1017E00044443100000000000000008A3000000086
:1017F00000000000BFFF30000000000000BFFFFF3E
:1018000030000000000034FFFFFD0000000000BFBA
:1018100044FFFFE000000000BFFF44FFF4000000B1
:1018200000BFFFFF44F400000000BFFFFFFF4100C6
:10183000000000BFFFFFFFF400000000BFFFFFFF3C
:10184000F400000000BFFFFFFFF400000000BFFF36
:10185000FFFFF400000000BFFFFFFFF400000000E6
:101860008FFFFFFFF4000000000AFFFFFFF40000FD
:10187000000000CFFFFFF400000000000EFFFFF4A7
:10188000000000000000FFFFD40000000000000284
:101890003100000000000000000000005788888828
:1018A00088888872000000AFFFFFFFFFFFFFFFF294
:1018B0000000BFFFFFFFFFFFFFFFFF7000BFFFFF44
:1018C000F8AFFFA8FFFFF800BFFFFFFA00AFA00AC4
:1018D000FFFF80BFFFFFFFF3006003FFFFF8AFFFD4
:1018E000FFFFFFF30003FFFFFF8EFFFFFFFFFF90EF
:1018F000009FFFFFF84FFFFFFFFFA00000AFFFFFBB
:10190000804FFFFFFFB003E300BFFFF8004FFFFF72
:10191000FE23FFF32EFFFF80004FFFFFFEFFFFFEC1
:10192000FFFFF700004FFFFFFFFFFFFFFFFF50002B
:10193000003DFFFFFFFFFFFFFF900001CFFFFFFE15
:1019400060001CFFFFFFFFF200CF47F4D84FF50CFB
:10195000FF03E0C50EF5CFFF03E0C50EF5FFFF2442
:10196000E2C62EF5FFFFFFFFFFFFF5FFFFFFFFFFC2
:10197000FFF5FFFFFFFFFFFFF5FFFFFFFFFFFFF595
:10198000FFFFFFFFFFFFF5FFFFFFFFFFFFF5FFFF7B
:10199000FFFFFFFFF5FFFFFFFFFFFFF5FFFFFFFF6B
:1019A000FFFFF5FFFFFFFFFFFFF5EFFFFFFFFFFF6B
:1019B000F35FFFFFFFFFFFA00134444444420000F7
:1019C0000000000000000003000000000000000014
:1019D00005F10000000000000005FF10003E90002F
:1019E000000000BFF1004FFB000000000BFF105F84
:1019F000FFB000000000BFF16FFFFFFFFFFFFFFF20
:101A0000FF1DFFFFFFFFFFFFFFFFF13EFFFECCCCFE
:101A1000CCCCCCCA002EFFB0000000000000001D9E
:101A2000FB00000000000000001B60000000000040
:101A30000062696E0042494E00494D4147450049E8
:101A40004D4147455F484541444552000801020465
:101A500008010204081820201018101010100800A7
:101A60002010000000000000000000001000000036
:101A7000000000000000040606060C0C3539E52FB6
:101A80002FD32828C61C1CB7601BD85B18C257145C
:101A9000AD4F0E88AA248EA21F7B9A1B6A8C144A13
:101AA000B1355EA82D51A02745921B31AB49399F16
:101AB0003F309335287E231AE5881ED27619C065FB
:101AC00015A1470DE59B03D18802BD77029B570105
:101AD000C1AC00A797008F83006460007B89006B16
:101AE00079005C6900404D0047A0433C8E38327D50
:101AF0002E205E1B42B37C389F682F8B551E6933A6
:101B000033CAC02BB4AF249D9E17778235D8FD2DE4
:101B1000C0FB25A8F9177FF500B3FF00A0FF008FD9
:101B2000FF006FFF008CFB007CF5006CEF0051E6BE
:101B30001E51F4194AE61543D80C36BF414C6D3797
:101B4000405D2E344E23273E7A6E54645A454F47EB
:101B50003738322675757561616142424221212113
:101B60005053EF7373E59A9AEFD2CDFFEEEBFF7A05
:101B700040EC9262F0B18FF4D0BBF8ECE4FCBC47CF
:101B8000ABC868BAD893CEE7BEE1F5E5F3C2577E9D
:101B9000CD7595DB9DB3E9C4D1F6E7EDC06B5CCBA9
:101BA0008679DAA89FE9CAC5F6EAE8F5A542F6B54E
:101BB00064F9CA90FBDEBBFDF2E3F6B629F7C34F2A
:101BC000FAD481FCE5B3FEF5E1DAC626E1D04DEAB0
:101BD000DE80F2EBB2FAF7E09AA626ACB64DC4CBA3
:101BE00080DBDFB2F1F2E06ABB6684C781A7D6A5CD
:101BF000C9E6C8E9F5E865CC9C81D5AEA5E1C5C8C4
:101C0000EDDCE9F8F157E1D475E7DC9CEEE6C3F4CE
:101C1000F0E7FBF958EEFF76F1FF9DF5FFC4F9FF01
:101C2000E7FDFF28CAFF4FD5FF82E0FFB3ECFFE1DD
:101C3000F8FF26A7FF4DB7FF80CCFFB2E0FFE0F32F
:101C4000FF4370FF658AFF91ABFFBCCCFFE7E9FB68
:101C5000636E8D7F88A1A4AABCC8CCD7E9EBEF9CAA
:101C60009078AEA490C5BEB0DCD8CFF1EFECBDBD8E
:101C7000BDE0E0E0EEEEEEF5F5F5FAFAFA3643F403
:101C8000631EE9B0279CB73A67B5513FF39621F43C
:101C9000A903D4BC0088960050AF4C4AC38B39DCF2
:101CA000CD3BEBFF07C1FF0098FF2257FF48557956
:101CB0008B7D609E9E9EFFFFFF00040402040404CF
:101CC00004040404000000000006060606060604DC
:101CD00000060606060000000000000000000000EC
:101CE00005020000000000000004000000000000E9
:101CF00000020002020200020002020200000000D4
:101D000000020000000000000002000000000000CF
:101D1000000101050505010500000000100101009A
:101D200000001022220C0C3232320000323210003D
:101D3000000000040404040404040404040404046F
:101D4000040400202C2E3B3A2D5F297D00EF808C6F
:101D5000001D1C6A6B6D6C706E6F7978006C765F1D
:101D6000617263006C765F626172006C765F6275AF
:101D700074746F6E006C765F627574746F6E6D61F3
:101D8000747269780042746E310042746E3200429F
:101D9000746E330042746E340042746E35005375B5
:101DA000004D6F005475005765005468004672007E
:101DB0005361006C765F63616C656E64617200EF05
:101DC000819300EF8194002564202573004A616EA1
:101DD00075617279004665627275617279004D6154
:101DE00072636800417072696C004D6179004A75D8
:101DF0006E65004A756C79004175677573740053A0
:101E0000657074656D626572004F63746F626572B0
:101E1000004E6F76656D62657200446563656D6244
:101E20006572006C765F63616C656E6461725F6899
:101E300065616465725F6172726F7700323032354E
:101E40000A323032340A323032330A323032320A15
:101E5000323032310A323032300A323031390A32DD
:101E60003031380A323031370A323031360A3230C6
:101E700031350A323031340A323031330A323031BE
:101E8000320A323031310A323031300A32303039B0
:101E90000A323030380A323030370A323030360ABF
:101EA000323030350A323030340A323030330A3290
:101EB0003030320A323030310A323030300A313983
:101EC00039390A313939380A313939370A3139392A
:101ED000360A313939350A313939340A3139393329
:101EE0000A313939320A313939310A313939300A4E
:101EF000313938390A313938380A313938370A3105
:101F00003938360A313938350A313938340A3139F5
:101F100038330A313938320A313938310A313938EF
:101F2000300A313937390A313937380A31393737D8
:101F30000A313937360A313937350A313937340AF7
:101F4000313937330A313937320A313937310A31C9
:101F50003937300A313936390A313936380A3139A8
:101F600036370A313936360A313936350A3139369B
:101F7000340A313936330A313936320A3139363199
:101F80000A313936300A313935390A313935380AAA
:101F9000313935370A313935360A313935350A3173
:101FA0003935340A313935330A313935320A313964
:101FB00035310A313935300A313934390A31393459
:101FC000380A313934370A313934360A313934353F
:101FD0000A313934340A313934330A313934320A66
:101FE000313934310A313934300A313933390A312F
:101FF0003933380A313933370A313933360A31390E
:1020000033350A313933340A313933330A3139330C
:10201000320A313933310A313933300A3139323900
:102020000A313932380A313932370A313932360A0F
:10203000313932350A313932340A313932330A31E1
:102040003932320A313932310A313932300A3139D2
:1020500031390A313931380A313931370A313931B8
:10206000360A313931350A313931340A31393133AF
:102070000A313931320A313931310A313931300AD4
:10208000313930390A313930380A313930370A318B
:102090003930360A313930350A313930340A31397C
:1020A00030330A313930320A313930310030310AB7
:1020B00030320A30330A30340A30350A30360A30CA
:1020C000370A30380A30390A31300A31310A3132B0
:1020D000006C765F63616C656E6461725F686561F8
:1020E0006465725F64726F70646F776E006C765FA8
:1020F000636861727400436865636B20626F780087
:102100006C765F636865636B626F7800EF81B8001F
:102110004F7074696F6E20310A4F7074696F6E2052
:10212000320A4F7074696F6E2033006C765F647290
:102130006F70646F776E2D6C697374006C765F647A
:10214000726F70646F776E006C765F696D61676542
:10215000006162630041424300312300EF808D0043
:10216000EF849C00456E74657200EFA2A200EF95AB
:102170009A002B2F2D00370039002B0026003D0040
:1021800025003F003C003E005C00400024007B0036
:102190005B005D003B002200270051005400590005
:1021A0005500490041005300440047004A004B00DD
:1021B0004C005F005A005800560042002C003A00C4
:1021C0007A00760062006C765F6B6579626F61728F
:1021D000640054657874006C765F6C6162656C00B5
:1021E0006C765F6C6564006C765F6C696E65006C24
:1021F000765F6C6973745F74657874006C765F6C7D
:102200006973745F627574746F6E006C765F6C696D
:102210007374006C765F6D656E755F736570617267
:1022200061746F72006C765F6D656E755F73656368
:1022300074696F6E006C765F6D656E755F636F6E4F
:1022400074006C765F6D656E755F70616765006CBC
:10225000765F6D656E75006C765F6D7367626F7823
:102260005F6261636B64726F70006C765F6D736741
:10227000626F785F6865616465725F627574746FC0
:102280006E006C765F6D7367626F785F666F6F74F8
:1022900065725F627574746F6E006C765F6D7367E4
:1022A000626F785F666F6F746572006C765F6D73D6
:1022B00067626F785F636F6E74656E74006C765FD3
:1022C0006D7367626F785F686561646572006C76D4
:1022D0005F6D7367626F78004F7074696F6E203145
:1022E0000A4F7074696F6E20320A4F7074696F6E96
:1022F00020330A4F7074696F6E20340A4F7074690E
:102300006F6E2035006C765F726F6C6C65725F6CFF
:102310006162656C006C765F726F6C6C6572006CEC
:10232000765F7363616C65006C765F736C6964657E
:1023300072006C765F7370696E626F78006C765FA6
:102340007370696E6E6572006C765F737769746323
:1023500068006C765F7461626C65006C765F7461B6
:10236000627669657700E280A2006C765F746578BA
:102370007461726561006C765F74696C65006C767F
:102380005F74696C6576696577006C765F77696EF6
:10239000006C76676C5F666C7573685F74687265F5
:1023A0006164006C76676C5F706F696E7465720053
:1023B00048616C74696E672073797374656D00553C
:1023C0006E6B6E6F776E206572726F7200756E6BDA
:1023D0006E6F776E003E3E3E205A4550485952205F
:1023E000464154414C204552524F522025643A20D8
:1023F0002573206F6E20435055202564004661757B
:102400006C7420647572696E6720696E746572728F
:102410007570742068616E646C696E670A0043753C
:102420007272656E74207468726561643A202570FA
:102430002028257329004350552065786365707402
:10244000696F6E00556E68616E646C656420696EBC
:102450007465727275707400537461636B206F766B
:102460006572666C6F77004B65726E656C206F6F7E
:102470007073004B65726E656C2070616E696300ED
:102480006F7300737973776F726B71002A2A2A2039
:10249000426F6F74696E67205A6570687972204F59
:1024A00053206275696C642076342E322E302D32C2
:1024B0003230322D67303731623537316261343036
:1024C00031202A2A2A0A00286E756C6C29002A6697
:0824D0006C6F61742A0000002A
:1024D80000000000000000000000000000000000F4
:1024E8005DC70108000000000000000000000000B7
:1024F800200000242000002439DF0108000000002B
:1025080000000000000000000000000000000000C3
:1025180040000024400000240000000001000000EA
:1025280050000024500000240000000001000000BA
:102538000000000000000000000000000000000093
:102548000000000000000000000000000000000083
:102558000000000000000000000000000000000073
:102568000000000000000000000000000000000063
:102578000000000000000000000000000000000053
:1025880000000000000000005DC701080000000016
:102598000000000000000000C8000024C80000245B
:1025A80039DF010800000000000000000000000002
:1025B8000000000000000000E8000024E8000024FB
:1025C8000000000001000000F8000024F8000024CA
:1025D80000000000010000000000000000000000F2
:1025E80000000000000000000000000000000000E3
:1025F80000000000000000000000000000000000D3
:1026080000000000000000000000000000000000C2
:1026180000000000000000000000000000000000B2
:1026280000000000000000000000000000000000A2
:102638005DC7010800000000000000000000000065
:10264800700100247001002439DF01080000000037
:102658000000000000000000000000000000000072
:1026680090010024900100240000000001000000F7
:10267800A0010024A00100240000000001000000C7
:102688000000000000000000000000000000000042
:102698000000000000000000000000000000000032
:1026A8000000000000000000000000000000000022
:1026B8000000000000000000000000000000000012
:1026C8000000000000000000FFFFFFFFFFFFFFFF0A
:1026D800FFFFFFFF010000000DD5010847DA0108E0
:1026E800B06E030800000000000000500000000069
:1026F80000000000000000000000000000000000D2
:1027080000000000000000000000000000000000C1
:1027180000000000000100000000000000000000B0
:1027280000000000000000000000000000000000A1
:102738000000000000000000000000000000000091
:102748000000000000000000000000000000000081
:1027580000000000400000004000000000000000F1
:102768000000000000000000000000000000000061
:1027780000000000000000006400000005000000E8
:102788000000000000000000000000000000000041
:102798002FDE0108000000000000000000100050BB
:1027A8000000000000000000000000000000000021
:1027B8000100000077000000230000000D01000068
:1027C80043030000ED0200006503000083030000DE
:1027D80000000000000000002003000000000000CE
:1027E800E001000000000000FF0000000000000001
:1027F800000600000700000000E02ED020030000C3
:10280800E0010000000000000000000000000000DF
:1028180000000000000000000000000000000000B0
:1028280000000000000000000000000000000000A0
:102838000000000000000000000000000000000090
:10284800000000000000000000E02ED0007017001B
:1028580000E02ED000E02ED00000000000000000B4
:10286800000000000000000000000000A003002499
:10287800004B00000001030000000000B00300242A
:1028880000C20100000103000090D003C28D0308BC
:10289800728D0308228D0308008D0308C28D03087A
:1028A800C28D0308C28D0308C28D03080000000012
:1028B800000000003085030880840308D0830308E3
:1028C8007C830308308503083085030830850308B6
:1028D800308503080000000000000000C800000068
:1028E8001004002410040024FF00FF00FF00FF0074
:1028F800FF00FF00FF00FF00FF00FF00FF00FF00D8
:08290800FF00FF00FF00FF00CB
:1029100000000000000000000000000000000000B7
:1029200000000000000000000000000000000000A7
:102930000000000000000000000000000000000097
:0829400000000000000000008F
:10294800000000000000000000000000000000007F
:10295800000000000000000000000000000000006F
:10296800000000000000000000000000000000005F
:08297800000000000000000057
:042980000000000053
:102984000000000080D200240000010000000000CC
:04299400000000003F
:10299800C0040024C0040024180000000100000046
:1029A80050D8012468D8012450D8012450D80124D3
:1029B8000000000000000000E8040024E8040024EF
:1029C8000C0000001000000088D5012448D601241E
:1029D80088D5012488D501240000000000000000EB
:1029E8001005002410050024340000000A0000002F
:1029F80048D6012450D8012448D6012448D60124B9
:102A080000000000000000003805002438050024FC
:102A1800610000000800000080D2012488D501244C
:102A280080D2012480D201240000000000000000B0
:102A3800600500246005002400000000010000007B
:102A4800700500247005002400000000010000004B
:102A5800800500248005002400000000010000001B
:042A680015E015E080
:0400000508002E9928
:00000001FF
